view,kind,lag,layer,head,value,count
post_rope,k,1,0,-1,0.9992723137140274,80
post_rope,k,1,0,0,0.999778401851654,20
post_rope,k,1,0,1,0.9990510731935501,20
post_rope,k,1,0,2,0.9993256688117981,20
post_rope,k,1,0,3,0.9989340841770172,20
post_rope,k,1,1,-1,0.9545508772134781,80
post_rope,k,1,1,0,0.9995143204927445,20
post_rope,k,1,1,1,0.9299845606088638,20
post_rope,k,1,1,2,0.9410273313522339,20
post_rope,k,1,1,3,0.9476772785186768,20
post_rope,k,1,2,-1,0.8913127362728119,80
post_rope,k,1,2,0,0.7175552725791932,20
post_rope,k,1,2,1,0.9700630128383636,20
post_rope,k,1,2,2,0.9461966842412949,20
post_rope,k,1,2,3,0.9314359694719314,20
post_rope,k,1,3,-1,0.9319424241781235,80
post_rope,k,1,3,0,0.9928499966859817,20
post_rope,k,1,3,1,0.8278272837400437,20
post_rope,k,1,3,2,0.933218851685524,20
post_rope,k,1,3,3,0.9738735616207123,20
post_rope,k,1,4,-1,0.7931587636470795,80
post_rope,k,1,4,0,0.8445774793624878,20
post_rope,k,1,4,1,0.5898540586233139,20
post_rope,k,1,4,2,0.8831493109464645,20
post_rope,k,1,4,3,0.8550542145967484,20
post_rope,k,1,5,-1,0.837437915802002,80
post_rope,k,1,5,0,0.8889496386051178,20
post_rope,k,1,5,1,0.8855901509523392,20
post_rope,k,1,5,2,0.7939225822687149,20
post_rope,k,1,5,3,0.7812893092632294,20
post_rope,k,1,6,-1,0.8809567987918854,80
post_rope,k,1,6,0,0.7996306419372559,20
post_rope,k,1,6,1,0.8953215986490249,20
post_rope,k,1,6,2,0.9616898864507675,20
post_rope,k,1,6,3,0.8671850591897965,20
post_rope,k,1,7,-1,0.902669495344162,80
post_rope,k,1,7,0,0.8960240572690964,20
post_rope,k,1,7,1,0.8751622051000595,20
post_rope,k,1,7,2,0.9081434905529022,20
post_rope,k,1,7,3,0.9313482582569123,20
post_rope,k,1,8,-1,0.8132081091403961,80
post_rope,k,1,8,0,0.8278868496417999,20
post_rope,k,1,8,1,0.8754427105188369,20
post_rope,k,1,8,2,0.8451346307992935,20
post_rope,k,1,8,3,0.7043682634830475,20
post_rope,k,1,9,-1,0.8630876332521439,80
post_rope,k,1,9,0,0.8640287518501282,20
post_rope,k,1,9,1,0.8510048687458038,20
post_rope,k,1,9,2,0.8789361268281937,20
post_rope,k,1,9,3,0.8583807468414306,20
post_rope,k,1,10,-1,0.8634962260723114,80
post_rope,k,1,10,0,0.8772997260093689,20
post_rope,k,1,10,1,0.8607676357030869,20
post_rope,k,1,10,2,0.8643193215131759,20
post_rope,k,1,10,3,0.8515981882810593,20
post_rope,k,1,11,-1,0.808773523569107,80
post_rope,k,1,11,0,0.8016503721475601,20
post_rope,k,1,11,1,0.7853831857442856,20
post_rope,k,1,11,2,0.8339132696390152,20
post_rope,k,1,11,3,0.8141472905874252,20
post_rope,k,1,12,-1,0.7944246590137481,80
post_rope,k,1,12,0,0.9067534744739533,20
post_rope,k,1,12,1,0.717706735432148,20
post_rope,k,1,12,2,0.7959292650222778,20
post_rope,k,1,12,3,0.757309153676033,20
post_rope,k,1,13,-1,0.8951133698225021,80
post_rope,k,1,13,0,0.9710862070322037,20
post_rope,k,1,13,1,0.8320808470249176,20
post_rope,k,1,13,2,0.8989117443561554,20
post_rope,k,1,13,3,0.8783746808767319,20
post_rope,k,1,14,-1,0.7682829052209854,80
post_rope,k,1,14,0,0.7374233812093735,20
post_rope,k,1,14,1,0.7679114192724228,20
post_rope,k,1,14,2,0.792134416103363,20
post_rope,k,1,14,3,0.7756624057888984,20
post_rope,k,1,15,-1,0.8093282014131546,80
post_rope,k,1,15,0,0.7654778599739075,20
post_rope,k,1,15,1,0.8108455628156662,20
post_rope,k,1,15,2,0.7340094819664955,20
post_rope,k,1,15,3,0.9269798964262008,20
post_rope,k,1,16,-1,0.845192876458168,80
post_rope,k,1,16,0,0.8459865629673005,20
post_rope,k,1,16,1,0.8389156937599183,20
post_rope,k,1,16,2,0.799076360464096,20
post_rope,k,1,16,3,0.8967928886413574,20
post_rope,k,1,17,-1,0.8073213130235672,80
post_rope,k,1,17,0,0.8032607883214951,20
post_rope,k,1,17,1,0.8288149327039719,20
post_rope,k,1,17,2,0.7861386731266975,20
post_rope,k,1,17,3,0.8110708713531494,20
post_rope,k,1,18,-1,0.8609977602958679,80
post_rope,k,1,18,0,0.8475313514471055,20
post_rope,k,1,18,1,0.8887534499168396,20
post_rope,k,1,18,2,0.8164187997579575,20
post_rope,k,1,18,3,0.8912874400615692,20
post_rope,k,1,19,-1,0.8683751344680786,80
post_rope,k,1,19,0,0.976359623670578,20
post_rope,k,1,19,1,0.8389795839786529,20
post_rope,k,1,19,2,0.8011732533574104,20
post_rope,k,1,19,3,0.8569880515336991,20
post_rope,k,1,20,-1,0.8377953916788101,80
post_rope,k,1,20,0,0.8563990205526352,20
post_rope,k,1,20,1,0.8431304067373275,20
post_rope,k,1,20,2,0.836189991235733,20
post_rope,k,1,20,3,0.8154621541500091,20
post_rope,k,1,21,-1,0.8712005317211151,80
post_rope,k,1,21,0,0.8551157355308533,20
post_rope,k,1,21,1,0.8961076617240906,20
post_rope,k,1,21,2,0.8740279346704483,20
post_rope,k,1,21,3,0.8595507919788361,20
post_rope,k,1,22,-1,0.8617423087358475,80
post_rope,k,1,22,0,0.8088330566883087,20
post_rope,k,1,22,1,0.8736731231212616,20
post_rope,k,1,22,2,0.8817978262901306,20
post_rope,k,1,22,3,0.8826652407646179,20
post_rope,k,1,23,-1,0.8643061548471451,80
post_rope,k,1,23,0,0.8836363196372986,20
post_rope,k,1,23,1,0.8345032155513763,20
post_rope,k,1,23,2,0.8484991431236267,20
post_rope,k,1,23,3,0.8905858963727951,20
post_rope,k,1,24,-1,0.8647907853126526,80
post_rope,k,1,24,0,0.8259786099195481,20
post_rope,k,1,24,1,0.8783457994461059,20
post_rope,k,1,24,2,0.8859398454427719,20
post_rope,k,1,24,3,0.8688988983631134,20
post_rope,k,1,25,-1,0.85382479429245,80
post_rope,k,1,25,0,0.8939736247062683,20
post_rope,k,1,25,1,0.8433976620435715,20
post_rope,k,1,25,2,0.8186881065368652,20
post_rope,k,1,25,3,0.8592397689819335,20
post_rope,k,1,26,-1,0.823378536105156,80
post_rope,k,1,26,0,0.8520107328891754,20
post_rope,k,1,26,1,0.8037297248840332,20
post_rope,k,1,26,2,0.8505205303430557,20
post_rope,k,1,26,3,0.7872531741857529,20
post_rope,k,1,27,-1,0.8796249866485596,80
post_rope,k,1,27,0,0.8552480250597,20
post_rope,k,1,27,1,0.9998921394348145,20
post_rope,k,1,27,2,0.8284611999988556,20
post_rope,k,1,27,3,0.8348985940217972,20
post_rope,k,2,0,-1,0.9991668462753296,72
post_rope,k,2,0,0,0.9996360639731089,18
post_rope,k,2,0,1,0.9988967544502683,18
post_rope,k,2,0,2,0.999197953277164,18
post_rope,k,2,0,3,0.9989366266462538,18
post_rope,k,2,1,-1,0.8948332832919227,72
post_rope,k,2,1,0,0.9990829163127475,18
post_rope,k,2,1,1,0.8472804327805837,18
post_rope,k,2,1,2,0.8365245891941918,18
post_rope,k,2,1,3,0.8964451650778452,18
post_rope,k,2,2,-1,0.8422645794020759,72
post_rope,k,2,2,0,0.5951942801475525,18
post_rope,k,2,2,1,0.9492909179793464,18
post_rope,k,2,2,2,0.9225634237130483,18
post_rope,k,2,2,3,0.9020097023910947,18
post_rope,k,2,3,-1,0.8975781434112124,72
post_rope,k,2,3,0,0.988190190659629,18
post_rope,k,2,3,1,0.7435613009664748,18
post_rope,k,2,3,2,0.9036437571048737,18
post_rope,k,2,3,3,0.95491733484798,18
post_rope,k,2,4,-1,0.6800981925593482,72
post_rope,k,2,4,0,0.7358527481555939,18
post_rope,k,2,4,1,0.4332093099753062,18
post_rope,k,2,4,2,0.8209726744227939,18
post_rope,k,2,4,3,0.7303580145041147,18
post_rope,k,2,5,-1,0.7545186380545298,72
post_rope,k,2,5,0,0.8421188692251841,18
post_rope,k,2,5,1,0.8260386950439877,18
post_rope,k,2,5,2,0.6814470887184143,18
post_rope,k,2,5,3,0.6684698992305331,18
post_rope,k,2,6,-1,0.7999892003006406,72
post_rope,k,2,6,0,0.6418569982051849,18
post_rope,k,2,6,1,0.8342962198787265,18
post_rope,k,2,6,2,0.9369384580188327,18
post_rope,k,2,6,3,0.7868651184770796,18
post_rope,k,2,7,-1,0.8474740650918748,72
post_rope,k,2,7,0,0.8394613034195371,18
post_rope,k,2,7,1,0.802994406885571,18
post_rope,k,2,7,2,0.8611748483445909,18
post_rope,k,2,7,3,0.8862656818495857,18
post_rope,k,2,8,-1,0.7441239390108321,72
post_rope,k,2,8,0,0.7595522238148583,18
post_rope,k,2,8,1,0.8294029699431525,18
post_rope,k,2,8,2,0.7897736761305068,18
post_rope,k,2,8,3,0.5977669275469251,18
post_rope,k,2,9,-1,0.8147596021493276,72
post_rope,k,2,9,0,0.812718907992045,18
post_rope,k,2,9,1,0.8117278284496732,18
post_rope,k,2,9,2,0.8279244866636064,18
post_rope,k,2,9,3,0.80666716893514,18
post_rope,k,2,10,-1,0.8093679116831886,72
post_rope,k,2,10,0,0.8148543470435672,18
post_rope,k,2,10,1,0.8148590988583035,18
post_rope,k,2,10,2,0.8121026621924506,18
post_rope,k,2,10,3,0.7956555353270637,18
post_rope,k,2,11,-1,0.7405104405350156,72
post_rope,k,2,11,0,0.7009630103905996,18
post_rope,k,2,11,1,0.7237904998991225,18
post_rope,k,2,11,2,0.7714792622460259,18
post_rope,k,2,11,3,0.765809029340744,18
post_rope,k,2,12,-1,0.748465379079183,72
post_rope,k,2,12,0,0.8839944203694662,18
post_rope,k,2,12,1,0.6699428227212694,18
post_rope,k,2,12,2,0.7504062917497423,18
post_rope,k,2,12,3,0.6895179781648848,18
post_rope,k,2,13,-1,0.8581586645709144,72
post_rope,k,2,13,0,0.9632456766234504,18
post_rope,k,2,13,1,0.7448739806811014,18
post_rope,k,2,13,2,0.8738328384028541,18
post_rope,k,2,13,3,0.8506821393966675,18
post_rope,k,2,14,-1,0.7001140746805403,72
post_rope,k,2,14,0,0.6122087140878042,18
post_rope,k,2,14,1,0.7318164772457547,18
post_rope,k,2,14,2,0.7378187345133888,18
post_rope,k,2,14,3,0.7186123198933072,18
post_rope,k,2,15,-1,0.7338333527247111,72
post_rope,k,2,15,0,0.702466391854816,18
post_rope,k,2,15,1,0.6883411076333787,18
post_rope,k,2,15,2,0.6388096544477675,18
post_rope,k,2,15,3,0.9057162205378214,18
post_rope,k,2,16,-1,0.7972353564368354,72
post_rope,k,2,16,0,0.8094929887188805,18
post_rope,k,2,16,1,0.7687749167283376,18
post_rope,k,2,16,2,0.752249128288693,18
post_rope,k,2,16,3,0.8584243688318465,18
post_rope,k,2,17,-1,0.7451018691062927,72
post_rope,k,2,17,0,0.7435566816065047,18
post_rope,k,2,17,1,0.7567263212468889,18
post_rope,k,2,17,2,0.7317902859714296,18
post_rope,k,2,17,3,0.7483341693878174,18
post_rope,k,2,18,-1,0.8182661467128329,72
post_rope,k,2,18,0,0.7971974346372817,18
post_rope,k,2,18,1,0.85594818327162,18
post_rope,k,2,18,2,0.7718573146396213,18
post_rope,k,2,18,3,0.8480616675482856,18
post_rope,k,2,19,-1,0.8143514328532748,72
post_rope,k,2,19,0,0.9671331014898088,18
post_rope,k,2,19,1,0.7514732877413431,18
post_rope,k,2,19,2,0.7223873171541426,18
post_rope,k,2,19,3,0.8164120515187582,18
post_rope,k,2,20,-1,0.7752091156111823,72
post_rope,k,2,20,0,0.8000681102275848,18
post_rope,k,2,20,1,0.7818356222576566,18
post_rope,k,2,20,2,0.7758365107907189,18
post_rope,k,2,20,3,0.743096242348353,18
post_rope,k,2,21,-1,0.8079031540287865,72
post_rope,k,2,21,0,0.7902547352843814,18
post_rope,k,2,21,1,0.8585609131389194,18
post_rope,k,2,21,2,0.7774026095867157,18
post_rope,k,2,21,3,0.8053943415482839,18
post_rope,k,2,22,-1,0.7801436020268334,72
post_rope,k,2,22,0,0.6923940281073252,18
post_rope,k,2,22,1,0.7930279672145844,18
post_rope,k,2,22,2,0.8214802609549628,18
post_rope,k,2,22,3,0.8136721319622464,18
post_rope,k,2,23,-1,0.7816864252090454,72
post_rope,k,2,23,0,0.821536123752594,18
post_rope,k,2,23,1,0.7237664527363248,18
post_rope,k,2,23,2,0.7552877929475572,18
post_rope,k,2,23,3,0.8261553446451823,18
post_rope,k,2,24,-1,0.7775266369183859,72
post_rope,k,2,24,0,0.6940214898851182,18
post_rope,k,2,24,1,0.8199630743927426,18
post_rope,k,2,24,2,0.8145192431079017,18
post_rope,k,2,24,3,0.7816027502218882,18
post_rope,k,2,25,-1,0.7667552265856001,72
post_rope,k,2,25,0,0.8282093769974179,18
post_rope,k,2,25,1,0.7604881144232221,18
post_rope,k,2,25,2,0.701651887761222,18
post_rope,k,2,25,3,0.7766715023252699,18
post_rope,k,2,26,-1,0.710764209429423,72
post_rope,k,2,26,0,0.7524825400776334,18
post_rope,k,2,26,1,0.6630331873893738,18
post_rope,k,2,26,2,0.7557367467217975,18
post_rope,k,2,26,3,0.671804365184572,18
post_rope,k,2,27,-1,0.8127933674388461,72
post_rope,k,2,27,0,0.784941726260715,18
post_rope,k,2,27,1,0.9998219708601633,18
post_rope,k,2,27,2,0.7350281741884019,18
post_rope,k,2,27,3,0.7313815388414595,18
post_rope,k,4,0,-1,0.9988009929656982,56
post_rope,k,4,0,0,0.9995069759232658,14
post_rope,k,4,0,1,0.9986023775168827,14
post_rope,k,4,0,2,0.9988942359175,14
post_rope,k,4,0,3,0.9982004123074668,14
post_rope,k,4,1,-1,0.8548012162957873,56
post_rope,k,4,1,0,0.9983410962990352,14
post_rope,k,4,1,1,0.8127802780696324,14
post_rope,k,4,1,2,0.7587175709860665,14
post_rope,k,4,1,3,0.8493659283433642,14
post_rope,k,4,2,-1,0.8111071033137185,56
post_rope,k,4,2,0,0.5255367032119206,14
post_rope,k,4,2,1,0.9388468137809208,14
post_rope,k,4,2,2,0.9039963739258903,14
post_rope,k,4,2,3,0.8760485308510917,14
post_rope,k,4,3,-1,0.8804375955036708,56
post_rope,k,4,3,0,0.9857439313616071,14
post_rope,k,4,3,1,0.7079299475465503,14
post_rope,k,4,3,2,0.8910858375685555,14
post_rope,k,4,3,3,0.936990635735648,14
post_rope,k,4,4,-1,0.6149704584053585,56
post_rope,k,4,4,0,0.6999685295990535,14
post_rope,k,4,4,1,0.37893289753368925,14
post_rope,k,4,4,2,0.7733619255678994,14
post_rope,k,4,4,3,0.6076184936932155,14
post_rope,k,4,5,-1,0.7090168254716056,56
post_rope,k,4,5,0,0.8110645626272474,14
post_rope,k,4,5,1,0.8096742885453361,14
post_rope,k,4,5,2,0.6166152741227832,14
post_rope,k,4,5,3,0.5987131276300975,14
post_rope,k,4,6,-1,0.7488405321325574,56
post_rope,k,4,6,0,0.5298481860331127,14
post_rope,k,4,6,1,0.8251942609037671,14
post_rope,k,4,6,2,0.920331243957792,14
post_rope,k,4,6,3,0.7199883844171252,14
post_rope,k,4,7,-1,0.8233010343142918,56
post_rope,k,4,7,0,0.8029576923166003,14
post_rope,k,4,7,1,0.7713406256267002,14
post_rope,k,4,7,2,0.8340379127434322,14
post_rope,k,4,7,3,0.8848678980554853,14
post_rope,k,4,8,-1,0.7013400750500816,56
post_rope,k,4,8,0,0.7287133250917707,14
post_rope,k,4,8,1,0.7871396030698504,14
post_rope,k,4,8,2,0.7209976017475128,14
post_rope,k,4,8,3,0.5685097085578101,14
post_rope,k,4,9,-1,0.7899098992347717,56
post_rope,k,4,9,0,0.7803357413836888,14
post_rope,k,4,9,1,0.7830318297658648,14
post_rope,k,4,9,2,0.8102935935769763,14
post_rope,k,4,9,3,0.785978479044778,14
post_rope,k,4,10,-1,0.7623113947255271,56
post_rope,k,4,10,0,0.7616641095706395,14
post_rope,k,4,10,1,0.7724270863192422,14
post_rope,k,4,10,2,0.7630683737141746,14
post_rope,k,4,10,3,0.7520860263279506,14
post_rope,k,4,11,-1,0.6623144320079258,56
post_rope,k,4,11,0,0.6056382762534278,14
post_rope,k,4,11,1,0.6325228022677558,14
post_rope,k,4,11,2,0.7058930950505393,14
post_rope,k,4,11,3,0.7052036098071507,14
post_rope,k,4,12,-1,0.672233658177512,56
post_rope,k,4,12,0,0.8456714706761497,14
post_rope,k,4,12,1,0.5664855922971453,14
post_rope,k,4,12,2,0.681653346334185,14
post_rope,k,4,12,3,0.5951242319175175,14
post_rope,k,4,13,-1,0.8164920466286796,56
post_rope,k,4,13,0,0.9518856363637107,14
post_rope,k,4,13,1,0.6509162528174264,14
post_rope,k,4,13,2,0.8482844616685595,14
post_rope,k,4,13,3,0.8148818612098694,14
post_rope,k,4,14,-1,0.6251237243413925,56
post_rope,k,4,14,0,0.5261524021625519,14
post_rope,k,4,14,1,0.6460957740034375,14
post_rope,k,4,14,2,0.669799132006509,14
post_rope,k,4,14,3,0.6584475593907493,14
post_rope,k,4,15,-1,0.6531195768288204,56
post_rope,k,4,15,0,0.6036504081317356,14
post_rope,k,4,15,1,0.5648639627865383,14
post_rope,k,4,15,2,0.5650095237152917,14
post_rope,k,4,15,3,0.8789544403553009,14
post_rope,k,4,16,-1,0.7403224664075034,56
post_rope,k,4,16,0,0.7516174486705235,14
post_rope,k,4,16,1,0.7124496826103756,14
post_rope,k,4,16,2,0.6741665026971272,14
post_rope,k,4,16,3,0.8230562380381993,14
post_rope,k,4,17,-1,0.6785015719277518,56
post_rope,k,4,17,0,0.665382593870163,14
post_rope,k,4,17,1,0.6921699132238116,14
post_rope,k,4,17,2,0.6650575356824058,14
post_rope,k,4,17,3,0.6913962023598808,14
post_rope,k,4,18,-1,0.770669800894601,56
post_rope,k,4,18,0,0.7315830162593296,14
post_rope,k,4,18,1,0.8209991753101349,14
post_rope,k,4,18,2,0.7193090106759753,14
post_rope,k,4,18,3,0.8107880226203373,14
post_rope,k,4,19,-1,0.7584776750632695,56
post_rope,k,4,19,0,0.9598118151937213,14
post_rope,k,4,19,1,0.6789502160889762,14
post_rope,k,4,19,2,0.6288717921291079,14
post_rope,k,4,19,3,0.7662768534251622,14
post_rope,k,4,20,-1,0.7215753751141685,56
post_rope,k,4,20,0,0.746588626078197,14
post_rope,k,4,20,1,0.7270220624549049,14
post_rope,k,4,20,2,0.7189348936080933,14
post_rope,k,4,20,3,0.6937559374741146,14
post_rope,k,4,21,-1,0.763421607869012,56
post_rope,k,4,21,0,0.7569652029446193,14
post_rope,k,4,21,1,0.8286946884223393,14
post_rope,k,4,21,2,0.7001699932983944,14
post_rope,k,4,21,3,0.7678565723555428,14
post_rope,k,4,22,-1,0.7236359885760716,56
post_rope,k,4,22,0,0.6051775153194155,14
post_rope,k,4,22,1,0.7413961546761649,14
post_rope,k,4,22,2,0.8000922926834652,14
post_rope,k,4,22,3,0.7478779767240796,14
post_rope,k,4,23,-1,0.7370325752667019,56
post_rope,k,4,23,0,0.804607446704592,14
post_rope,k,4,23,1,0.669762624161584,14
post_rope,k,4,23,2,0.7015851140022278,14
post_rope,k,4,23,3,0.7721750693661826,14
post_rope,k,4,24,-1,0.7184589420046125,56
post_rope,k,4,24,0,0.6160818551267896,14
post_rope,k,4,24,1,0.778574960572379,14
post_rope,k,4,24,2,0.7481904711042132,14
post_rope,k,4,24,3,0.7309884705713817,14
post_rope,k,4,25,-1,0.7124966893877301,56
post_rope,k,4,25,0,0.771023405449731,14
post_rope,k,4,25,1,0.7133760878017971,14
post_rope,k,4,25,2,0.627673055444445,14
post_rope,k,4,25,3,0.7379141833101001,14
post_rope,k,4,26,-1,0.6321236704077039,56
post_rope,k,4,26,0,0.6853432953357697,14
post_rope,k,4,26,1,0.5544112963335854,14
post_rope,k,4,26,2,0.6993534777845655,14
post_rope,k,4,26,3,0.5893866377217429,14
post_rope,k,4,27,-1,0.7769189562116351,56
post_rope,k,4,27,0,0.7385660835674831,14
post_rope,k,4,27,1,0.9997868750776563,14
post_rope,k,4,27,2,0.6860729072775159,14
post_rope,k,4,27,3,0.6832499610526221,14
post_rope,k,8,0,-1,0.9982753495375315,24
post_rope,k,8,0,0,0.9995121856530508,6
post_rope,k,8,0,1,0.9983164171377817,6
post_rope,k,8,0,2,0.9987118144830068,6
post_rope,k,8,0,3,0.9965609808762869,6
post_rope,k,8,1,-1,0.8857598404089609,24
post_rope,k,8,1,0,0.9976376891136169,6
post_rope,k,8,1,1,0.8400638997554779,6
post_rope,k,8,1,2,0.8418005009492239,6
post_rope,k,8,1,3,0.8635372718175253,6
post_rope,k,8,2,-1,0.8010510702927908,24
post_rope,k,8,2,0,0.5061177462339401,6
post_rope,k,8,2,1,0.9416941404342651,6
post_rope,k,8,2,2,0.8894298871358236,6
post_rope,k,8,2,3,0.8669625520706177,6
post_rope,k,8,3,-1,0.8643921713034312,24
post_rope,k,8,3,0,0.9834896326065063,6
post_rope,k,8,3,1,0.6814451316992441,6
post_rope,k,8,3,2,0.8654023706912994,6
post_rope,k,8,3,3,0.9272315402825674,6
post_rope,k,8,4,-1,0.5741327504316965,24
post_rope,k,8,4,0,0.655635396639506,6
post_rope,k,8,4,1,0.3379306271672249,6
post_rope,k,8,4,2,0.7051183382670084,6
post_rope,k,8,4,3,0.5978466272354126,6
post_rope,k,8,5,-1,0.6469085117181143,24
post_rope,k,8,5,0,0.7873557408650717,6
post_rope,k,8,5,1,0.7301986614863077,6
post_rope,k,8,5,2,0.5720102687676748,6
post_rope,k,8,5,3,0.49806935091813404,6
post_rope,k,8,6,-1,0.7183962861696879,24
post_rope,k,8,6,0,0.5466790596644083,6
post_rope,k,8,6,1,0.771521250406901,6
post_rope,k,8,6,2,0.8964504301548004,6
post_rope,k,8,6,3,0.6589344441890717,6
post_rope,k,8,7,-1,0.7704315582911173,24
post_rope,k,8,7,0,0.730906069278717,6
post_rope,k,8,7,1,0.723158597946167,6
post_rope,k,8,7,2,0.7876750528812408,6
post_rope,k,8,7,3,0.8399864435195923,6
post_rope,k,8,8,-1,0.6384970645109812,24
post_rope,k,8,8,0,0.6663122375806173,6
post_rope,k,8,8,1,0.7550652325153351,6
post_rope,k,8,8,2,0.669509619474411,6
post_rope,k,8,8,3,0.46310115108887356,6
post_rope,k,8,9,-1,0.7444230715433756,24
post_rope,k,8,9,0,0.7460082074006399,6
post_rope,k,8,9,1,0.7391946713129679,6
post_rope,k,8,9,2,0.7520798742771149,6
post_rope,k,8,9,3,0.7404096027215322,6
post_rope,k,8,10,-1,0.7210521002610525,24
post_rope,k,8,10,0,0.7364809115727743,6
post_rope,k,8,10,1,0.708237886428833,6
post_rope,k,8,10,2,0.7276351551214854,6
post_rope,k,8,10,3,0.7118545373280843,6
post_rope,k,8,11,-1,0.6233391463756561,24
post_rope,k,8,11,0,0.6195723911126455,6
post_rope,k,8,11,1,0.5526118278503418,6
post_rope,k,8,11,2,0.6654131213823954,6
post_rope,k,8,11,3,0.6557592749595642,6
post_rope,k,8,12,-1,0.6659602920214335,24
post_rope,k,8,12,0,0.8407371838887533,6
post_rope,k,8,12,1,0.5747667451699575,6
post_rope,k,8,12,2,0.6861699422200521,6
post_rope,k,8,12,3,0.5621672968069712,6
post_rope,k,8,13,-1,0.8002879321575165,24
post_rope,k,8,13,0,0.9469356934229533,6
post_rope,k,8,13,1,0.6366105675697327,6
post_rope,k,8,13,2,0.8266956806182861,6
post_rope,k,8,13,3,0.7909098366896311,6
post_rope,k,8,14,-1,0.5768451988697052,24
post_rope,k,8,14,0,0.46846218903859455,6
post_rope,k,8,14,1,0.6042707959810892,6
post_rope,k,8,14,2,0.639809767405192,6
post_rope,k,8,14,3,0.594838077823321,6
post_rope,k,8,15,-1,0.6209999918937683,24
post_rope,k,8,15,0,0.5312934319178263,6
post_rope,k,8,15,1,0.5769114295641581,6
post_rope,k,8,15,2,0.5052190919717153,6
post_rope,k,8,15,3,0.870576024055481,6
post_rope,k,8,16,-1,0.7044956882794698,24
post_rope,k,8,16,0,0.730602482954661,6
post_rope,k,8,16,1,0.641738623380661,6
post_rope,k,8,16,2,0.6615789035956064,6
post_rope,k,8,16,3,0.7840627431869507,6
post_rope,k,8,17,-1,0.6519204278786978,24
post_rope,k,8,17,0,0.6650838752587637,6
post_rope,k,8,17,1,0.6353102177381516,6
post_rope,k,8,17,2,0.6222112874190012,6
post_rope,k,8,17,3,0.6850762863953909,6
post_rope,k,8,18,-1,0.7539500991503397,24
post_rope,k,8,18,0,0.7099818189938863,6
post_rope,k,8,18,1,0.8109996716181437,6
post_rope,k,8,18,2,0.6899116535981497,6
post_rope,k,8,18,3,0.8049072623252869,6
post_rope,k,8,19,-1,0.7479608853658041,24
post_rope,k,8,19,0,0.9517199695110321,6
post_rope,k,8,19,1,0.6604071458180746,6
post_rope,k,8,19,2,0.6346583167711893,6
post_rope,k,8,19,3,0.7450580298900604,6
post_rope,k,8,20,-1,0.6923000812530518,24
post_rope,k,8,20,0,0.729099820057551,6
post_rope,k,8,20,1,0.6738547881444296,6
post_rope,k,8,20,2,0.6953593095143636,6
post_rope,k,8,20,3,0.6708864768346151,6
post_rope,k,8,21,-1,0.742799292008082,24
post_rope,k,8,21,0,0.7106245458126068,6
post_rope,k,8,21,1,0.8063851296901703,6
post_rope,k,8,21,2,0.7073425153891245,6
post_rope,k,8,21,3,0.7468449274698893,6
post_rope,k,8,22,-1,0.6653212308883667,24
post_rope,k,8,22,0,0.5557248890399933,6
post_rope,k,8,22,1,0.6720804572105408,6
post_rope,k,8,22,2,0.7382388412952423,6
post_rope,k,8,22,3,0.6952407509088516,6
post_rope,k,8,23,-1,0.6921521027882894,24
post_rope,k,8,23,0,0.7445530792077383,6
post_rope,k,8,23,1,0.6158630649248759,6
post_rope,k,8,23,2,0.6364078422387441,6
post_rope,k,8,23,3,0.7717844148476919,6
post_rope,k,8,24,-1,0.7060466011365255,24
post_rope,k,8,24,0,0.6500956018765768,6
post_rope,k,8,24,1,0.7602765957514445,6
post_rope,k,8,24,2,0.7342365980148315,6
post_rope,k,8,24,3,0.6795775592327118,6
post_rope,k,8,25,-1,0.7048123776912689,24
post_rope,k,8,25,0,0.7839350402355194,6
post_rope,k,8,25,1,0.6749717891216278,6
post_rope,k,8,25,2,0.6260387798150381,6
post_rope,k,8,25,3,0.7343038618564606,6
post_rope,k,8,26,-1,0.6553738166888555,24
post_rope,k,8,26,0,0.7196371853351593,6
post_rope,k,8,26,1,0.6051991929610571,6
post_rope,k,8,26,2,0.6941506912310919,6
post_rope,k,8,26,3,0.6025081773598989,6
post_rope,k,8,27,-1,0.7695670823256174,24
post_rope,k,8,27,0,0.7346915105978647,6
post_rope,k,8,27,1,0.9997792740662893,6
post_rope,k,8,27,2,0.6750737130641937,6
post_rope,k,8,27,3,0.668723871310552,6
post_rope,q,1,0,-1,0.8569067776203155,560
post_rope,q,1,0,0,0.7531276389956474,20
post_rope,q,1,0,1,0.8693372428417205,20
post_rope,q,1,0,2,0.7902642160654068,20
post_rope,q,1,0,3,0.696536424010992,20
post_rope,q,1,0,4,0.7992796644568443,20
post_rope,q,1,0,5,0.8613503515720368,20
post_rope,q,1,0,6,0.7234652608633041,20
post_rope,q,1,0,7,0.816778513789177,20
post_rope,q,1,0,8,0.8583854705095291,20
post_rope,q,1,0,9,0.8685047388076782,20
post_rope,q,1,0,10,0.877054949477315,20
post_rope,q,1,0,11,0.8687589079141617,20
post_rope,q,1,0,12,0.862612271308899,20
post_rope,q,1,0,13,0.8297454357147217,20
post_rope,q,1,0,14,0.9559899210929871,20
post_rope,q,1,0,15,0.9589016199111938,20
post_rope,q,1,0,16,0.9037455707788468,20
post_rope,q,1,0,17,0.8617695838212966,20
post_rope,q,1,0,18,0.9521938621997833,20
post_rope,q,1,0,19,0.9304542005062103,20
post_rope,q,1,0,20,0.8411874443292617,20
post_rope,q,1,0,21,0.8827099531888962,20
post_rope,q,1,0,22,0.7768357437103987,20
post_rope,q,1,0,23,0.8722879081964493,20
post_rope,q,1,0,24,0.8570997834205627,20
post_rope,q,1,0,25,0.9336769044399261,20
post_rope,q,1,0,26,0.8549964219331742,20
post_rope,q,1,0,27,0.9363397181034088,20
post_rope,q,1,1,-1,0.9058647066354751,560
post_rope,q,1,1,0,0.9488661766052247,20
post_rope,q,1,1,1,0.9669140964746475,20
post_rope,q,1,1,2,0.9423681139945984,20
post_rope,q,1,1,3,0.9002679795026779,20
post_rope,q,1,1,4,0.9472009718418122,20
post_rope,q,1,1,5,0.9478997498750686,20
post_rope,q,1,1,6,0.939947047829628,20
post_rope,q,1,1,7,0.8626278072595597,20
post_rope,q,1,1,8,0.8551722705364228,20
post_rope,q,1,1,9,0.941307207942009,20
post_rope,q,1,1,10,0.9153090357780457,20
post_rope,q,1,1,11,0.869319486618042,20
post_rope,q,1,1,12,0.9149927347898483,20
post_rope,q,1,1,13,0.8780950903892517,20
post_rope,q,1,1,14,0.8573182970285416,20
post_rope,q,1,1,15,0.8729724586009979,20
post_rope,q,1,1,16,0.8638534754514694,20
post_rope,q,1,1,17,0.9360181599855423,20
post_rope,q,1,1,18,0.809083491563797,20
post_rope,q,1,1,19,0.8575699239969253,20
post_rope,q,1,1,20,0.887254336476326,20
post_rope,q,1,1,21,0.9676924139261246,20
post_rope,q,1,1,22,0.9494499236345291,20
post_rope,q,1,1,23,0.8816700786352157,20
post_rope,q,1,1,24,0.8802678465843201,20
post_rope,q,1,1,25,0.9193664908409118,20
post_rope,q,1,1,26,0.9533219397068023,20
post_rope,q,1,1,27,0.8980851471424103,20
post_rope,q,1,2,-1,0.8672241717576981,560
post_rope,q,1,2,0,0.9040200918912887,20
post_rope,q,1,2,1,0.8373147219419479,20
post_rope,q,1,2,2,0.9223123162984848,20
post_rope,q,1,2,3,0.9103094637393951,20
post_rope,q,1,2,4,0.7717590361833573,20
post_rope,q,1,2,5,0.9200114011764526,20
post_rope,q,1,2,6,0.9144236207008362,20
post_rope,q,1,2,7,0.861253273487091,20
post_rope,q,1,2,8,0.8704992592334747,20
post_rope,q,1,2,9,0.8263402432203293,20
post_rope,q,1,2,10,0.8811628580093384,20
post_rope,q,1,2,11,0.8811433047056199,20
post_rope,q,1,2,12,0.8829874962568283,20
post_rope,q,1,2,13,0.8394919872283936,20
post_rope,q,1,2,14,0.8574200600385666,20
post_rope,q,1,2,15,0.8444978713989257,20
post_rope,q,1,2,16,0.9130654484033585,20
post_rope,q,1,2,17,0.8875489830970764,20
post_rope,q,1,2,18,0.8563478469848633,20
post_rope,q,1,2,19,0.8573785364627838,20
post_rope,q,1,2,20,0.873803099989891,20
post_rope,q,1,2,21,0.9384090214967727,20
post_rope,q,1,2,22,0.7676186800003052,20
post_rope,q,1,2,23,0.9135389715433121,20
post_rope,q,1,2,24,0.8703049868345261,20
post_rope,q,1,2,25,0.8420390784740448,20
post_rope,q,1,2,26,0.7359114915132523,20
post_rope,q,1,2,27,0.9013638079166413,20
post_rope,q,1,3,-1,0.8734451293945312,560
post_rope,q,1,3,0,0.8125701785087586,20
post_rope,q,1,3,1,0.8869782984256744,20
post_rope,q,1,3,2,0.8776170819997787,20
post_rope,q,1,3,3,0.8939357876777649,20
post_rope,q,1,3,4,0.86229487657547,20
post_rope,q,1,3,5,0.8747107237577438,20
post_rope,q,1,3,6,0.9024027049541473,20
post_rope,q,1,3,7,0.9641735672950744,20
post_rope,q,1,3,8,0.6792428851127624,20
post_rope,q,1,3,9,0.9062383353710175,20
post_rope,q,1,3,10,0.8247284591197968,20
post_rope,q,1,3,11,0.8507995873689651,20
post_rope,q,1,3,12,0.8545694380998612,20
post_rope,q,1,3,13,0.7775301396846771,20
post_rope,q,1,3,14,0.9264044433832168,20
post_rope,q,1,3,15,0.9116060495376587,20
post_rope,q,1,3,16,0.882416307926178,20
post_rope,q,1,3,17,0.896837517619133,20
post_rope,q,1,3,18,0.8877374470233917,20
post_rope,q,1,3,19,0.9019988954067231,20
post_rope,q,1,3,20,0.9275045782327652,20
post_rope,q,1,3,21,0.8821676224470139,20
post_rope,q,1,3,22,0.849062979221344,20
post_rope,q,1,3,23,0.8691243767738343,20
post_rope,q,1,3,24,0.8799426168203354,20
post_rope,q,1,3,25,0.8868725538253784,20
post_rope,q,1,3,26,0.8925117284059525,20
post_rope,q,1,3,27,0.8944846510887146,20
post_rope,q,1,4,-1,0.9343875586986542,560
post_rope,q,1,4,0,0.9519891262054443,20
post_rope,q,1,4,1,0.9372870773077011,20
post_rope,q,1,4,2,0.9552911311388016,20
post_rope,q,1,4,3,0.9444617539644241,20
post_rope,q,1,4,4,0.9544505089521408,20
post_rope,q,1,4,5,0.9214600712060929,20
post_rope,q,1,4,6,0.943565160036087,20
post_rope,q,1,4,7,0.844857570528984,20
post_rope,q,1,4,8,0.908255660533905,20
post_rope,q,1,4,9,0.9262756884098053,20
post_rope,q,1,4,10,0.8969158858060837,20
post_rope,q,1,4,11,0.9327463179826736,20
post_rope,q,1,4,12,0.9356979340314865,20
post_rope,q,1,4,13,0.8603204131126404,20
post_rope,q,1,4,14,0.9723282128572464,20
post_rope,q,1,4,15,0.9661284685134888,20
post_rope,q,1,4,16,0.9588062316179276,20
post_rope,q,1,4,17,0.8604121178388595,20
post_rope,q,1,4,18,0.9296760737895966,20
post_rope,q,1,4,19,0.9558483749628067,20
post_rope,q,1,4,20,0.9444101184606553,20
post_rope,q,1,4,21,0.9557371765375138,20
post_rope,q,1,4,22,0.9715254366397857,20
post_rope,q,1,4,23,0.9310630887746811,20
post_rope,q,1,4,24,0.9437187522649765,20
post_rope,q,1,4,25,0.9631917178630829,20
post_rope,q,1,4,26,0.9369749039411545,20
post_rope,q,1,4,27,0.9594566702842713,20
post_rope,q,1,5,-1,0.9180282413959503,560
post_rope,q,1,5,0,0.9281872987747193,20
post_rope,q,1,5,1,0.9497260332107544,20
post_rope,q,1,5,2,0.9418689697980881,20
post_rope,q,1,5,3,0.9498822093009949,20
post_rope,q,1,5,4,0.9644361972808838,20
post_rope,q,1,5,5,0.8582726210355759,20
post_rope,q,1,5,6,0.8968185842037201,20
post_rope,q,1,5,7,0.9299303293228149,20
post_rope,q,1,5,8,0.9011500984430313,20
post_rope,q,1,5,9,0.9379723817110062,20
post_rope,q,1,5,10,0.9288643360137939,20
post_rope,q,1,5,11,0.8542648285627366,20
post_rope,q,1,5,12,0.9382190346717835,20
post_rope,q,1,5,13,0.897701296210289,20
post_rope,q,1,5,14,0.9081411212682724,20
post_rope,q,1,5,15,0.8684593886137009,20
post_rope,q,1,5,16,0.9259987145662307,20
post_rope,q,1,5,17,0.8829229444265365,20
post_rope,q,1,5,18,0.8736445248126984,20
post_rope,q,1,5,19,0.8392729848623276,20
post_rope,q,1,5,20,0.875212574005127,20
post_rope,q,1,5,21,0.8999343156814575,20
post_rope,q,1,5,22,0.9713721603155137,20
post_rope,q,1,5,23,0.960147425532341,20
post_rope,q,1,5,24,0.9620534121990204,20
post_rope,q,1,5,25,0.9478754878044129,20
post_rope,q,1,5,26,0.9485091775655746,20
post_rope,q,1,5,27,0.9639523655176163,20
post_rope,q,1,6,-1,0.9391866266727448,560
post_rope,q,1,6,0,0.9457196474075318,20
post_rope,q,1,6,1,0.9670712500810623,20
post_rope,q,1,6,2,0.9618234127759934,20
post_rope,q,1,6,3,0.9572741836309433,20
post_rope,q,1,6,4,0.958186998963356,20
post_rope,q,1,6,5,0.9566294491291046,20
post_rope,q,1,6,6,0.9220839619636536,20
post_rope,q,1,6,7,0.94171402156353,20
post_rope,q,1,6,8,0.9499792128801345,20
post_rope,q,1,6,9,0.9465642243623733,20
post_rope,q,1,6,10,0.8859807163476944,20
post_rope,q,1,6,11,0.9322004854679108,20
post_rope,q,1,6,12,0.9211024165153503,20
post_rope,q,1,6,13,0.9288121104240418,20
post_rope,q,1,6,14,0.9403444230556488,20
post_rope,q,1,6,15,0.9570414632558822,20
post_rope,q,1,6,16,0.9265466004610061,20
post_rope,q,1,6,17,0.8543496876955032,20
post_rope,q,1,6,18,0.9000428199768067,20
post_rope,q,1,6,19,0.9643375009298325,20
post_rope,q,1,6,20,0.9689949482679368,20
post_rope,q,1,6,21,0.9583156168460846,20
post_rope,q,1,6,22,0.9491419047117233,20
post_rope,q,1,6,23,0.8902742981910705,20
post_rope,q,1,6,24,0.9547218710184098,20
post_rope,q,1,6,25,0.9434182524681092,20
post_rope,q,1,6,26,0.9465980112552643,20
post_rope,q,1,6,27,0.9679553866386413,20
post_rope,q,1,7,-1,0.9011190414428711,560
post_rope,q,1,7,0,0.9078208893537522,20
post_rope,q,1,7,1,0.9167557984590531,20
post_rope,q,1,7,2,0.8497563928365708,20
post_rope,q,1,7,3,0.9345806509256362,20
post_rope,q,1,7,4,0.9231788426637649,20
post_rope,q,1,7,5,0.90711250603199,20
post_rope,q,1,7,6,0.8162314921617508,20
post_rope,q,1,7,7,0.8891357421875,20
post_rope,q,1,7,8,0.9282864838838577,20
post_rope,q,1,7,9,0.9398060292005539,20
post_rope,q,1,7,10,0.8649833619594574,20
post_rope,q,1,7,11,0.9438532710075378,20
post_rope,q,1,7,12,0.9453678995370864,20
post_rope,q,1,7,13,0.9356311291456223,20
post_rope,q,1,7,14,0.9023383140563965,20
post_rope,q,1,7,15,0.8347962647676468,20
post_rope,q,1,7,16,0.9255489856004715,20
post_rope,q,1,7,17,0.9297223091125488,20
post_rope,q,1,7,18,0.9120518267154694,20
post_rope,q,1,7,19,0.8711637288331986,20
post_rope,q,1,7,20,0.9004568517208099,20
post_rope,q,1,7,21,0.9150371074676513,20
post_rope,q,1,7,22,0.8624878853559494,20
post_rope,q,1,7,23,0.865071251988411,20
post_rope,q,1,7,24,0.8865758955478669,20
post_rope,q,1,7,25,0.9241013109683991,20
post_rope,q,1,7,26,0.907801729440689,20
post_rope,q,1,7,27,0.8916787683963776,20
post_rope,q,1,8,-1,0.9230926245450973,560
post_rope,q,1,8,0,0.948461651802063,20
post_rope,q,1,8,1,0.9521555483341217,20
post_rope,q,1,8,2,0.931507071852684,20
post_rope,q,1,8,3,0.9128808706998826,20
post_rope,q,1,8,4,0.8791807591915131,20
post_rope,q,1,8,5,0.9479699403047561,20
post_rope,q,1,8,6,0.9032967954874038,20
post_rope,q,1,8,7,0.9433818817138672,20
post_rope,q,1,8,8,0.947223961353302,20
post_rope,q,1,8,9,0.9551796972751617,20
post_rope,q,1,8,10,0.959246376156807,20
post_rope,q,1,8,11,0.9284175276756287,20
post_rope,q,1,8,12,0.9490067720413208,20
post_rope,q,1,8,13,0.9269986838102341,20
post_rope,q,1,8,14,0.9409730106592178,20
post_rope,q,1,8,15,0.9398348897695541,20
post_rope,q,1,8,16,0.9488314151763916,20
post_rope,q,1,8,17,0.9276594549417496,20
post_rope,q,1,8,18,0.9421657055616379,20
post_rope,q,1,8,19,0.9450804084539414,20
post_rope,q,1,8,20,0.9276084035634995,20
post_rope,q,1,8,21,0.9203027307987213,20
post_rope,q,1,8,22,0.8442575335502625,20
post_rope,q,1,8,23,0.8634147882461548,20
post_rope,q,1,8,24,0.9092424720525741,20
post_rope,q,1,8,25,0.8894489288330079,20
post_rope,q,1,8,26,0.8879071205854416,20
post_rope,q,1,8,27,0.8749586820602417,20
post_rope,q,1,9,-1,0.8734275758266449,560
post_rope,q,1,9,0,0.8898462951183319,20
post_rope,q,1,9,1,0.9101292788982391,20
post_rope,q,1,9,2,0.8406795382499694,20
post_rope,q,1,9,3,0.8688199996948243,20
post_rope,q,1,9,4,0.8880714118480683,20
post_rope,q,1,9,5,0.892537072300911,20
post_rope,q,1,9,6,0.9334076046943665,20
post_rope,q,1,9,7,0.9077309191226959,20
post_rope,q,1,9,8,0.7743440419435501,20
post_rope,q,1,9,9,0.8888799011707306,20
post_rope,q,1,9,10,0.8749430656433106,20
post_rope,q,1,9,11,0.8724473208189011,20
post_rope,q,1,9,12,0.9184596538543701,20
post_rope,q,1,9,13,0.8761125564575195,20
post_rope,q,1,9,14,0.9061316907405853,20
post_rope,q,1,9,15,0.8755143016576767,20
post_rope,q,1,9,16,0.8604556202888489,20
post_rope,q,1,9,17,0.8602560549974442,20
post_rope,q,1,9,18,0.8406788676977157,20
post_rope,q,1,9,19,0.8010378360748291,20
post_rope,q,1,9,20,0.8962645709514618,20
post_rope,q,1,9,21,0.8927599936723709,20
post_rope,q,1,9,22,0.8403008431196213,20
post_rope,q,1,9,23,0.845998340845108,20
post_rope,q,1,9,24,0.9013804256916046,20
post_rope,q,1,9,25,0.84745874106884,20
post_rope,q,1,9,26,0.8876055240631103,20
post_rope,q,1,9,27,0.8637207537889481,20
post_rope,q,1,10,-1,0.9333701848983764,560
post_rope,q,1,10,0,0.9082838475704194,20
post_rope,q,1,10,1,0.901162850856781,20
post_rope,q,1,10,2,0.8561056643724442,20
post_rope,q,1,10,3,0.9584209352731705,20
post_rope,q,1,10,4,0.957332095503807,20
post_rope,q,1,10,5,0.96852707862854,20
post_rope,q,1,10,6,0.8825231701135635,20
post_rope,q,1,10,7,0.9369301229715348,20
post_rope,q,1,10,8,0.9431036740541459,20
post_rope,q,1,10,9,0.9455975621938706,20
post_rope,q,1,10,10,0.9368670761585236,20
post_rope,q,1,10,11,0.9087162017822266,20
post_rope,q,1,10,12,0.9306875318288803,20
post_rope,q,1,10,13,0.9368358731269837,20
post_rope,q,1,10,14,0.9595054477453232,20
post_rope,q,1,10,15,0.9527747660875321,20
post_rope,q,1,10,16,0.9629430949687958,20
post_rope,q,1,10,17,0.9629719585180283,20
post_rope,q,1,10,18,0.9501199811697006,20
post_rope,q,1,10,19,0.9487537652254104,20
post_rope,q,1,10,20,0.9156914800405502,20
post_rope,q,1,10,21,0.9445192813873291,20
post_rope,q,1,10,22,0.938721626996994,20
post_rope,q,1,10,23,0.9330769956111908,20
post_rope,q,1,10,24,0.886688870191574,20
post_rope,q,1,10,25,0.9238684922456741,20
post_rope,q,1,10,26,0.944844201207161,20
post_rope,q,1,10,27,0.9387916058301926,20
post_rope,q,1,11,-1,0.9263347744941711,560
post_rope,q,1,11,0,0.921800285577774,20
post_rope,q,1,11,1,0.8894432783126831,20
post_rope,q,1,11,2,0.9559825718402862,20
post_rope,q,1,11,3,0.9555920034646987,20
post_rope,q,1,11,4,0.9673372566699981,20
post_rope,q,1,11,5,0.9535804837942123,20
post_rope,q,1,11,6,0.9439163595438004,20
post_rope,q,1,11,7,0.9322589188814163,20
post_rope,q,1,11,8,0.8757246345281601,20
post_rope,q,1,11,9,0.9479844242334365,20
post_rope,q,1,11,10,0.9453257501125336,20
post_rope,q,1,11,11,0.9326417982578278,20
post_rope,q,1,11,12,0.8960145950317383,20
post_rope,q,1,11,13,0.946284544467926,20
post_rope,q,1,11,14,0.9313696384429931,20
post_rope,q,1,11,15,0.9324775993824005,20
post_rope,q,1,11,16,0.9130257576704025,20
post_rope,q,1,11,17,0.9360492616891861,20
post_rope,q,1,11,18,0.9311960160732269,20
post_rope,q,1,11,19,0.9327491492033004,20
post_rope,q,1,11,20,0.9360452681779862,20
post_rope,q,1,11,21,0.9259376376867294,20
post_rope,q,1,11,22,0.9155142068862915,20
post_rope,q,1,11,23,0.9020612388849258,20
post_rope,q,1,11,24,0.8736962586641311,20
post_rope,q,1,11,25,0.9240745931863785,20
post_rope,q,1,11,26,0.9070798307657242,20
post_rope,q,1,11,27,0.912209939956665,20
post_rope,q,1,12,-1,0.9000326782464981,560
post_rope,q,1,12,0,0.8127704441547394,20
post_rope,q,1,12,1,0.904180109500885,20
post_rope,q,1,12,2,0.8732558637857437,20
post_rope,q,1,12,3,0.9259579062461853,20
post_rope,q,1,12,4,0.9217052817344665,20
post_rope,q,1,12,5,0.8965902835130691,20
post_rope,q,1,12,6,0.8781483858823776,20
post_rope,q,1,12,7,0.8426629990339279,20
post_rope,q,1,12,8,0.916283768415451,20
post_rope,q,1,12,9,0.8939345329999924,20
post_rope,q,1,12,10,0.9286942571401596,20
post_rope,q,1,12,11,0.9440458834171295,20
post_rope,q,1,12,12,0.9053189247846604,20
post_rope,q,1,12,13,0.9213922321796417,20
post_rope,q,1,12,14,0.8965148717164994,20
post_rope,q,1,12,15,0.870862552523613,20
post_rope,q,1,12,16,0.8631449699401855,20
post_rope,q,1,12,17,0.883483162522316,20
post_rope,q,1,12,18,0.9079530984163284,20
post_rope,q,1,12,19,0.878799095749855,20
post_rope,q,1,12,20,0.8442713528871536,20
post_rope,q,1,12,21,0.9354748636484146,20
post_rope,q,1,12,22,0.9490273594856262,20
post_rope,q,1,12,23,0.9265291869640351,20
post_rope,q,1,12,24,0.8786718010902405,20
post_rope,q,1,12,25,0.9405286371707916,20
post_rope,q,1,12,26,0.9259217143058777,20
post_rope,q,1,12,27,0.934791362285614,20
post_rope,q,1,13,-1,0.8973935008049011,560
post_rope,q,1,13,0,0.9070969015359879,20
post_rope,q,1,13,1,0.9004637271165847,20
post_rope,q,1,13,2,0.8863431632518768,20
post_rope,q,1,13,3,0.8846651256084442,20
post_rope,q,1,13,4,0.889646652340889,20
post_rope,q,1,13,5,0.8965110033750534,20
post_rope,q,1,13,6,0.885270643234253,20
post_rope,q,1,13,7,0.9580127656459808,20
post_rope,q,1,13,8,0.9104067534208298,20
post_rope,q,1,13,9,0.9328802704811097,20
post_rope,q,1,13,10,0.9383908897638321,20
post_rope,q,1,13,11,0.8288723528385162,20
post_rope,q,1,13,12,0.8966219007968903,20
post_rope,q,1,13,13,0.887055504322052,20
post_rope,q,1,13,14,0.9077772200107574,20
post_rope,q,1,13,15,0.9167503237724304,20
post_rope,q,1,13,16,0.8743237972259521,20
post_rope,q,1,13,17,0.8852008402347564,20
post_rope,q,1,13,18,0.8622974812984466,20
post_rope,q,1,13,19,0.8814375668764114,20
post_rope,q,1,13,20,0.8933704644441605,20
post_rope,q,1,13,21,0.9103484362363815,20
post_rope,q,1,13,22,0.9054103791713715,20
post_rope,q,1,13,23,0.9050491452217102,20
post_rope,q,1,13,24,0.8902419805526733,20
post_rope,q,1,13,25,0.8846091300249099,20
post_rope,q,1,13,26,0.9001225918531418,20
post_rope,q,1,13,27,0.9078409373760223,20
post_rope,q,1,14,-1,0.8859355747699738,560
post_rope,q,1,14,0,0.8570735692977905,20
post_rope,q,1,14,1,0.8590373963117599,20
post_rope,q,1,14,2,0.8645063519477845,20
post_rope,q,1,14,3,0.9131302744150162,20
post_rope,q,1,14,4,0.860813656449318,20
post_rope,q,1,14,5,0.892468586564064,20
post_rope,q,1,14,6,0.8605330109596252,20
post_rope,q,1,14,7,0.8910782724618912,20
post_rope,q,1,14,8,0.8899861365556717,20
post_rope,q,1,14,9,0.9015681207180023,20
post_rope,q,1,14,10,0.9145811468362808,20
post_rope,q,1,14,11,0.8942697733640671,20
post_rope,q,1,14,12,0.9054487496614456,20
post_rope,q,1,14,13,0.9115330904722214,20
post_rope,q,1,14,14,0.8859715014696121,20
post_rope,q,1,14,15,0.8704946130514145,20
post_rope,q,1,14,16,0.8922878175973892,20
post_rope,q,1,14,17,0.8817086428403854,20
post_rope,q,1,14,18,0.8778924316167831,20
post_rope,q,1,14,19,0.8832770317792893,20
post_rope,q,1,14,20,0.8888243764638901,20
post_rope,q,1,14,21,0.9206719666719436,20
post_rope,q,1,14,22,0.873927715420723,20
post_rope,q,1,14,23,0.8673139214515686,20
post_rope,q,1,14,24,0.9111518889665604,20
post_rope,q,1,14,25,0.8492507666349411,20
post_rope,q,1,14,26,0.9204425603151322,20
post_rope,q,1,14,27,0.8669528722763061,20
post_rope,q,1,15,-1,0.9043660581111908,560
post_rope,q,1,15,0,0.9273244321346283,20
post_rope,q,1,15,1,0.8909175276756287,20
post_rope,q,1,15,2,0.9264341801404953,20
post_rope,q,1,15,3,0.935915544629097,20
post_rope,q,1,15,4,0.9071604311466217,20
post_rope,q,1,15,5,0.9151772499084473,20
post_rope,q,1,15,6,0.9138841778039932,20
post_rope,q,1,15,7,0.926792424917221,20
post_rope,q,1,15,8,0.9476641148328782,20
post_rope,q,1,15,9,0.9389950513839722,20
post_rope,q,1,15,10,0.9696782201528549,20
post_rope,q,1,15,11,0.899137344956398,20
post_rope,q,1,15,12,0.9465414941310882,20
post_rope,q,1,15,13,0.9462372630834579,20
post_rope,q,1,15,14,0.879414701461792,20
post_rope,q,1,15,15,0.868266049027443,20
post_rope,q,1,15,16,0.8853450328111648,20
post_rope,q,1,15,17,0.922559729218483,20
post_rope,q,1,15,18,0.7991131633520127,20
post_rope,q,1,15,19,0.8973931670188904,20
post_rope,q,1,15,20,0.8335859715938568,20
post_rope,q,1,15,21,0.9134798586368561,20
post_rope,q,1,15,22,0.9104782581329346,20
post_rope,q,1,15,23,0.8883852392435074,20
post_rope,q,1,15,24,0.841726079583168,20
post_rope,q,1,15,25,0.8715922147035599,20
post_rope,q,1,15,26,0.9401633769273758,20
post_rope,q,1,15,27,0.8788873374462127,20
post_rope,q,1,16,-1,0.8722000539302825,560
post_rope,q,1,16,0,0.8677010059356689,20
post_rope,q,1,16,1,0.8568874478340149,20
post_rope,q,1,16,2,0.8833067625761032,20
post_rope,q,1,16,3,0.8643116086721421,20
post_rope,q,1,16,4,0.8812820076942444,20
post_rope,q,1,16,5,0.8774918735027313,20
post_rope,q,1,16,6,0.8636422544717789,20
post_rope,q,1,16,7,0.8715484321117402,20
post_rope,q,1,16,8,0.8469064444303512,20
post_rope,q,1,16,9,0.8795801311731338,20
post_rope,q,1,16,10,0.9138720244169235,20
post_rope,q,1,16,11,0.8884106755256653,20
post_rope,q,1,16,12,0.8859207779169083,20
post_rope,q,1,16,13,0.8778399884700775,20
post_rope,q,1,16,14,0.8419683903455735,20
post_rope,q,1,16,15,0.8590924113988876,20
post_rope,q,1,16,16,0.881469064950943,20
post_rope,q,1,16,17,0.8687410056591034,20
post_rope,q,1,16,18,0.8766083300113678,20
post_rope,q,1,16,19,0.870838138461113,20
post_rope,q,1,16,20,0.8583455473184586,20
post_rope,q,1,16,21,0.8867555975914001,20
post_rope,q,1,16,22,0.8595327079296112,20
post_rope,q,1,16,23,0.8803876549005508,20
post_rope,q,1,16,24,0.8929570347070694,20
post_rope,q,1,16,25,0.9027175575494766,20
post_rope,q,1,16,26,0.8357339918613433,20
post_rope,q,1,16,27,0.8477532505989075,20
post_rope,q,1,17,-1,0.875028195977211,560
post_rope,q,1,17,0,0.8693308353424072,20
post_rope,q,1,17,1,0.9320286870002746,20
post_rope,q,1,17,2,0.9096746146678925,20
post_rope,q,1,17,3,0.9012796610593796,20
post_rope,q,1,17,4,0.8816935807466507,20
post_rope,q,1,17,5,0.9185460567474365,20
post_rope,q,1,17,6,0.9313575029373169,20
post_rope,q,1,17,7,0.8358260065317153,20
post_rope,q,1,17,8,0.7864677220582962,20
post_rope,q,1,17,9,0.822957769036293,20
post_rope,q,1,17,10,0.8198215126991272,20
post_rope,q,1,17,11,0.8826944053173065,20
post_rope,q,1,17,12,0.8953455477952957,20
post_rope,q,1,17,13,0.8500184953212738,20
post_rope,q,1,17,14,0.8656744241714478,20
post_rope,q,1,17,15,0.8447190999984742,20
post_rope,q,1,17,16,0.8597450464963913,20
post_rope,q,1,17,17,0.8714423775672913,20
post_rope,q,1,17,18,0.8824396371841431,20
post_rope,q,1,17,19,0.8642767876386642,20
post_rope,q,1,17,20,0.8624948740005494,20
post_rope,q,1,17,21,0.8908819794654846,20
post_rope,q,1,17,22,0.9001729249954223,20
post_rope,q,1,17,23,0.9062338680028915,20
post_rope,q,1,17,24,0.8299151688814164,20
post_rope,q,1,17,25,0.9097709089517594,20
post_rope,q,1,17,26,0.8574419856071472,20
post_rope,q,1,17,27,0.9185381561517716,20
post_rope,q,1,18,-1,0.9031104654073715,560
post_rope,q,1,18,0,0.8780118942260742,20
post_rope,q,1,18,1,0.937060809135437,20
post_rope,q,1,18,2,0.9300723552703858,20
post_rope,q,1,18,3,0.9234406232833863,20
post_rope,q,1,18,4,0.939989709854126,20
post_rope,q,1,18,5,0.9378537535667419,20
post_rope,q,1,18,6,0.9275736182928085,20
post_rope,q,1,18,7,0.8985108107328414,20
post_rope,q,1,18,8,0.9446195930242538,20
post_rope,q,1,18,9,0.923424631357193,20
post_rope,q,1,18,10,0.8188414931297302,20
post_rope,q,1,18,11,0.9056985586881637,20
post_rope,q,1,18,12,0.9136514574289322,20
post_rope,q,1,18,13,0.897268408536911,20
post_rope,q,1,18,14,0.8908974170684815,20
post_rope,q,1,18,15,0.9028954952955246,20
post_rope,q,1,18,16,0.8689018040895462,20
post_rope,q,1,18,17,0.8752645194530487,20
post_rope,q,1,18,18,0.8831632614135743,20
post_rope,q,1,18,19,0.906968179345131,20
post_rope,q,1,18,20,0.9184848546981812,20
post_rope,q,1,18,21,0.9247389227151871,20
post_rope,q,1,18,22,0.9343193203210831,20
post_rope,q,1,18,23,0.8415906995534896,20
post_rope,q,1,18,24,0.9143095910549164,20
post_rope,q,1,18,25,0.8624786168336869,20
post_rope,q,1,18,26,0.8823979377746582,20
post_rope,q,1,18,27,0.9046645879745483,20
post_rope,q,1,19,-1,0.8917617470026016,560
post_rope,q,1,19,0,0.9284012734889984,20
post_rope,q,1,19,1,0.8911776542663574,20
post_rope,q,1,19,2,0.8963793873786926,20
post_rope,q,1,19,3,0.9226705819368363,20
post_rope,q,1,19,4,0.8715194791555405,20
post_rope,q,1,19,5,0.8907868415117264,20
post_rope,q,1,19,6,0.8473274081945419,20
post_rope,q,1,19,7,0.9452099412679672,20
post_rope,q,1,19,8,0.9201060682535172,20
post_rope,q,1,19,9,0.9362322390079498,20
post_rope,q,1,19,10,0.9349343419075012,20
post_rope,q,1,19,11,0.8790338665246964,20
post_rope,q,1,19,12,0.9248820871114731,20
post_rope,q,1,19,13,0.9209205657243729,20
post_rope,q,1,19,14,0.8691359341144562,20
post_rope,q,1,19,15,0.887168288230896,20
post_rope,q,1,19,16,0.9060890138149261,20
post_rope,q,1,19,17,0.8804413467645645,20
post_rope,q,1,19,18,0.8738863676786423,20
post_rope,q,1,19,19,0.88135906457901,20
post_rope,q,1,19,20,0.869879761338234,20
post_rope,q,1,19,21,0.8858371049165725,20
post_rope,q,1,19,22,0.8716802209615707,20
post_rope,q,1,19,23,0.8519125342369079,20
post_rope,q,1,19,24,0.8883244305849075,20
post_rope,q,1,19,25,0.8725786685943604,20
post_rope,q,1,19,26,0.8542689204216003,20
post_rope,q,1,19,27,0.8671850115060806,20
post_rope,q,1,20,-1,0.900272861123085,560
post_rope,q,1,20,0,0.9493132799863815,20
post_rope,q,1,20,1,0.9303400307893753,20
post_rope,q,1,20,2,0.8739062339067459,20
post_rope,q,1,20,3,0.9296707034111023,20
post_rope,q,1,20,4,0.9353712946176529,20
post_rope,q,1,20,5,0.8974739402532578,20
post_rope,q,1,20,6,0.935227346420288,20
post_rope,q,1,20,7,0.9164152711629867,20
post_rope,q,1,20,8,0.8553923189640045,20
post_rope,q,1,20,9,0.8378113567829132,20
post_rope,q,1,20,10,0.9016915738582612,20
post_rope,q,1,20,11,0.8728259712457657,20
post_rope,q,1,20,12,0.8953856736421585,20
post_rope,q,1,20,13,0.9148510426282883,20
post_rope,q,1,20,14,0.9024307757616044,20
post_rope,q,1,20,15,0.9200860768556595,20
post_rope,q,1,20,16,0.9122720271348953,20
post_rope,q,1,20,17,0.865292078256607,20
post_rope,q,1,20,18,0.9033031016588211,20
post_rope,q,1,20,19,0.8901795983314514,20
post_rope,q,1,20,20,0.9140122264623642,20
post_rope,q,1,20,21,0.9055756956338883,20
post_rope,q,1,20,22,0.8877544075250625,20
post_rope,q,1,20,23,0.8993805229663849,20
post_rope,q,1,20,24,0.9118721425533295,20
post_rope,q,1,20,25,0.9068167597055435,20
post_rope,q,1,20,26,0.8468177556991577,20
post_rope,q,1,20,27,0.896171048283577,20
post_rope,q,1,21,-1,0.9054648816585541,560
post_rope,q,1,21,0,0.8929673373699188,20
post_rope,q,1,21,1,0.9197633415460587,20
post_rope,q,1,21,2,0.9142396152019501,20
post_rope,q,1,21,3,0.8978157460689544,20
post_rope,q,1,21,4,0.9221497744321823,20
post_rope,q,1,21,5,0.8790015935897827,20
post_rope,q,1,21,6,0.86932492852211,20
post_rope,q,1,21,7,0.885598874092102,20
post_rope,q,1,21,8,0.943582859635353,20
post_rope,q,1,21,9,0.928170445561409,20
post_rope,q,1,21,10,0.9418139427900314,20
post_rope,q,1,21,11,0.9295667171478271,20
post_rope,q,1,21,12,0.939003300666809,20
post_rope,q,1,21,13,0.8807789146900177,20
post_rope,q,1,21,14,0.8897316366434097,20
post_rope,q,1,21,15,0.8708010375499725,20
post_rope,q,1,21,16,0.9332242727279663,20
post_rope,q,1,21,17,0.8484055876731873,20
post_rope,q,1,21,18,0.9235704183578491,20
post_rope,q,1,21,19,0.8829663813114166,20
post_rope,q,1,21,20,0.9325395673513412,20
post_rope,q,1,21,21,0.9202806115150451,20
post_rope,q,1,21,22,0.9101879924535752,20
post_rope,q,1,21,23,0.8683103591203689,20
post_rope,q,1,21,24,0.924750953912735,20
post_rope,q,1,21,25,0.8817577511072159,20
post_rope,q,1,21,26,0.9214899271726609,20
post_rope,q,1,21,27,0.9012224823236465,20
post_rope,q,1,22,-1,0.891553008556366,560
post_rope,q,1,22,0,0.891663309931755,20
post_rope,q,1,22,1,0.8818673908710479,20
post_rope,q,1,22,2,0.8560107856988907,20
post_rope,q,1,22,3,0.8421648055315017,20
post_rope,q,1,22,4,0.8566329658031464,20
post_rope,q,1,22,5,0.8533185482025146,20
post_rope,q,1,22,6,0.8650881320238113,20
post_rope,q,1,22,7,0.8823219835758209,20
post_rope,q,1,22,8,0.8991324782371521,20
post_rope,q,1,22,9,0.9121528804302216,20
post_rope,q,1,22,10,0.8815479516983032,20
post_rope,q,1,22,11,0.8861731976270676,20
post_rope,q,1,22,12,0.8885386556386947,20
post_rope,q,1,22,13,0.8943442344665528,20
post_rope,q,1,22,14,0.9240490227937699,20
post_rope,q,1,22,15,0.9259622007608413,20
post_rope,q,1,22,16,0.8725342243909836,20
post_rope,q,1,22,17,0.9129280835390091,20
post_rope,q,1,22,18,0.9225899338722229,20
post_rope,q,1,22,19,0.9116057991981507,20
post_rope,q,1,22,20,0.9070948123931885,20
post_rope,q,1,22,21,0.8782082229852677,20
post_rope,q,1,22,22,0.8985480070114136,20
post_rope,q,1,22,23,0.9191554993391037,20
post_rope,q,1,22,24,0.8855952978134155,20
post_rope,q,1,22,25,0.9171369969844818,20
post_rope,q,1,22,26,0.9017448604106904,20
post_rope,q,1,22,27,0.8953739792108536,20
post_rope,q,1,23,-1,0.8951843619346619,560
post_rope,q,1,23,0,0.9344893336296082,20
post_rope,q,1,23,1,0.925923365354538,20
post_rope,q,1,23,2,0.9252452939748764,20
post_rope,q,1,23,3,0.9261494636535644,20
post_rope,q,1,23,4,0.9332108110189438,20
post_rope,q,1,23,5,0.9197640180587768,20
post_rope,q,1,23,6,0.9072196871042252,20
post_rope,q,1,23,7,0.8967631965875625,20
post_rope,q,1,23,8,0.8599808603525162,20
post_rope,q,1,23,9,0.8716355293989182,20
post_rope,q,1,23,10,0.8553347319364548,20
post_rope,q,1,23,11,0.8488549888134003,20
post_rope,q,1,23,12,0.8544597566127777,20
post_rope,q,1,23,13,0.8320797383785248,20
post_rope,q,1,23,14,0.8610306680202484,20
post_rope,q,1,23,15,0.8780135005712509,20
post_rope,q,1,23,16,0.8831352204084396,20
post_rope,q,1,23,17,0.8854013025760651,20
post_rope,q,1,23,18,0.9013518214225769,20
post_rope,q,1,23,19,0.8833392411470413,20
post_rope,q,1,23,20,0.8873449683189392,20
post_rope,q,1,23,21,0.9211014956235886,20
post_rope,q,1,23,22,0.9340599745512008,20
post_rope,q,1,23,23,0.9063850492238998,20
post_rope,q,1,23,24,0.9149209976196289,20
post_rope,q,1,23,25,0.8729114919900894,20
post_rope,q,1,23,26,0.9300186425447464,20
post_rope,q,1,23,27,0.9150366008281707,20
post_rope,q,1,24,-1,0.8946913778781891,560
post_rope,q,1,24,0,0.9091073632240295,20
post_rope,q,1,24,1,0.9004970163106918,20
post_rope,q,1,24,2,0.9276577472686768,20
post_rope,q,1,24,3,0.8423072338104248,20
post_rope,q,1,24,4,0.9384796261787415,20
post_rope,q,1,24,5,0.941610473394394,20
post_rope,q,1,24,6,0.9438397586345673,20
post_rope,q,1,24,7,0.8540669977664948,20
post_rope,q,1,24,8,0.8656127870082855,20
post_rope,q,1,24,9,0.9147308081388473,20
post_rope,q,1,24,10,0.8843512803316116,20
post_rope,q,1,24,11,0.8780943781137467,20
post_rope,q,1,24,12,0.8783605098724365,20
post_rope,q,1,24,13,0.8436506152153015,20
post_rope,q,1,24,14,0.9349155724048615,20
post_rope,q,1,24,15,0.9145510345697403,20
post_rope,q,1,24,16,0.9277089804410934,20
post_rope,q,1,24,17,0.915962740778923,20
post_rope,q,1,24,18,0.9021332263946533,20
post_rope,q,1,24,19,0.9081988245248794,20
post_rope,q,1,24,20,0.9278275758028031,20
post_rope,q,1,24,21,0.8440724164247513,20
post_rope,q,1,24,22,0.8842357993125916,20
post_rope,q,1,24,23,0.8502234995365143,20
post_rope,q,1,24,24,0.8707989931106568,20
post_rope,q,1,24,25,0.8887623876333237,20
post_rope,q,1,24,26,0.8901160210371017,20
post_rope,q,1,24,27,0.8694847136735916,20
post_rope,q,1,25,-1,0.8922426491975785,560
post_rope,q,1,25,0,0.898692736029625,20
post_rope,q,1,25,1,0.8882426500320435,20
post_rope,q,1,25,2,0.9044875353574753,20
post_rope,q,1,25,3,0.9113271772861481,20
post_rope,q,1,25,4,0.8677823722362519,20
post_rope,q,1,25,5,0.9000356316566467,20
post_rope,q,1,25,6,0.8864682435989379,20
post_rope,q,1,25,7,0.8931136131286621,20
post_rope,q,1,25,8,0.8871956467628479,20
post_rope,q,1,25,9,0.8870106965303421,20
post_rope,q,1,25,10,0.888509726524353,20
post_rope,q,1,25,11,0.9023977249860764,20
post_rope,q,1,25,12,0.8248932391405106,20
post_rope,q,1,25,13,0.8889784485101699,20
post_rope,q,1,25,14,0.8776463389396667,20
post_rope,q,1,25,15,0.8317655503749848,20
post_rope,q,1,25,16,0.9470357388257981,20
post_rope,q,1,25,17,0.9034617513418197,20
post_rope,q,1,25,18,0.9095022678375244,20
post_rope,q,1,25,19,0.9036625117063523,20
post_rope,q,1,25,20,0.863709443807602,20
post_rope,q,1,25,21,0.9298151850700378,20
post_rope,q,1,25,22,0.9117626219987869,20
post_rope,q,1,25,23,0.8945648550987244,20
post_rope,q,1,25,24,0.8885110139846801,20
post_rope,q,1,25,25,0.8540105998516083,20
post_rope,q,1,25,26,0.9174672424793243,20
post_rope,q,1,25,27,0.9207433819770813,20
post_rope,q,1,26,-1,0.8584500849246979,560
post_rope,q,1,26,0,0.8463522642850876,20
post_rope,q,1,26,1,0.8889188766479492,20
post_rope,q,1,26,2,0.8800139635801315,20
post_rope,q,1,26,3,0.8901136428117752,20
post_rope,q,1,26,4,0.8597353219985961,20
post_rope,q,1,26,5,0.8569046348333359,20
post_rope,q,1,26,6,0.8779777705669403,20
post_rope,q,1,26,7,0.8470537424087524,20
post_rope,q,1,26,8,0.8168457686901093,20
post_rope,q,1,26,9,0.8399255692958831,20
post_rope,q,1,26,10,0.8483755856752395,20
post_rope,q,1,26,11,0.7446898370981216,20
post_rope,q,1,26,12,0.9083076328039169,20
post_rope,q,1,26,13,0.7782515734434128,20
post_rope,q,1,26,14,0.8568438947200775,20
post_rope,q,1,26,15,0.8545766413211823,20
post_rope,q,1,26,16,0.8641826629638671,20
post_rope,q,1,26,17,0.9048670291900635,20
post_rope,q,1,26,18,0.8969788491725922,20
post_rope,q,1,26,19,0.8926244586706161,20
post_rope,q,1,26,20,0.9056582868099212,20
post_rope,q,1,26,21,0.8719844162464142,20
post_rope,q,1,26,22,0.8294834405183792,20
post_rope,q,1,26,23,0.8632298827171325,20
post_rope,q,1,26,24,0.8594212234020233,20
post_rope,q,1,26,25,0.8174599200487137,20
post_rope,q,1,26,26,0.8989695578813552,20
post_rope,q,1,26,27,0.8368562042713166,20
post_rope,q,1,27,-1,0.8440985023975373,560
post_rope,q,1,27,0,0.8850312739610672,20
post_rope,q,1,27,1,0.8882974714040757,20
post_rope,q,1,27,2,0.8642874509096146,20
post_rope,q,1,27,3,0.8905613005161286,20
post_rope,q,1,27,4,0.8899821490049362,20
post_rope,q,1,27,5,0.889824029803276,20
post_rope,q,1,27,6,0.84064601957798,20
post_rope,q,1,27,7,0.746723398566246,20
post_rope,q,1,27,8,0.8168078124523163,20
post_rope,q,1,27,9,0.8252176970243454,20
post_rope,q,1,27,10,0.8631655752658844,20
post_rope,q,1,27,11,0.7535232841968537,20
post_rope,q,1,27,12,0.9035876423120499,20
post_rope,q,1,27,13,0.860178142786026,20
post_rope,q,1,27,14,0.7773153275251389,20
post_rope,q,1,27,15,0.7655367910861969,20
post_rope,q,1,27,16,0.8082545518875122,20
post_rope,q,1,27,17,0.8461426973342896,20
post_rope,q,1,27,18,0.7975636005401612,20
post_rope,q,1,27,19,0.8578152298927307,20
post_rope,q,1,27,20,0.7731161922216415,20
post_rope,q,1,27,21,0.8697860568761826,20
post_rope,q,1,27,22,0.8721261739730835,20
post_rope,q,1,27,23,0.8664850026369095,20
post_rope,q,1,27,24,0.8546336948871612,20
post_rope,q,1,27,25,0.9024144440889359,20
post_rope,q,1,27,26,0.8511681973934173,20
post_rope,q,1,27,27,0.874567061662674,20
post_rope,q,2,0,-1,0.7896525594923232,504
post_rope,q,2,0,0,0.7325578538907899,18
post_rope,q,2,0,1,0.8269447154468961,18
post_rope,q,2,0,2,0.7706750531991323,18
post_rope,q,2,0,3,0.7171540516946051,18
post_rope,q,2,0,4,0.7991839514838325,18
post_rope,q,2,0,5,0.7541961405012343,18
post_rope,q,2,0,6,0.23560698909891975,18
post_rope,q,2,0,7,0.7128613856103685,18
post_rope,q,2,0,8,0.8277690245045556,18
post_rope,q,2,0,9,0.8705873456266191,18
post_rope,q,2,0,10,0.8584904786613252,18
post_rope,q,2,0,11,0.8722537027464973,18
post_rope,q,2,0,12,0.8546801110108694,18
post_rope,q,2,0,13,0.8159030477205912,18
post_rope,q,2,0,14,0.9547659787866805,18
post_rope,q,2,0,15,0.8737681574291654,18
post_rope,q,2,0,16,0.8490554855929481,18
post_rope,q,2,0,17,0.8638294736544291,18
post_rope,q,2,0,18,0.9436559478441874,18
post_rope,q,2,0,19,0.924859944317076,18
post_rope,q,2,0,20,0.7519350283675723,18
post_rope,q,2,0,21,0.7667703794108497,18
post_rope,q,2,0,22,0.7381769998206033,18
post_rope,q,2,0,23,0.6793890761004554,18
post_rope,q,2,0,24,0.6846519046359592,18
post_rope,q,2,0,25,0.8718211518393623,18
post_rope,q,2,0,26,0.6792924205462137,18
post_rope,q,2,0,27,0.879436559147305,18
post_rope,q,2,1,-1,0.8404795527458191,504
post_rope,q,2,1,0,0.887155122227139,18
post_rope,q,2,1,1,0.957142647769716,18
post_rope,q,2,1,2,0.9264288445313772,18
post_rope,q,2,1,3,0.7397972577148013,18
post_rope,q,2,1,4,0.9175955785645379,18
post_rope,q,2,1,5,0.9223283065689935,18
post_rope,q,2,1,6,0.919684973027971,18
post_rope,q,2,1,7,0.7609245048628913,18
post_rope,q,2,1,8,0.8099322451485528,18
post_rope,q,2,1,9,0.9195158812734816,18
post_rope,q,2,1,10,0.860197987821367,18
post_rope,q,2,1,11,0.7389524877071381,18
post_rope,q,2,1,12,0.8406472901503245,18
post_rope,q,2,1,13,0.8612573875321282,18
post_rope,q,2,1,14,0.7725692888100942,18
post_rope,q,2,1,15,0.7501244876119826,18
post_rope,q,2,1,16,0.7963990370432535,18
post_rope,q,2,1,17,0.8841317660278745,18
post_rope,q,2,1,18,0.6676671339405907,18
post_rope,q,2,1,19,0.7687785426775614,18
post_rope,q,2,1,20,0.8227416475613912,18
post_rope,q,2,1,21,0.9543974763817258,18
post_rope,q,2,1,22,0.9218174748950534,18
post_rope,q,2,1,23,0.7028786672486199,18
post_rope,q,2,1,24,0.7556366225083669,18
post_rope,q,2,1,25,0.8873007992903391,18
post_rope,q,2,1,26,0.9417147007253435,18
post_rope,q,2,1,27,0.8457095126310984,18
post_rope,q,2,2,-1,0.812356389231152,504
post_rope,q,2,2,0,0.8674177726109823,18
post_rope,q,2,2,1,0.6898925768004524,18
post_rope,q,2,2,2,0.8468914892938402,18
post_rope,q,2,2,3,0.8362429473135207,18
post_rope,q,2,2,4,0.7205348213513693,18
post_rope,q,2,2,5,0.8626189000076718,18
post_rope,q,2,2,6,0.8344184590710534,18
post_rope,q,2,2,7,0.8073395358191596,18
post_rope,q,2,2,8,0.8203169935279422,18
post_rope,q,2,2,9,0.7723131411605411,18
post_rope,q,2,2,10,0.8387691146797605,18
post_rope,q,2,2,11,0.8424096008141836,18
post_rope,q,2,2,12,0.8490263819694519,18
post_rope,q,2,2,13,0.7847881747616662,18
post_rope,q,2,2,14,0.799392988284429,18
post_rope,q,2,2,15,0.7884103655815125,18
post_rope,q,2,2,16,0.8923859794934591,18
post_rope,q,2,2,17,0.8569491571850247,18
post_rope,q,2,2,18,0.8036340508196089,18
post_rope,q,2,2,19,0.798538370264901,18
post_rope,q,2,2,20,0.8482023047076331,18
post_rope,q,2,2,21,0.9107079671488868,18
post_rope,q,2,2,22,0.6716625690460205,18
post_rope,q,2,2,23,0.8833131161000993,18
post_rope,q,2,2,24,0.8303592734866672,18
post_rope,q,2,2,25,0.7795776360564761,18
post_rope,q,2,2,26,0.6549709008799659,18
post_rope,q,2,2,27,0.8548944890499115,18
post_rope,q,2,3,-1,0.8076661626497904,504
post_rope,q,2,3,0,0.7193332182036506,18
post_rope,q,2,3,1,0.8092853261364831,18
post_rope,q,2,3,2,0.7991680900255839,18
post_rope,q,2,3,3,0.8379345470004611,18
post_rope,q,2,3,4,0.7939486172464159,18
post_rope,q,2,3,5,0.817959424522188,18
post_rope,q,2,3,6,0.8583891358640459,18
post_rope,q,2,3,7,0.9484405848715041,18
post_rope,q,2,3,8,0.6057605230145984,18
post_rope,q,2,3,9,0.8331514497598013,18
post_rope,q,2,3,10,0.5221708996428384,18
post_rope,q,2,3,11,0.7922292517291175,18
post_rope,q,2,3,12,0.7764271729522281,18
post_rope,q,2,3,13,0.696423653099272,18
post_rope,q,2,3,14,0.895628250307507,18
post_rope,q,2,3,15,0.8664089838663737,18
post_rope,q,2,3,16,0.8298390044106377,18
post_rope,q,2,3,17,0.8448578847779168,18
post_rope,q,2,3,18,0.8601623177528381,18
post_rope,q,2,3,19,0.8718492620521121,18
post_rope,q,2,3,20,0.8959801461961534,18
post_rope,q,2,3,21,0.8422491053740183,18
post_rope,q,2,3,22,0.7650262845887078,18
post_rope,q,2,3,23,0.8206102848052979,18
post_rope,q,2,3,24,0.7940192023913065,18
post_rope,q,2,3,25,0.8304416239261627,18
post_rope,q,2,3,26,0.8452963762813144,18
post_rope,q,2,3,27,0.8416618903477987,18
post_rope,q,2,4,-1,0.9043839143382179,504
post_rope,q,2,4,0,0.9240117635991838,18
post_rope,q,2,4,1,0.9129443599118127,18
post_rope,q,2,4,2,0.9423537188106113,18
post_rope,q,2,4,3,0.9196708235475752,18
post_rope,q,2,4,4,0.9399653805626763,18
post_rope,q,2,4,5,0.8767493830786811,18
post_rope,q,2,4,6,0.9206110040346781,18
post_rope,q,2,4,7,0.7860386305385165,18
post_rope,q,2,4,8,0.8712686830096774,18
post_rope,q,2,4,9,0.8968189292483859,18
post_rope,q,2,4,10,0.8582953049076928,18
post_rope,q,2,4,11,0.9017937150266435,18
post_rope,q,2,4,12,0.9120124247339036,18
post_rope,q,2,4,13,0.809051106373469,18
post_rope,q,2,4,14,0.9626258711020151,18
post_rope,q,2,4,15,0.9502622154023912,18
post_rope,q,2,4,16,0.9417745537228055,18
post_rope,q,2,4,17,0.8057709601190355,18
post_rope,q,2,4,18,0.8758848905563354,18
post_rope,q,2,4,19,0.9325626558727689,18
post_rope,q,2,4,20,0.91634511285358,18
post_rope,q,2,4,21,0.9419970644844903,18
post_rope,q,2,4,22,0.96009651488728,18
post_rope,q,2,4,23,0.8370199170377519,18
post_rope,q,2,4,24,0.9186478588316176,18
post_rope,q,2,4,25,0.9449963470300039,18
post_rope,q,2,4,26,0.9148281017939249,18
post_rope,q,2,4,27,0.9483525786134932,18
post_rope,q,2,5,-1,0.884136352274153,504
post_rope,q,2,5,0,0.9073808954821693,18
post_rope,q,2,5,1,0.9220469991366068,18
post_rope,q,2,5,2,0.9164595272805955,18
post_rope,q,2,5,3,0.9159538017378913,18
post_rope,q,2,5,4,0.9480054014258914,18
post_rope,q,2,5,5,0.8253057499726614,18
post_rope,q,2,5,6,0.8586880134211646,18
post_rope,q,2,5,7,0.9024759431680044,18
post_rope,q,2,5,8,0.8577816784381866,18
post_rope,q,2,5,9,0.9169016910923852,18
post_rope,q,2,5,10,0.9005388683742948,18
post_rope,q,2,5,11,0.7884658442603217,18
post_rope,q,2,5,12,0.9140624602635702,18
post_rope,q,2,5,13,0.84207307961252,18
post_rope,q,2,5,14,0.8778910338878632,18
post_rope,q,2,5,15,0.8392340772681766,18
post_rope,q,2,5,16,0.8956549300087823,18
post_rope,q,2,5,17,0.8267186846998003,18
post_rope,q,2,5,18,0.8098614083396064,18
post_rope,q,2,5,19,0.7720543543497721,18
post_rope,q,2,5,20,0.8036049703756968,18
post_rope,q,2,5,21,0.8637393315633138,18
post_rope,q,2,5,22,0.960617740948995,18
post_rope,q,2,5,23,0.9458804263008965,18
post_rope,q,2,5,24,0.9493455224566989,18
post_rope,q,2,5,25,0.91629472706053,18
post_rope,q,2,5,26,0.9292876289950477,18
post_rope,q,2,5,27,0.9494930571979947,18
post_rope,q,2,6,-1,0.9052415721946292,504
post_rope,q,2,6,0,0.9212360945012834,18
post_rope,q,2,6,1,0.9353500074810452,18
post_rope,q,2,6,2,0.9278067052364349,18
post_rope,q,2,6,3,0.9254936443434821,18
post_rope,q,2,6,4,0.9242831534809537,18
post_rope,q,2,6,5,0.9369812177287208,18
post_rope,q,2,6,6,0.7820986608664194,18
post_rope,q,2,6,7,0.9123920235368941,18
post_rope,q,2,6,8,0.9288821683989631,18
post_rope,q,2,6,9,0.9293140769004822,18
post_rope,q,2,6,10,0.8406066762076484,18
post_rope,q,2,6,11,0.9050140910678439,18
post_rope,q,2,6,12,0.8901807599597507,18
post_rope,q,2,6,13,0.9019568761189779,18
post_rope,q,2,6,14,0.90825488169988,18
post_rope,q,2,6,15,0.9268581734763252,18
post_rope,q,2,6,16,0.879305276605818,18
post_rope,q,2,6,17,0.7828776207235124,18
post_rope,q,2,6,18,0.8490368756983016,18
post_rope,q,2,6,19,0.9485033320056068,18
post_rope,q,2,6,20,0.9464326567120023,18
post_rope,q,2,6,21,0.9358199205663469,18
post_rope,q,2,6,22,0.9257931609948477,18
post_rope,q,2,6,23,0.8544763657781813,18
post_rope,q,2,6,24,0.9398783047993978,18
post_rope,q,2,6,25,0.909858461883333,18
post_rope,q,2,6,26,0.9208214845922258,18
post_rope,q,2,6,27,0.9572514030668471,18
post_rope,q,2,7,-1,0.861984650293986,504
post_rope,q,2,7,0,0.8896681335237291,18
post_rope,q,2,7,1,0.885107179482778,18
post_rope,q,2,7,2,0.7942215684387419,18
post_rope,q,2,7,3,0.9201990299754672,18
post_rope,q,2,7,4,0.8953840732574463,18
post_rope,q,2,7,5,0.8585353891054789,18
post_rope,q,2,7,6,0.7390655411614312,18
post_rope,q,2,7,7,0.8444586296876272,18
post_rope,q,2,7,8,0.9014940990342034,18
post_rope,q,2,7,9,0.9215864605373807,18
post_rope,q,2,7,10,0.8059802386495802,18
post_rope,q,2,7,11,0.925586912367079,18
post_rope,q,2,7,12,0.9322572350502014,18
post_rope,q,2,7,13,0.9120440350638496,18
post_rope,q,2,7,14,0.8760606381628249,18
post_rope,q,2,7,15,0.7785679433080885,18
post_rope,q,2,7,16,0.9025108913580576,18
post_rope,q,2,7,17,0.9023583266470168,18
post_rope,q,2,7,18,0.8834490875403086,18
post_rope,q,2,7,19,0.8209034866756864,18
post_rope,q,2,7,20,0.8453810976611243,18
post_rope,q,2,7,21,0.878466890917884,18
post_rope,q,2,7,22,0.8050882981883155,18
post_rope,q,2,7,23,0.802023536629147,18
post_rope,q,2,7,24,0.8347034189436171,18
post_rope,q,2,7,25,0.8939348061879476,18
post_rope,q,2,7,26,0.8795198566383786,18
post_rope,q,2,7,27,0.8070137931240929,18
post_rope,q,2,8,-1,0.9006884230507745,504
post_rope,q,2,8,0,0.9333998362223307,18
post_rope,q,2,8,1,0.940010001262029,18
post_rope,q,2,8,2,0.9062922067112393,18
post_rope,q,2,8,3,0.8844619923167758,18
post_rope,q,2,8,4,0.8524528741836548,18
post_rope,q,2,8,5,0.9318240351147122,18
post_rope,q,2,8,6,0.8397097090880076,18
post_rope,q,2,8,7,0.9302192164791955,18
post_rope,q,2,8,8,0.9394286341137357,18
post_rope,q,2,8,9,0.9496742784976959,18
post_rope,q,2,8,10,0.9506048361460367,18
post_rope,q,2,8,11,0.9173725677861108,18
post_rope,q,2,8,12,0.9411075048976474,18
post_rope,q,2,8,13,0.9186787307262421,18
post_rope,q,2,8,14,0.9288150204552544,18
post_rope,q,2,8,15,0.9259800778494941,18
post_rope,q,2,8,16,0.9410864644580417,18
post_rope,q,2,8,17,0.9184640480412377,18
post_rope,q,2,8,18,0.9339704182412889,18
post_rope,q,2,8,19,0.935009370247523,18
post_rope,q,2,8,20,0.9083691206243303,18
post_rope,q,2,8,21,0.884131348795361,18
post_rope,q,2,8,22,0.7818324267864227,18
post_rope,q,2,8,23,0.8115115165710449,18
post_rope,q,2,8,24,0.8809706833627489,18
post_rope,q,2,8,25,0.8519040015008714,18
post_rope,q,2,8,26,0.8520552681552039,18
post_rope,q,2,8,27,0.8299398256672753,18
post_rope,q,2,9,-1,0.838722848229938,504
post_rope,q,2,9,0,0.8641510903835297,18
post_rope,q,2,9,1,0.8953191174401177,18
post_rope,q,2,9,2,0.8091626365979513,18
post_rope,q,2,9,3,0.8516149057282342,18
post_rope,q,2,9,4,0.8661289049519433,18
post_rope,q,2,9,5,0.8282224701510535,18
post_rope,q,2,9,6,0.9265828629334768,18
post_rope,q,2,9,7,0.892941544453303,18
post_rope,q,2,9,8,0.7256215413411459,18
post_rope,q,2,9,9,0.8611444996462928,18
post_rope,q,2,9,10,0.8387748168574439,18
post_rope,q,2,9,11,0.8393794430626763,18
post_rope,q,2,9,12,0.901236527495914,18
post_rope,q,2,9,13,0.8284472193982866,18
post_rope,q,2,9,14,0.8855791058805254,18
post_rope,q,2,9,15,0.8456167578697205,18
post_rope,q,2,9,16,0.7506489389472537,18
post_rope,q,2,9,17,0.8286650644408332,18
post_rope,q,2,9,18,0.7980730268690321,18
post_rope,q,2,9,19,0.7467601994673411,18
post_rope,q,2,9,20,0.8583991560671065,18
post_rope,q,2,9,21,0.8700378636519114,18
post_rope,q,2,9,22,0.8127645949522654,18
post_rope,q,2,9,23,0.8144741654396057,18
post_rope,q,2,9,24,0.8795973459879557,18
post_rope,q,2,9,25,0.8180423047807481,18
post_rope,q,2,9,26,0.8617265456252627,18
post_rope,q,2,9,27,0.7851268781556023,18
post_rope,q,2,10,-1,0.9160917666223314,504
post_rope,q,2,10,0,0.887225521935357,18
post_rope,q,2,10,1,0.755372640159395,18
post_rope,q,2,10,2,0.8257995016045041,18
post_rope,q,2,10,3,0.9550355474154154,18
post_rope,q,2,10,4,0.9366072449419234,18
post_rope,q,2,10,5,0.964323576953676,18
post_rope,q,2,10,6,0.863286382622189,18
post_rope,q,2,10,7,0.9315642217795054,18
post_rope,q,2,10,8,0.9313313861687978,18
post_rope,q,2,10,9,0.939818349149492,18
post_rope,q,2,10,10,0.9263943235079447,18
post_rope,q,2,10,11,0.8900874025291867,18
post_rope,q,2,10,12,0.9127822286552854,18
post_rope,q,2,10,13,0.9305366145239936,18
post_rope,q,2,10,14,0.9425561130046844,18
post_rope,q,2,10,15,0.9386912021372054,18
post_rope,q,2,10,16,0.9549473424752554,18
post_rope,q,2,10,17,0.9571640392144521,18
post_rope,q,2,10,18,0.9401825070381165,18
post_rope,q,2,10,19,0.9418414798047807,18
post_rope,q,2,10,20,0.9043331278695,18
post_rope,q,2,10,21,0.9391900532775455,18
post_rope,q,2,10,22,0.9196883506245084,18
post_rope,q,2,10,23,0.9232864280541738,18
post_rope,q,2,10,24,0.8669164213869307,18
post_rope,q,2,10,25,0.9083307716581557,18
post_rope,q,2,10,26,0.9375268353356255,18
post_rope,q,2,10,27,0.9257494144969516,18
post_rope,q,2,11,-1,0.907746692498525,504
post_rope,q,2,11,0,0.9124753442075517,18
post_rope,q,2,11,1,0.7105538414584266,18
post_rope,q,2,11,2,0.9508442547586229,18
post_rope,q,2,11,3,0.9464002483420901,18
post_rope,q,2,11,4,0.9657329089111752,18
post_rope,q,2,11,5,0.9497708115312788,18
post_rope,q,2,11,6,0.9182048936684927,18
post_rope,q,2,11,7,0.9204678535461426,18
post_rope,q,2,11,8,0.8463991483052572,18
post_rope,q,2,11,9,0.9419779049025642,18
post_rope,q,2,11,10,0.9363666772842407,18
post_rope,q,2,11,11,0.9221658806006113,18
post_rope,q,2,11,12,0.8828975094689263,18
post_rope,q,2,11,13,0.9445394906732771,18
post_rope,q,2,11,14,0.9193422695000967,18
post_rope,q,2,11,15,0.9188679357369741,18
post_rope,q,2,11,16,0.8940694530804952,18
post_rope,q,2,11,17,0.9215001364549001,18
post_rope,q,2,11,18,0.9162495533625284,18
post_rope,q,2,11,19,0.9270041386286417,18
post_rope,q,2,11,20,0.926902625295851,18
post_rope,q,2,11,21,0.9104539420869615,18
post_rope,q,2,11,22,0.8808166484038035,18
post_rope,q,2,11,23,0.8822308911217583,18
post_rope,q,2,11,24,0.8522728847132789,18
post_rope,q,2,11,25,0.9126595324940152,18
post_rope,q,2,11,26,0.898609846830368,18
post_rope,q,2,11,27,0.9071315361393822,18
post_rope,q,2,12,-1,0.8758114145861732,504
post_rope,q,2,12,0,0.5969978902075026,18
post_rope,q,2,12,1,0.8903897603352865,18
post_rope,q,2,12,2,0.8561282290352715,18
post_rope,q,2,12,3,0.914676136440701,18
post_rope,q,2,12,4,0.9163218471739027,18
post_rope,q,2,12,5,0.8774581087960137,18
post_rope,q,2,12,6,0.8615787790881263,18
post_rope,q,2,12,7,0.8172320955329471,18
post_rope,q,2,12,8,0.9075259036488004,18
post_rope,q,2,12,9,0.8763207958804237,18
post_rope,q,2,12,10,0.9193361534012688,18
post_rope,q,2,12,11,0.9357562396261427,18
post_rope,q,2,12,12,0.8973522947894202,18
post_rope,q,2,12,13,0.909245596991645,18
post_rope,q,2,12,14,0.8797875212298499,18
post_rope,q,2,12,15,0.8571260107888116,18
post_rope,q,2,12,16,0.8278383182154762,18
post_rope,q,2,12,17,0.8421966996457841,18
post_rope,q,2,12,18,0.8881294495529599,18
post_rope,q,2,12,19,0.8494146797392104,18
post_rope,q,2,12,20,0.807689423362414,18
post_rope,q,2,12,21,0.9165809386306338,18
post_rope,q,2,12,22,0.9402404493755765,18
post_rope,q,2,12,23,0.9186663031578064,18
post_rope,q,2,12,24,0.8571677539083693,18
post_rope,q,2,12,25,0.9368605249457889,18
post_rope,q,2,12,26,0.9051230980290307,18
post_rope,q,2,12,27,0.919578363498052,18
post_rope,q,2,13,-1,0.8718474904696146,504
post_rope,q,2,13,0,0.8910794423686134,18
post_rope,q,2,13,1,0.8752782709068723,18
post_rope,q,2,13,2,0.8127889864974551,18
post_rope,q,2,13,3,0.8717674182520972,18
post_rope,q,2,13,4,0.8673136565420363,18
post_rope,q,2,13,5,0.882831076780955,18
post_rope,q,2,13,6,0.8460291988319821,18
post_rope,q,2,13,7,0.9522242877218459,18
post_rope,q,2,13,8,0.8730752136972215,18
post_rope,q,2,13,9,0.9230040841632419,18
post_rope,q,2,13,10,0.9195252193344964,18
post_rope,q,2,13,11,0.7960064742300246,18
post_rope,q,2,13,12,0.8715601960817972,18
post_rope,q,2,13,13,0.7376092241870033,18
post_rope,q,2,13,14,0.898754295375612,18
post_rope,q,2,13,15,0.8985121813085344,18
post_rope,q,2,13,16,0.8586586548222436,18
post_rope,q,2,13,17,0.8650248613622453,18
post_rope,q,2,13,18,0.8362185392114851,18
post_rope,q,2,13,19,0.8585201932324303,18
post_rope,q,2,13,20,0.8730219867494371,18
post_rope,q,2,13,21,0.8966019848982493,18
post_rope,q,2,13,22,0.8908091187477112,18
post_rope,q,2,13,23,0.8872249788708158,18
post_rope,q,2,13,24,0.8799129062228732,18
post_rope,q,2,13,25,0.8690063324239519,18
post_rope,q,2,13,26,0.8830203182167478,18
post_rope,q,2,13,27,0.8963511056370206,18
post_rope,q,2,14,-1,0.8553051054477692,504
post_rope,q,2,14,0,0.8084090616967943,18
post_rope,q,2,14,1,0.8107791013187833,18
post_rope,q,2,14,2,0.8225319352414873,18
post_rope,q,2,14,3,0.8817279669973586,18
post_rope,q,2,14,4,0.8142410384284126,18
post_rope,q,2,14,5,0.859779480430815,18
post_rope,q,2,14,6,0.8213166991869608,18
post_rope,q,2,14,7,0.8719671103689406,18
post_rope,q,2,14,8,0.8728466033935547,18
post_rope,q,2,14,9,0.8861079580254025,18
post_rope,q,2,14,10,0.8981982502672408,18
post_rope,q,2,14,11,0.8774628241856893,18
post_rope,q,2,14,12,0.8853002587954203,18
post_rope,q,2,14,13,0.8997638391123878,18
post_rope,q,2,14,14,0.872350639767117,18
post_rope,q,2,14,15,0.8447618583838145,18
post_rope,q,2,14,16,0.8832452694574991,18
post_rope,q,2,14,17,0.8621032238006592,18
post_rope,q,2,14,18,0.838055796093411,18
post_rope,q,2,14,19,0.8632790678077273,18
post_rope,q,2,14,20,0.8646999100844065,18
post_rope,q,2,14,21,0.8995229171382056,18
post_rope,q,2,14,22,0.8583488365014394,18
post_rope,q,2,14,23,0.8504687911934323,18
post_rope,q,2,14,24,0.9018516639868418,18
post_rope,q,2,14,25,0.6559784445497725,18
post_rope,q,2,14,26,0.9017293486330245,18
post_rope,q,2,14,27,0.8417149053679572,18
post_rope,q,2,15,-1,0.8753847645388709,504
post_rope,q,2,15,0,0.9106257889005873,18
post_rope,q,2,15,1,0.8721792333655887,18
post_rope,q,2,15,2,0.9167996578746371,18
post_rope,q,2,15,3,0.9246999025344849,18
post_rope,q,2,15,4,0.8948862420188056,18
post_rope,q,2,15,5,0.8858978516525693,18
post_rope,q,2,15,6,0.8989599049091339,18
post_rope,q,2,15,7,0.9130131039354537,18
post_rope,q,2,15,8,0.9275927543640137,18
post_rope,q,2,15,9,0.9122168587313758,18
post_rope,q,2,15,10,0.9665308197339376,18
post_rope,q,2,15,11,0.7738316456476847,18
post_rope,q,2,15,12,0.9323764906989204,18
post_rope,q,2,15,13,0.930254750781589,18
post_rope,q,2,15,14,0.82678465379609,18
post_rope,q,2,15,15,0.8191702100965712,18
post_rope,q,2,15,16,0.8653629256619347,18
post_rope,q,2,15,17,0.9036790861023797,18
post_rope,q,2,15,18,0.7443987627824148,18
post_rope,q,2,15,19,0.8668188121583726,18
post_rope,q,2,15,20,0.7806137800216675,18
post_rope,q,2,15,21,0.8969113396273719,18
post_rope,q,2,15,22,0.8930182258288065,18
post_rope,q,2,15,23,0.8545661105049981,18
post_rope,q,2,15,24,0.7871627774503496,18
post_rope,q,2,15,25,0.841374268134435,18
post_rope,q,2,15,26,0.9219910469320085,18
post_rope,q,2,15,27,0.8490563134352366,18
post_rope,q,2,16,-1,0.8321292698383331,504
post_rope,q,2,16,0,0.8335994117789798,18
post_rope,q,2,16,1,0.8247671723365784,18
post_rope,q,2,16,2,0.8450578384929233,18
post_rope,q,2,16,3,0.8334124419424269,18
post_rope,q,2,16,4,0.8521981603569455,18
post_rope,q,2,16,5,0.8419093920124902,18
post_rope,q,2,16,6,0.8174399567974938,18
post_rope,q,2,16,7,0.8318282465140024,18
post_rope,q,2,16,8,0.8147235910097758,18
post_rope,q,2,16,9,0.8225666317674849,18
post_rope,q,2,16,10,0.8783724870946672,18
post_rope,q,2,16,11,0.851240744193395,18
post_rope,q,2,16,12,0.8414152165253957,18
post_rope,q,2,16,13,0.8164885607030656,18
post_rope,q,2,16,14,0.784663458665212,18
post_rope,q,2,16,15,0.8210951354768541,18
post_rope,q,2,16,16,0.8450241188208262,18
post_rope,q,2,16,17,0.8278257449467977,18
post_rope,q,2,16,18,0.8449393709500631,18
post_rope,q,2,16,19,0.8247345917754703,18
post_rope,q,2,16,20,0.8193230198489295,18
post_rope,q,2,16,21,0.8508138755957285,18
post_rope,q,2,16,22,0.8212866253323026,18
post_rope,q,2,16,23,0.8420186142126719,18
post_rope,q,2,16,24,0.8671537637710571,18
post_rope,q,2,16,25,0.8796082635720571,18
post_rope,q,2,16,26,0.758118212223053,18
post_rope,q,2,16,27,0.8079945378833346,18
post_rope,q,2,17,-1,0.8321754634380341,504
post_rope,q,2,17,0,0.840715659989251,18
post_rope,q,2,17,1,0.9154466489950815,18
post_rope,q,2,17,2,0.8727524081865946,18
post_rope,q,2,17,3,0.8698598775598738,18
post_rope,q,2,17,4,0.8230345282289717,18
post_rope,q,2,17,5,0.8934123582310147,18
post_rope,q,2,17,6,0.9202333192030588,18
post_rope,q,2,17,7,0.7604404787222544,18
post_rope,q,2,17,8,0.6882997022734748,18
post_rope,q,2,17,9,0.7356997960143619,18
post_rope,q,2,17,10,0.7179673529333539,18
post_rope,q,2,17,11,0.8331811924775442,18
post_rope,q,2,17,12,0.851201656791899,18
post_rope,q,2,17,13,0.7824622491995493,18
post_rope,q,2,17,14,0.8195586270756192,18
post_rope,q,2,17,15,0.800134582651986,18
post_rope,q,2,17,16,0.829215000073115,18
post_rope,q,2,17,17,0.837366157107883,18
post_rope,q,2,17,18,0.8410326109992133,18
post_rope,q,2,17,19,0.8145929508739047,18
post_rope,q,2,17,20,0.823844658003913,18
post_rope,q,2,17,21,0.8702097203996446,18
post_rope,q,2,17,22,0.8845847282144759,18
post_rope,q,2,17,23,0.8853687478436364,18
post_rope,q,2,17,24,0.768886042965783,18
post_rope,q,2,17,25,0.8970734775066376,18
post_rope,q,2,17,26,0.8287830750147501,18
post_rope,q,2,17,27,0.8955555889341567,18
post_rope,q,2,18,-1,0.8607794609334734,504
post_rope,q,2,18,0,0.7563427189985911,18
post_rope,q,2,18,1,0.9220056302017636,18
post_rope,q,2,18,2,0.9043532510598501,18
post_rope,q,2,18,3,0.8870831794208951,18
post_rope,q,2,18,4,0.918314923842748,18
post_rope,q,2,18,5,0.9202211333645715,18
post_rope,q,2,18,6,0.907770425081253,18
post_rope,q,2,18,7,0.691853662331899,18
post_rope,q,2,18,8,0.9300906658172607,18
post_rope,q,2,18,9,0.8865423036946191,18
post_rope,q,2,18,10,0.7778786023457845,18
post_rope,q,2,18,11,0.8814901245964898,18
post_rope,q,2,18,12,0.888440900378757,18
post_rope,q,2,18,13,0.8819773428969913,18
post_rope,q,2,18,14,0.8651837441656325,18
post_rope,q,2,18,15,0.8824584550327725,18
post_rope,q,2,18,16,0.8401853309737312,18
post_rope,q,2,18,17,0.7499461968739828,18
post_rope,q,2,18,18,0.8571401337782542,18
post_rope,q,2,18,19,0.8862840367688073,18
post_rope,q,2,18,20,0.8894639048311446,18
post_rope,q,2,18,21,0.9035222993956672,18
post_rope,q,2,18,22,0.9171096351411607,18
post_rope,q,2,18,23,0.776575548781289,18
post_rope,q,2,18,24,0.894207798772388,18
post_rope,q,2,18,25,0.7622910969787173,18
post_rope,q,2,18,26,0.8460273543993632,18
post_rope,q,2,18,27,0.8770643836922116,18
post_rope,q,2,19,-1,0.8507070938746134,504
post_rope,q,2,19,0,0.7867957585387759,18
post_rope,q,2,19,1,0.8463704254892137,18
post_rope,q,2,19,2,0.8459238674905565,18
post_rope,q,2,19,3,0.8864602976375155,18
post_rope,q,2,19,4,0.8217625386185117,18
post_rope,q,2,19,5,0.8620900743537478,18
post_rope,q,2,19,6,0.7973054382536147,18
post_rope,q,2,19,7,0.9251828789710999,18
post_rope,q,2,19,8,0.8695131440957388,18
post_rope,q,2,19,9,0.9128430386384329,18
post_rope,q,2,19,10,0.9138618210951487,18
post_rope,q,2,19,11,0.8501273161835141,18
post_rope,q,2,19,12,0.8957982659339905,18
post_rope,q,2,19,13,0.8612690369288126,18
post_rope,q,2,19,14,0.8353379633691576,18
post_rope,q,2,19,15,0.8533490267064836,18
post_rope,q,2,19,16,0.8718696468406253,18
post_rope,q,2,19,17,0.8465520209736295,18
post_rope,q,2,19,18,0.8354184230168661,18
post_rope,q,2,19,19,0.8488394286897447,18
post_rope,q,2,19,20,0.814086871014701,18
post_rope,q,2,19,21,0.8581422898504469,18
post_rope,q,2,19,22,0.8387462463643816,18
post_rope,q,2,19,23,0.8015647133191427,18
post_rope,q,2,19,24,0.861678358581331,18
post_rope,q,2,19,25,0.8382059269481235,18
post_rope,q,2,19,26,0.8069338798522949,18
post_rope,q,2,19,27,0.8337695830398135,18
post_rope,q,2,20,-1,0.8653411103619469,504
post_rope,q,2,20,0,0.9317729671796163,18
post_rope,q,2,20,1,0.8937925497690836,18
post_rope,q,2,20,2,0.7933522462844849,18
post_rope,q,2,20,3,0.9087170196904076,18
post_rope,q,2,20,4,0.9119085338380601,18
post_rope,q,2,20,5,0.8666406472524008,18
post_rope,q,2,20,6,0.9128052824073367,18
post_rope,q,2,20,7,0.8784303102228377,18
post_rope,q,2,20,8,0.775238553682963,18
post_rope,q,2,20,9,0.768128471242057,18
post_rope,q,2,20,10,0.8648600644535489,18
post_rope,q,2,20,11,0.8248422178957198,18
post_rope,q,2,20,12,0.8478091988298628,18
post_rope,q,2,20,13,0.8819169137212965,18
post_rope,q,2,20,14,0.8740811149279276,18
post_rope,q,2,20,15,0.8990203241507212,18
post_rope,q,2,20,16,0.8980410827530755,18
post_rope,q,2,20,17,0.8308296137385898,18
post_rope,q,2,20,18,0.8688233229849074,18
post_rope,q,2,20,19,0.8644628160529666,18
post_rope,q,2,20,20,0.8933615949418809,18
post_rope,q,2,20,21,0.8832462396886613,18
post_rope,q,2,20,22,0.838718874586953,18
post_rope,q,2,20,23,0.8760219613711039,18
post_rope,q,2,20,24,0.885285410616133,18
post_rope,q,2,20,25,0.8725157611899905,18
post_rope,q,2,20,26,0.8148191107643975,18
post_rope,q,2,20,27,0.8701089024543762,18
post_rope,q,2,21,-1,0.8592897256215414,504
post_rope,q,2,21,0,0.8563492331239912,18
post_rope,q,2,21,1,0.8958729041947259,18
post_rope,q,2,21,2,0.8949503865506914,18
post_rope,q,2,21,3,0.8630743126074473,18
post_rope,q,2,21,4,0.8968294329113431,18
post_rope,q,2,21,5,0.8345725602573819,18
post_rope,q,2,21,6,0.7947589258352915,18
post_rope,q,2,21,7,0.8415955636236403,18
post_rope,q,2,21,8,0.9203886787096659,18
post_rope,q,2,21,9,0.892026404539744,18
post_rope,q,2,21,10,0.9219833612442017,18
post_rope,q,2,21,11,0.9125149912304349,18
post_rope,q,2,21,12,0.9160334799024794,18
post_rope,q,2,21,13,0.8226097623507181,18
post_rope,q,2,21,14,0.834045774406857,18
post_rope,q,2,21,15,0.6367776758140988,18
post_rope,q,2,21,16,0.8954827090104421,18
post_rope,q,2,21,17,0.7664561006757948,18
post_rope,q,2,21,18,0.894555475976732,18
post_rope,q,2,21,19,0.8359963860776689,18
post_rope,q,2,21,20,0.8962723049852583,18
post_rope,q,2,21,21,0.8826237850719028,18
post_rope,q,2,21,22,0.8782200647724999,18
post_rope,q,2,21,23,0.772263271941079,18
post_rope,q,2,21,24,0.9024244248867035,18
post_rope,q,2,21,25,0.8395631578233507,18
post_rope,q,2,21,26,0.8947180178430345,18
post_rope,q,2,21,27,0.8671528895696005,18
post_rope,q,2,22,-1,0.8368643191125658,504
post_rope,q,2,22,0,0.8375692566235861,18
post_rope,q,2,22,1,0.8226592540740967,18
post_rope,q,2,22,2,0.7706804308626387,18
post_rope,q,2,22,3,0.7179030776023865,18
post_rope,q,2,22,4,0.7506948543919457,18
post_rope,q,2,22,5,0.7599376738071442,18
post_rope,q,2,22,6,0.7880387935373518,18
post_rope,q,2,22,7,0.8239372703764174,18
post_rope,q,2,22,8,0.845734695593516,18
post_rope,q,2,22,9,0.8655155400435129,18
post_rope,q,2,22,10,0.8289068539937338,18
post_rope,q,2,22,11,0.8450134661462572,18
post_rope,q,2,22,12,0.848638955089781,18
post_rope,q,2,22,13,0.8573268089029524,18
post_rope,q,2,22,14,0.8980700439876981,18
post_rope,q,2,22,15,0.8955165611373054,18
post_rope,q,2,22,16,0.8385497993893094,18
post_rope,q,2,22,17,0.8851622541745504,18
post_rope,q,2,22,18,0.8865365518463982,18
post_rope,q,2,22,19,0.8757737874984741,18
post_rope,q,2,22,20,0.8687387804190317,18
post_rope,q,2,22,21,0.8133453130722046,18
post_rope,q,2,22,22,0.8374308711952634,18
post_rope,q,2,22,23,0.8744165831142001,18
post_rope,q,2,22,24,0.837364074256685,18
post_rope,q,2,22,25,0.8620624674691094,18
post_rope,q,2,22,26,0.8500806424352858,18
post_rope,q,2,22,27,0.8465964429908328,18
post_rope,q,2,23,-1,0.8462908797793918,504
post_rope,q,2,23,0,0.9150119721889496,18
post_rope,q,2,23,1,0.8971243997414907,18
post_rope,q,2,23,2,0.8970673746532865,18
post_rope,q,2,23,3,0.8909065127372742,18
post_rope,q,2,23,4,0.9100048806932237,18
post_rope,q,2,23,5,0.890464358859592,18
post_rope,q,2,23,6,0.8712033695644803,18
post_rope,q,2,23,7,0.8570211993323432,18
post_rope,q,2,23,8,0.7984039386113485,18
post_rope,q,2,23,9,0.7961184912257724,18
post_rope,q,2,23,10,0.7633162571324242,18
post_rope,q,2,23,11,0.7732328209612105,18
post_rope,q,2,23,12,0.7652457886272006,18
post_rope,q,2,23,13,0.7607027524047427,18
post_rope,q,2,23,14,0.8115629884931777,18
post_rope,q,2,23,15,0.8161172502570682,18
post_rope,q,2,23,16,0.8389295438925425,18
post_rope,q,2,23,17,0.8446128931310442,18
post_rope,q,2,23,18,0.8467176589700911,18
post_rope,q,2,23,19,0.8182254632314047,18
post_rope,q,2,23,20,0.8283671438694,18
post_rope,q,2,23,21,0.8935826222101847,18
post_rope,q,2,23,22,0.9118133518430922,18
post_rope,q,2,23,23,0.8819631867938571,18
post_rope,q,2,23,24,0.8735569185680814,18
post_rope,q,2,23,25,0.7811171379354265,18
post_rope,q,2,23,26,0.9006610545847151,18
post_rope,q,2,23,27,0.8630931476751963,18
post_rope,q,2,24,-1,0.846973780128691,504
post_rope,q,2,24,0,0.8697138826052347,18
post_rope,q,2,24,1,0.807566718922721,18
post_rope,q,2,24,2,0.8832878073056539,18
post_rope,q,2,24,3,0.7773294879330529,18
post_rope,q,2,24,4,0.9141778614785936,18
post_rope,q,2,24,5,0.9114679329925113,18
post_rope,q,2,24,6,0.9166422022713555,18
post_rope,q,2,24,7,0.7927331427733103,18
post_rope,q,2,24,8,0.8207071423530579,18
post_rope,q,2,24,9,0.8757427367899153,18
post_rope,q,2,24,10,0.8371562891536288,18
post_rope,q,2,24,11,0.8150917788346609,18
post_rope,q,2,24,12,0.8341094652811686,18
post_rope,q,2,24,13,0.7682381735907661,18
post_rope,q,2,24,14,0.9053766164514754,18
post_rope,q,2,24,15,0.8843025068442026,18
post_rope,q,2,24,16,0.8978338374031914,18
post_rope,q,2,24,17,0.8757576048374176,18
post_rope,q,2,24,18,0.8396200504567888,18
post_rope,q,2,24,19,0.8738617267873552,18
post_rope,q,2,24,20,0.8844578398598565,18
post_rope,q,2,24,21,0.7732953396108415,18
post_rope,q,2,24,22,0.8356865048408508,18
post_rope,q,2,24,23,0.8097181816895803,18
post_rope,q,2,24,24,0.8130897714032067,18
post_rope,q,2,24,25,0.8429866863621606,18
post_rope,q,2,24,26,0.8423839741282992,18
post_rope,q,2,24,27,0.8129305144151052,18
post_rope,q,2,25,-1,0.8388595018121932,504
post_rope,q,2,25,0,0.8544739716582828,18
post_rope,q,2,25,1,0.8287076519595252,18
post_rope,q,2,25,2,0.854240573114819,18
post_rope,q,2,25,3,0.8689070277743869,18
post_rope,q,2,25,4,0.7648242082860734,18
post_rope,q,2,25,5,0.8593326575226254,18
post_rope,q,2,25,6,0.8451399968730079,18
post_rope,q,2,25,7,0.8435373670525022,18
post_rope,q,2,25,8,0.8316145009464688,18
post_rope,q,2,25,9,0.8349991473886702,18
post_rope,q,2,25,10,0.8292975491947598,18
post_rope,q,2,25,11,0.8548581997553507,18
post_rope,q,2,25,12,0.7607803410953946,18
post_rope,q,2,25,13,0.8349782658947839,18
post_rope,q,2,25,14,0.8078223102622561,18
post_rope,q,2,25,15,0.7501583761639066,18
post_rope,q,2,25,16,0.9242349962393442,18
post_rope,q,2,25,17,0.8580323027239906,18
post_rope,q,2,25,18,0.8558637301127116,18
post_rope,q,2,25,19,0.8625957237349616,18
post_rope,q,2,25,20,0.7890022728178236,18
post_rope,q,2,25,21,0.897379951344596,18
post_rope,q,2,25,22,0.8649145232306586,18
post_rope,q,2,25,23,0.8417310019334158,18
post_rope,q,2,25,24,0.8488777346081204,18
post_rope,q,2,25,25,0.7702152762148116,18
post_rope,q,2,25,26,0.8698349561956193,18
post_rope,q,2,25,27,0.8817122081915537,18
post_rope,q,2,26,-1,0.7874362998538547,504
post_rope,q,2,26,0,0.7832843859990438,18
post_rope,q,2,26,1,0.8338763813177744,18
post_rope,q,2,26,2,0.832678539885415,18
post_rope,q,2,26,3,0.8351640833748711,18
post_rope,q,2,26,4,0.8028697702619765,18
post_rope,q,2,26,5,0.7914910945627425,18
post_rope,q,2,26,6,0.8244907756646475,18
post_rope,q,2,26,7,0.7581460972627004,18
post_rope,q,2,26,8,0.6120001872380575,18
post_rope,q,2,26,9,0.7523800664477878,18
post_rope,q,2,26,10,0.7831398281786177,18
post_rope,q,2,26,11,0.5747908122009702,18
post_rope,q,2,26,12,0.8701615300443437,18
post_rope,q,2,26,13,0.6790411737230089,18
post_rope,q,2,26,14,0.7787196669313643,18
post_rope,q,2,26,15,0.7880717085467445,18
post_rope,q,2,26,16,0.8064887060059441,18
post_rope,q,2,26,17,0.8556401828924814,18
post_rope,q,2,26,18,0.8462476597891914,18
post_rope,q,2,26,19,0.8438146611054739,18
post_rope,q,2,26,20,0.8608114156458113,18
post_rope,q,2,26,21,0.8072525527742174,18
post_rope,q,2,26,22,0.7556175920698378,18
post_rope,q,2,26,23,0.8032776580916511,18
post_rope,q,2,26,24,0.8141800165176392,18
post_rope,q,2,26,25,0.7438756393061744,18
post_rope,q,2,26,26,0.8429448240333133,18
post_rope,q,2,26,27,0.7677594721317291,18
post_rope,q,2,27,-1,0.7547591494189368,504
post_rope,q,2,27,0,0.8313778407043881,18
post_rope,q,2,27,1,0.8382420904106564,18
post_rope,q,2,27,2,0.8126779993375143,18
post_rope,q,2,27,3,0.840721481376224,18
post_rope,q,2,27,4,0.8358115123377906,18
post_rope,q,2,27,5,0.8379642201794518,18
post_rope,q,2,27,6,0.7586632205380334,18
post_rope,q,2,27,7,0.5884726382791996,18
post_rope,q,2,27,8,0.7432443632019891,18
post_rope,q,2,27,9,0.7586723963419596,18
post_rope,q,2,27,10,0.6444459590646956,18
post_rope,q,2,27,11,0.6160441926783986,18
post_rope,q,2,27,12,0.7705316146214803,18
post_rope,q,2,27,13,0.696441564295027,18
post_rope,q,2,27,14,0.6546317123704486,18
post_rope,q,2,27,15,0.6385333041350046,18
post_rope,q,2,27,16,0.7316933671633402,18
post_rope,q,2,27,17,0.7840682632393308,18
post_rope,q,2,27,18,0.683502220445209,18
post_rope,q,2,27,19,0.7936733530627357,18
post_rope,q,2,27,20,0.6592189951075448,18
post_rope,q,2,27,21,0.8016742633448707,18
post_rope,q,2,27,22,0.7954781618383195,18
post_rope,q,2,27,23,0.8008622494008806,18
post_rope,q,2,27,24,0.7754059698846605,18
post_rope,q,2,27,25,0.8525590764151679,18
post_rope,q,2,27,26,0.7757590810457865,18
post_rope,q,2,27,27,0.8128850426938798,18
post_rope,q,4,0,-1,0.6884995571204594,392
post_rope,q,4,0,0,0.7295614523547036,14
post_rope,q,4,0,1,0.7113394779818398,14
post_rope,q,4,0,2,0.7086095809936523,14
post_rope,q,4,0,3,0.6418586841651371,14
post_rope,q,4,0,4,0.7590693575995309,14
post_rope,q,4,0,5,0.5733684386525836,14
post_rope,q,4,0,6,-0.00248467070715768,14
post_rope,q,4,0,7,0.5738619544676372,14
post_rope,q,4,0,8,0.7782923025744302,14
post_rope,q,4,0,9,0.8378826592649732,14
post_rope,q,4,0,10,0.8244948887399265,14
post_rope,q,4,0,11,0.8312945536204747,14
post_rope,q,4,0,12,0.7982052394321987,14
post_rope,q,4,0,13,0.7836227672440665,14
post_rope,q,4,0,14,0.9425472361700875,14
post_rope,q,4,0,15,0.7644283175468445,14
post_rope,q,4,0,16,0.7406990059784481,14
post_rope,q,4,0,17,0.8279582474912915,14
post_rope,q,4,0,18,0.9145728519984654,14
post_rope,q,4,0,19,0.9074028602668217,14
post_rope,q,4,0,20,0.644588610955647,14
post_rope,q,4,0,21,0.5477692570005145,14
post_rope,q,4,0,22,0.647193906562669,14
post_rope,q,4,0,23,0.39722493290901184,14
post_rope,q,4,0,24,0.43134853669575285,14
post_rope,q,4,0,25,0.7629022427967617,14
post_rope,q,4,0,26,0.42638360602515085,14
post_rope,q,4,0,27,0.7739918487412589,14
post_rope,q,4,1,-1,0.7688258375440326,392
post_rope,q,4,1,0,0.7819449986730304,14
post_rope,q,4,1,1,0.9466419901166644,14
post_rope,q,4,1,2,0.918843367270061,14
post_rope,q,4,1,3,0.43464980380875723,14
post_rope,q,4,1,4,0.8667509513241904,14
post_rope,q,4,1,5,0.9169370574610574,14
post_rope,q,4,1,6,0.9121646881103516,14
post_rope,q,4,1,7,0.6776796281337738,14
post_rope,q,4,1,8,0.8111034972327096,14
post_rope,q,4,1,9,0.9078694496835981,14
post_rope,q,4,1,10,0.7876997419766018,14
post_rope,q,4,1,11,0.5873841983931405,14
post_rope,q,4,1,12,0.7380673885345459,14
post_rope,q,4,1,13,0.8382679734911237,14
post_rope,q,4,1,14,0.6666502441678729,14
post_rope,q,4,1,15,0.5863439078841891,14
post_rope,q,4,1,16,0.7383766089166913,14
post_rope,q,4,1,17,0.8042786717414856,14
post_rope,q,4,1,18,0.6140083457742419,14
post_rope,q,4,1,19,0.7250639540808541,14
post_rope,q,4,1,20,0.8246172155652728,14
post_rope,q,4,1,21,0.9486510370458875,14
post_rope,q,4,1,22,0.9211132739271436,14
post_rope,q,4,1,23,0.38039650661604746,14
post_rope,q,4,1,24,0.5449079189981733,14
post_rope,q,4,1,25,0.8783862846238273,14
post_rope,q,4,1,26,0.9378616809844971,14
post_rope,q,4,1,27,0.8304632604122162,14
post_rope,q,4,2,-1,0.7635643354484013,392
post_rope,q,4,2,0,0.8288021257945469,14
post_rope,q,4,2,1,0.5913055155958448,14
post_rope,q,4,2,2,0.742329112121037,14
post_rope,q,4,2,3,0.7065449655056,14
post_rope,q,4,2,4,0.7122048352445874,14
post_rope,q,4,2,5,0.7764845490455627,14
post_rope,q,4,2,6,0.7108340093067714,14
post_rope,q,4,2,7,0.7558577401297433,14
post_rope,q,4,2,8,0.7576375561101096,14
post_rope,q,4,2,9,0.7337753772735596,14
post_rope,q,4,2,10,0.7928279340267181,14
post_rope,q,4,2,11,0.7955636254378727,14
post_rope,q,4,2,12,0.8185259529522487,14
post_rope,q,4,2,13,0.7594989963940212,14
post_rope,q,4,2,14,0.7670263860906873,14
post_rope,q,4,2,15,0.7594069625650134,14
post_rope,q,4,2,16,0.8695940673351288,14
post_rope,q,4,2,17,0.8390131039278848,14
post_rope,q,4,2,18,0.7817103138991764,14
post_rope,q,4,2,19,0.7898042712892804,14
post_rope,q,4,2,20,0.840336263179779,14
post_rope,q,4,2,21,0.8934579406465802,14
post_rope,q,4,2,22,0.6001443415880203,14
post_rope,q,4,2,23,0.8643849279199328,14
post_rope,q,4,2,24,0.809046915599278,14
post_rope,q,4,2,25,0.7127903997898102,14
post_rope,q,4,2,26,0.5910394660064152,14
post_rope,q,4,2,27,0.7798535908971514,14
post_rope,q,4,3,-1,0.7670082109315055,392
post_rope,q,4,3,0,0.6992628531796592,14
post_rope,q,4,3,1,0.7417562220777784,14
post_rope,q,4,3,2,0.7662813067436218,14
post_rope,q,4,3,3,0.7738985930170331,14
post_rope,q,4,3,4,0.7697036010878426,14
post_rope,q,4,3,5,0.7784764553819384,14
post_rope,q,4,3,6,0.8252694181033543,14
post_rope,q,4,3,7,0.9361058814185006,14
post_rope,q,4,3,8,0.597925814134734,14
post_rope,q,4,3,9,0.7459346992628915,14
post_rope,q,4,3,10,0.38595145515033175,14
post_rope,q,4,3,11,0.7703244686126709,14
post_rope,q,4,3,12,0.7599936297961644,14
post_rope,q,4,3,13,0.6852463015488216,14
post_rope,q,4,3,14,0.9001136422157288,14
post_rope,q,4,3,15,0.8239499287945884,14
post_rope,q,4,3,16,0.8419559725693294,14
post_rope,q,4,3,17,0.8145882870469775,14
post_rope,q,4,3,18,0.8490256369113922,14
post_rope,q,4,3,19,0.8485334260123116,14
post_rope,q,4,3,20,0.8700873894350869,14
post_rope,q,4,3,21,0.8071314266749791,14
post_rope,q,4,3,22,0.6922090777329036,14
post_rope,q,4,3,23,0.7806666450841087,14
post_rope,q,4,3,24,0.6775290284837995,14
post_rope,q,4,3,25,0.7715062115873609,14
post_rope,q,4,3,26,0.7823157225336347,14
post_rope,q,4,3,27,0.7804868349007198,14
post_rope,q,4,4,-1,0.8864728552954537,392
post_rope,q,4,4,0,0.913061397416251,14
post_rope,q,4,4,1,0.9036714732646942,14
post_rope,q,4,4,2,0.9222524464130402,14
post_rope,q,4,4,3,0.9050990087645394,14
post_rope,q,4,4,4,0.9330833000796181,14
post_rope,q,4,4,5,0.8396440701825278,14
post_rope,q,4,4,6,0.924116211278098,14
post_rope,q,4,4,7,0.770695618220738,14
post_rope,q,4,4,8,0.8613197377749852,14
post_rope,q,4,4,9,0.8921612586293902,14
post_rope,q,4,4,10,0.843855449131557,14
post_rope,q,4,4,11,0.8975157950605664,14
post_rope,q,4,4,12,0.9062537806374686,14
post_rope,q,4,4,13,0.792978938136782,14
post_rope,q,4,4,14,0.9553003140858242,14
post_rope,q,4,4,15,0.9437953191144126,14
post_rope,q,4,4,16,0.9324554928711483,14
post_rope,q,4,4,17,0.7728741765022278,14
post_rope,q,4,4,18,0.8107387125492096,14
post_rope,q,4,4,19,0.909555218049458,14
post_rope,q,4,4,20,0.8952421631131854,14
post_rope,q,4,4,21,0.9290012674672263,14
post_rope,q,4,4,22,0.9435350852353233,14
post_rope,q,4,4,23,0.7753374108246395,14
post_rope,q,4,4,24,0.8952876159123012,14
post_rope,q,4,4,25,0.9214660227298737,14
post_rope,q,4,4,26,0.902019032410213,14
post_rope,q,4,4,27,0.9289243561880929,14
post_rope,q,4,5,-1,0.8650003841945103,392
post_rope,q,4,5,0,0.9009104158197131,14
post_rope,q,4,5,1,0.8942170909472874,14
post_rope,q,4,5,2,0.8902166741234916,14
post_rope,q,4,5,3,0.8741473683289119,14
post_rope,q,4,5,4,0.9396726531641824,14
post_rope,q,4,5,5,0.8124268565859113,14
post_rope,q,4,5,6,0.8445653702531543,14
post_rope,q,4,5,7,0.8963472247123718,14
post_rope,q,4,5,8,0.854424421276365,14
post_rope,q,4,5,9,0.915844989674432,14
post_rope,q,4,5,10,0.8917589868818011,14
post_rope,q,4,5,11,0.7474491553647178,14
post_rope,q,4,5,12,0.9217516311577388,14
post_rope,q,4,5,13,0.8185374140739441,14
post_rope,q,4,5,14,0.8588555497782571,14
post_rope,q,4,5,15,0.8287970381123679,14
post_rope,q,4,5,16,0.8754996359348297,14
post_rope,q,4,5,17,0.80088871717453,14
post_rope,q,4,5,18,0.7723914214542934,14
post_rope,q,4,5,19,0.7515798168522971,14
post_rope,q,4,5,20,0.7535404137202671,14
post_rope,q,4,5,21,0.8377041263239724,14
post_rope,q,4,5,22,0.9449954203196934,14
post_rope,q,4,5,23,0.9246923157146999,14
post_rope,q,4,5,24,0.9422579876014164,14
post_rope,q,4,5,25,0.8655402106898171,14
post_rope,q,4,5,26,0.9226726974759784,14
post_rope,q,4,5,27,0.9383254519530705,14
post_rope,q,4,6,-1,0.8820908665657043,392
post_rope,q,4,6,0,0.8837301901408604,14
post_rope,q,4,6,1,0.8868610348020282,14
post_rope,q,4,6,2,0.8798647522926331,14
post_rope,q,4,6,3,0.8796622667993818,14
post_rope,q,4,6,4,0.875966510602406,14
post_rope,q,4,6,5,0.9211493730545044,14
post_rope,q,4,6,6,0.7025950338159289,14
post_rope,q,4,6,7,0.9009547872202737,14
post_rope,q,4,6,8,0.9328000332627978,14
post_rope,q,4,6,9,0.9226922733443124,14
post_rope,q,4,6,10,0.8386225572654179,14
post_rope,q,4,6,11,0.9089904299804142,14
post_rope,q,4,6,12,0.8764967577798026,14
post_rope,q,4,6,13,0.8958415899957929,14
post_rope,q,4,6,14,0.9142325477940696,14
post_rope,q,4,6,15,0.8831805459090641,14
post_rope,q,4,6,16,0.8475422603743417,14
post_rope,q,4,6,17,0.7562548816204071,14
post_rope,q,4,6,18,0.8538479719843183,14
post_rope,q,4,6,19,0.946777173451015,14
post_rope,q,4,6,20,0.9224926403590611,14
post_rope,q,4,6,21,0.9009071247918266,14
post_rope,q,4,6,22,0.9110788873263768,14
post_rope,q,4,6,23,0.8366239581789289,14
post_rope,q,4,6,24,0.9207526104790824,14
post_rope,q,4,6,25,0.867364798273359,14
post_rope,q,4,6,26,0.8864011977400098,14
post_rope,q,4,6,27,0.9448602369853428,14
post_rope,q,4,7,-1,0.8510879491056714,392
post_rope,q,4,7,0,0.8789996930531093,14
post_rope,q,4,7,1,0.8734491169452667,14
post_rope,q,4,7,2,0.7827485246317727,14
post_rope,q,4,7,3,0.9154990868909019,14
post_rope,q,4,7,4,0.8712721679891858,14
post_rope,q,4,7,5,0.8298625477722713,14
post_rope,q,4,7,6,0.7059510775974819,14
post_rope,q,4,7,7,0.8458846594606128,14
post_rope,q,4,7,8,0.8903215953281948,14
post_rope,q,4,7,9,0.9124677521841866,14
post_rope,q,4,7,10,0.7908567105020795,14
post_rope,q,4,7,11,0.9167677504675729,14
post_rope,q,4,7,12,0.9266284874507359,14
post_rope,q,4,7,13,0.895870566368103,14
post_rope,q,4,7,14,0.8692183750016349,14
post_rope,q,4,7,15,0.7459998684270042,14
post_rope,q,4,7,16,0.895717054605484,14
post_rope,q,4,7,17,0.9012994808810098,14
post_rope,q,4,7,18,0.8839472872870309,14
post_rope,q,4,7,19,0.8284595566136497,14
post_rope,q,4,7,20,0.8070675092084068,14
post_rope,q,4,7,21,0.8863553532532283,14
post_rope,q,4,7,22,0.8070473415510995,14
post_rope,q,4,7,23,0.8222710149628776,14
post_rope,q,4,7,24,0.839456673179354,14
post_rope,q,4,7,25,0.8951518024717059,14
post_rope,q,4,7,26,0.8831038432461875,14
post_rope,q,4,7,27,0.7287876307964325,14
post_rope,q,4,8,-1,0.8869904364858355,392
post_rope,q,4,8,0,0.9321685561111995,14
post_rope,q,4,8,1,0.9343717396259308,14
post_rope,q,4,8,2,0.9049094702516284,14
post_rope,q,4,8,3,0.8867598048278263,14
post_rope,q,4,8,4,0.8521658096994672,14
post_rope,q,4,8,5,0.9280230062348502,14
post_rope,q,4,8,6,0.7678979550089154,14
post_rope,q,4,8,7,0.9241816060883659,14
post_rope,q,4,8,8,0.9306977348668235,14
post_rope,q,4,8,9,0.9413400760718754,14
post_rope,q,4,8,10,0.9413090092795235,14
post_rope,q,4,8,11,0.9170262217521667,14
post_rope,q,4,8,12,0.9278057473046439,14
post_rope,q,4,8,13,0.8996046313217708,14
post_rope,q,4,8,14,0.9093371161392757,14
post_rope,q,4,8,15,0.9055102935859135,14
post_rope,q,4,8,16,0.9278076418808529,14
post_rope,q,4,8,17,0.9096761899335044,14
post_rope,q,4,8,18,0.9162304954869407,14
post_rope,q,4,8,19,0.9232871234416962,14
post_rope,q,4,8,20,0.8855344142232623,14
post_rope,q,4,8,21,0.846306209053312,14
post_rope,q,4,8,22,0.7688985424382346,14
post_rope,q,4,8,23,0.7980033372129712,14
post_rope,q,4,8,24,0.8674750285489219,14
post_rope,q,4,8,25,0.830347342150552,14
post_rope,q,4,8,26,0.8441117576190403,14
post_rope,q,4,8,27,0.8149450676781791,14
post_rope,q,4,9,-1,0.8182369044848851,392
post_rope,q,4,9,0,0.8543349249022347,14
post_rope,q,4,9,1,0.8864187938826424,14
post_rope,q,4,9,2,0.7839390550340924,14
post_rope,q,4,9,3,0.8389294828687396,14
post_rope,q,4,9,4,0.8519675391060966,14
post_rope,q,4,9,5,0.7538705340453556,14
post_rope,q,4,9,6,0.909272381237575,14
post_rope,q,4,9,7,0.8771890657288688,14
post_rope,q,4,9,8,0.6602579482964107,14
post_rope,q,4,9,9,0.861219163451876,14
post_rope,q,4,9,10,0.8466838427952358,14
post_rope,q,4,9,11,0.8204754676137652,14
post_rope,q,4,9,12,0.8834208633218493,14
post_rope,q,4,9,13,0.8049115921769824,14
post_rope,q,4,9,14,0.8749362656048366,14
post_rope,q,4,9,15,0.8431673901421683,14
post_rope,q,4,9,16,0.6834325066634587,14
post_rope,q,4,9,17,0.8140900560787746,14
post_rope,q,4,9,18,0.7776692679950169,14
post_rope,q,4,9,19,0.7404199412890843,14
post_rope,q,4,9,20,0.8397825402872903,14
post_rope,q,4,9,21,0.8545974961348942,14
post_rope,q,4,9,22,0.7977780018533979,14
post_rope,q,4,9,23,0.800121294600623,14
post_rope,q,4,9,24,0.8626376433031899,14
post_rope,q,4,9,25,0.8181459520544324,14
post_rope,q,4,9,26,0.8575581567628043,14
post_rope,q,4,9,27,0.7134062051773071,14
post_rope,q,4,10,-1,0.8960456592696053,392
post_rope,q,4,10,0,0.8679939636162349,14
post_rope,q,4,10,1,0.650608058486666,14
post_rope,q,4,10,2,0.7788624252591815,14
post_rope,q,4,10,3,0.9518161160605294,14
post_rope,q,4,10,4,0.888646547283445,14
post_rope,q,4,10,5,0.9577354575906482,14
post_rope,q,4,10,6,0.847701587847301,14
post_rope,q,4,10,7,0.9171386957168579,14
post_rope,q,4,10,8,0.9221983168806348,14
post_rope,q,4,10,9,0.9264710928712573,14
post_rope,q,4,10,10,0.917895930153983,14
post_rope,q,4,10,11,0.8676031742777143,14
post_rope,q,4,10,12,0.8994973089013781,14
post_rope,q,4,10,13,0.915489103112902,14
post_rope,q,4,10,14,0.9231005396161761,14
post_rope,q,4,10,15,0.9170187328542981,14
post_rope,q,4,10,16,0.9390063072953906,14
post_rope,q,4,10,17,0.9502278523785728,14
post_rope,q,4,10,18,0.9280013144016266,14
post_rope,q,4,10,19,0.9321010879107884,14
post_rope,q,4,10,20,0.8848299213818142,14
post_rope,q,4,10,21,0.9316173025539943,14
post_rope,q,4,10,22,0.8868374271052224,14
post_rope,q,4,10,23,0.9093898917947497,14
post_rope,q,4,10,24,0.8551415886197772,14
post_rope,q,4,10,25,0.8911312137331281,14
post_rope,q,4,10,26,0.9262697398662567,14
post_rope,q,4,10,27,0.904947566134589,14
post_rope,q,4,11,-1,0.8800882484231677,392
post_rope,q,4,11,0,0.8888423059667859,14
post_rope,q,4,11,1,0.6469240699495588,14
post_rope,q,4,11,2,0.9371900303023202,14
post_rope,q,4,11,3,0.9225522364888873,14
post_rope,q,4,11,4,0.9507353518690381,14
post_rope,q,4,11,5,0.9227351503712791,14
post_rope,q,4,11,6,0.8870856421334403,14
post_rope,q,4,11,7,0.898140047277723,14
post_rope,q,4,11,8,0.7891008853912354,14
post_rope,q,4,11,9,0.9229194905076709,14
post_rope,q,4,11,10,0.9166087210178375,14
post_rope,q,4,11,11,0.8882633660520826,14
post_rope,q,4,11,12,0.8353334665298462,14
post_rope,q,4,11,13,0.9281143588679177,14
post_rope,q,4,11,14,0.9022732717650277,14
post_rope,q,4,11,15,0.9018272033759526,14
post_rope,q,4,11,16,0.8601732466902051,14
post_rope,q,4,11,17,0.9026659939970288,14
post_rope,q,4,11,18,0.893476984330586,14
post_rope,q,4,11,19,0.9090562164783478,14
post_rope,q,4,11,20,0.9146994224616459,14
post_rope,q,4,11,21,0.8880919388362339,14
post_rope,q,4,11,22,0.8382368172918048,14
post_rope,q,4,11,23,0.8457425236701965,14
post_rope,q,4,11,24,0.8067003914288112,14
post_rope,q,4,11,25,0.8926794188363212,14
post_rope,q,4,11,26,0.8738401745046888,14
post_rope,q,4,11,27,0.8784625061920711,14
post_rope,q,4,12,-1,0.8396544456481934,392
post_rope,q,4,12,0,0.4624387430293219,14
post_rope,q,4,12,1,0.8625477382114956,14
post_rope,q,4,12,2,0.8194214105606079,14
post_rope,q,4,12,3,0.8921099049704415,14
post_rope,q,4,12,4,0.8896718834127698,14
post_rope,q,4,12,5,0.8368211473737445,14
post_rope,q,4,12,6,0.8184139898845127,14
post_rope,q,4,12,7,0.7613362925393241,14
post_rope,q,4,12,8,0.8768290281295776,14
post_rope,q,4,12,9,0.8426326257841927,14
post_rope,q,4,12,10,0.8934448105948312,14
post_rope,q,4,12,11,0.9160851878779275,14
post_rope,q,4,12,12,0.8573240339756012,14
post_rope,q,4,12,13,0.8795549997261592,14
post_rope,q,4,12,14,0.8490474266665322,14
post_rope,q,4,12,15,0.8083204030990601,14
post_rope,q,4,12,16,0.778023328099932,14
post_rope,q,4,12,17,0.8019483132021767,14
post_rope,q,4,12,18,0.8621548456805093,14
post_rope,q,4,12,19,0.8118827811309269,14
post_rope,q,4,12,20,0.7602079170090812,14
post_rope,q,4,12,21,0.8922099385942731,14
post_rope,q,4,12,22,0.9208276654992785,14
post_rope,q,4,12,23,0.8992715094770704,14
post_rope,q,4,12,24,0.8172927030495235,14
post_rope,q,4,12,25,0.9164093349661145,14
post_rope,q,4,12,26,0.8835965991020203,14
post_rope,q,4,12,27,0.9005004721028464,14
post_rope,q,4,13,-1,0.8347245284489223,392
post_rope,q,4,13,0,0.8646578873906817,14
post_rope,q,4,13,1,0.854320594242641,14
post_rope,q,4,13,2,0.7432293338435036,14
post_rope,q,4,13,3,0.8350656245435987,14
post_rope,q,4,13,4,0.8336097002029419,14
post_rope,q,4,13,5,0.8489849524838584,14
post_rope,q,4,13,6,0.8111679894583566,14
post_rope,q,4,13,7,0.9383911192417145,14
post_rope,q,4,13,8,0.8176604849951608,14
post_rope,q,4,13,9,0.9051074172769275,14
post_rope,q,4,13,10,0.8814612414155688,14
post_rope,q,4,13,11,0.7308768161705562,14
post_rope,q,4,13,12,0.8320544574941907,14
post_rope,q,4,13,13,0.6352066355092185,14
post_rope,q,4,13,14,0.872434892824718,14
post_rope,q,4,13,15,0.8789851410048348,14
post_rope,q,4,13,16,0.8195975337709699,14
post_rope,q,4,13,17,0.8284468352794647,14
post_rope,q,4,13,18,0.7764477346624646,14
post_rope,q,4,13,19,0.8329260945320129,14
post_rope,q,4,13,20,0.8467525797230857,14
post_rope,q,4,13,21,0.8682222494057247,14
post_rope,q,4,13,22,0.8586838415690831,14
post_rope,q,4,13,23,0.869657929454531,14
post_rope,q,4,13,24,0.8485734633037022,14
post_rope,q,4,13,25,0.821741555418287,14
post_rope,q,4,13,26,0.8529354206153325,14
post_rope,q,4,13,27,0.865087262221745,14
post_rope,q,4,14,-1,0.8141013554164341,392
post_rope,q,4,14,0,0.7509238719940186,14
post_rope,q,4,14,1,0.7704362784113202,14
post_rope,q,4,14,2,0.7767389714717865,14
post_rope,q,4,14,3,0.8360375038215092,14
post_rope,q,4,14,4,0.7638629504612514,14
post_rope,q,4,14,5,0.8197375323091235,14
post_rope,q,4,14,6,0.7892825305461884,14
post_rope,q,4,14,7,0.8224438301154545,14
post_rope,q,4,14,8,0.833030321768352,14
post_rope,q,4,14,9,0.8563073107174465,14
post_rope,q,4,14,10,0.8544535296303886,14
post_rope,q,4,14,11,0.8284667006560734,14
post_rope,q,4,14,12,0.844420292547771,14
post_rope,q,4,14,13,0.863598325422832,14
post_rope,q,4,14,14,0.8238419209207807,14
post_rope,q,4,14,15,0.808567898614066,14
post_rope,q,4,14,16,0.8476294236523765,14
post_rope,q,4,14,17,0.8199509595121656,14
post_rope,q,4,14,18,0.7877629101276398,14
post_rope,q,4,14,19,0.8267148946012769,14
post_rope,q,4,14,20,0.8348909531320844,14
post_rope,q,4,14,21,0.8860021829605103,14
post_rope,q,4,14,22,0.825761786528996,14
post_rope,q,4,14,23,0.8111699138368879,14
post_rope,q,4,14,24,0.8800368649618966,14
post_rope,q,4,14,25,0.5395371786185673,14
post_rope,q,4,14,26,0.8723829729216439,14
post_rope,q,4,14,27,0.8208484521933964,14
post_rope,q,4,15,-1,0.8425483703613281,392
post_rope,q,4,15,0,0.8647878340312413,14
post_rope,q,4,15,1,0.8438973469393594,14
post_rope,q,4,15,2,0.8916463255882263,14
post_rope,q,4,15,3,0.9003577274935586,14
post_rope,q,4,15,4,0.8700284617287772,14
post_rope,q,4,15,5,0.847399251801627,14
post_rope,q,4,15,6,0.8680302883897509,14
post_rope,q,4,15,7,0.885917638029371,14
post_rope,q,4,15,8,0.8976913009371076,14
post_rope,q,4,15,9,0.8625668457576207,14
post_rope,q,4,15,10,0.9549466669559479,14
post_rope,q,4,15,11,0.6862763251577105,14
post_rope,q,4,15,12,0.8983047604560852,14
post_rope,q,4,15,13,0.8993449551718575,14
post_rope,q,4,15,14,0.7768695397036416,14
post_rope,q,4,15,15,0.7803145008427756,14
post_rope,q,4,15,16,0.8283175357750484,14
post_rope,q,4,15,17,0.8787264781338828,14
post_rope,q,4,15,18,0.7198752548013415,14
post_rope,q,4,15,19,0.8306816560881478,14
post_rope,q,4,15,20,0.7531146918024335,14
post_rope,q,4,15,21,0.8681588087763105,14
post_rope,q,4,15,22,0.8685021485601153,14
post_rope,q,4,15,23,0.8335160825933728,14
post_rope,q,4,15,24,0.7329138474805015,14
post_rope,q,4,15,25,0.8110916231359754,14
post_rope,q,4,15,26,0.916709589106696,14
post_rope,q,4,15,27,0.8213665527956826,14
post_rope,q,4,16,-1,0.7974622292178017,392
post_rope,q,4,16,0,0.7982609527451652,14
post_rope,q,4,16,1,0.7824002504348755,14
post_rope,q,4,16,2,0.8114992720740182,14
post_rope,q,4,16,3,0.8012038895062038,14
post_rope,q,4,16,4,0.8228664015020642,14
post_rope,q,4,16,5,0.8152807652950287,14
post_rope,q,4,16,6,0.7614584990910122,14
post_rope,q,4,16,7,0.7902531623840332,14
post_rope,q,4,16,8,0.7743943546499524,14
post_rope,q,4,16,9,0.7706356814929417,14
post_rope,q,4,16,10,0.8577681183815002,14
post_rope,q,4,16,11,0.8120599005903516,14
post_rope,q,4,16,12,0.8071675726345607,14
post_rope,q,4,16,13,0.7674929414476667,14
post_rope,q,4,16,14,0.7377655250685555,14
post_rope,q,4,16,15,0.7922318790640149,14
post_rope,q,4,16,16,0.8179358329091754,14
post_rope,q,4,16,17,0.79301518201828,14
post_rope,q,4,16,18,0.8143277040549687,14
post_rope,q,4,16,19,0.7952782767159599,14
post_rope,q,4,16,20,0.7835707111018044,14
post_rope,q,4,16,21,0.8282139045851571,14
post_rope,q,4,16,22,0.7985248906271798,14
post_rope,q,4,16,23,0.8203054283346448,14
post_rope,q,4,16,24,0.8464334011077881,14
post_rope,q,4,16,25,0.8563540365014758,14
post_rope,q,4,16,26,0.718552508524486,14
post_rope,q,4,16,27,0.7536916051592145,14
post_rope,q,4,17,-1,0.7907521894999913,392
post_rope,q,4,17,0,0.8093826302460262,14
post_rope,q,4,17,1,0.8938222697802952,14
post_rope,q,4,17,2,0.8294646101338523,14
post_rope,q,4,17,3,0.8340948905263629,14
post_rope,q,4,17,4,0.7604633697441646,14
post_rope,q,4,17,5,0.8596274852752686,14
post_rope,q,4,17,6,0.9067355905260358,14
post_rope,q,4,17,7,0.7032206441674914,14
post_rope,q,4,17,8,0.6302215520824704,14
post_rope,q,4,17,9,0.7152811331408364,14
post_rope,q,4,17,10,0.641085005232266,14
post_rope,q,4,17,11,0.7982592965875354,14
post_rope,q,4,17,12,0.8156066622052874,14
post_rope,q,4,17,13,0.7348235632692065,14
post_rope,q,4,17,14,0.7693292796611786,14
post_rope,q,4,17,15,0.7540216956819806,14
post_rope,q,4,17,16,0.7799170613288879,14
post_rope,q,4,17,17,0.795977349792208,14
post_rope,q,4,17,18,0.79741861139025,14
post_rope,q,4,17,19,0.745359582560403,14
post_rope,q,4,17,20,0.7699750236102513,14
post_rope,q,4,17,21,0.8396134929997581,14
post_rope,q,4,17,22,0.8554557987621852,14
post_rope,q,4,17,23,0.868509692805154,14
post_rope,q,4,17,24,0.7111542735780988,14
post_rope,q,4,17,25,0.870766818523407,14
post_rope,q,4,17,26,0.7868594186646598,14
post_rope,q,4,17,27,0.8646154233387539,14
post_rope,q,4,18,-1,0.8193807899951935,392
post_rope,q,4,18,0,0.6728869378566742,14
post_rope,q,4,18,1,0.9117375441959926,14
post_rope,q,4,18,2,0.8790513021605355,14
post_rope,q,4,18,3,0.8499115918363843,14
post_rope,q,4,18,4,0.9009198716708592,14
post_rope,q,4,18,5,0.8976330416543143,14
post_rope,q,4,18,6,0.8816191852092743,14
post_rope,q,4,18,7,0.5323276690074376,14
post_rope,q,4,18,8,0.9138641229697636,14
post_rope,q,4,18,9,0.8540404907294682,14
post_rope,q,4,18,10,0.6864288747310638,14
post_rope,q,4,18,11,0.860149724142892,14
post_rope,q,4,18,12,0.8659795480115073,14
post_rope,q,4,18,13,0.8462512493133545,14
post_rope,q,4,18,14,0.8262123380388532,14
post_rope,q,4,18,15,0.8477060539381844,14
post_rope,q,4,18,16,0.8006588433470044,14
post_rope,q,4,18,17,0.6614071684224265,14
post_rope,q,4,18,18,0.8193738673414502,14
post_rope,q,4,18,19,0.8605656112943377,14
post_rope,q,4,18,20,0.8655901764120374,14
post_rope,q,4,18,21,0.8721937622342791,14
post_rope,q,4,18,22,0.8953861934798104,14
post_rope,q,4,18,23,0.7152113488742283,14
post_rope,q,4,18,24,0.8685357230050224,14
post_rope,q,4,18,25,0.6997045150824955,14
post_rope,q,4,18,26,0.8081000702721732,14
post_rope,q,4,18,27,0.8492154989923749,14
post_rope,q,4,19,-1,0.8126196605818612,392
post_rope,q,4,19,0,0.6631838210991451,14
post_rope,q,4,19,1,0.8222349584102631,14
post_rope,q,4,19,2,0.8307088656084878,14
post_rope,q,4,19,3,0.8802652529307774,14
post_rope,q,4,19,4,0.7946965396404266,14
post_rope,q,4,19,5,0.8372720011643001,14
post_rope,q,4,19,6,0.8072885402611324,14
post_rope,q,4,19,7,0.9034874354090009,14
post_rope,q,4,19,8,0.8110496401786804,14
post_rope,q,4,19,9,0.8921533908162799,14
post_rope,q,4,19,10,0.8928088588374001,14
post_rope,q,4,19,11,0.8106963847364698,14
post_rope,q,4,19,12,0.8749780697481973,14
post_rope,q,4,19,13,0.8075888412339347,14
post_rope,q,4,19,14,0.798967685018267,14
post_rope,q,4,19,15,0.814785476241793,14
post_rope,q,4,19,16,0.8469891888754708,14
post_rope,q,4,19,17,0.8096015921660832,14
post_rope,q,4,19,18,0.7825409514563424,14
post_rope,q,4,19,19,0.8133994851793561,14
post_rope,q,4,19,20,0.7601298817566463,14
post_rope,q,4,19,21,0.8252168255192893,14
post_rope,q,4,19,22,0.7966794967651367,14
post_rope,q,4,19,23,0.7274069998945508,14
post_rope,q,4,19,24,0.8151976679052625,14
post_rope,q,4,19,25,0.7774258383682796,14
post_rope,q,4,19,26,0.7587890710149493,14
post_rope,q,4,19,27,0.7978074422904423,14
post_rope,q,4,20,-1,0.8315569800989968,392
post_rope,q,4,20,0,0.9170003873961312,14
post_rope,q,4,20,1,0.8456084430217743,14
post_rope,q,4,20,2,0.7479536022458758,14
post_rope,q,4,20,3,0.8814357987471989,14
post_rope,q,4,20,4,0.8872361183166504,14
post_rope,q,4,20,5,0.8322593867778778,14
post_rope,q,4,20,6,0.8949938118457794,14
post_rope,q,4,20,7,0.8400009913103921,14
post_rope,q,4,20,8,0.7179861920220512,14
post_rope,q,4,20,9,0.7247213295527867,14
post_rope,q,4,20,10,0.8342591438974652,14
post_rope,q,4,20,11,0.7931392661162785,14
post_rope,q,4,20,12,0.800910975251879,14
post_rope,q,4,20,13,0.8405104066644397,14
post_rope,q,4,20,14,0.840855040720531,14
post_rope,q,4,20,15,0.8760615842682975,14
post_rope,q,4,20,16,0.8663526518004281,14
post_rope,q,4,20,17,0.7977631986141205,14
post_rope,q,4,20,18,0.8359562286308834,14
post_rope,q,4,20,19,0.8397896332400185,14
post_rope,q,4,20,20,0.8697963442121234,14
post_rope,q,4,20,21,0.865874707698822,14
post_rope,q,4,20,22,0.79353238429342,14
post_rope,q,4,20,23,0.8429266129221235,14
post_rope,q,4,20,24,0.8509302990777152,14
post_rope,q,4,20,25,0.8395058172089713,14
post_rope,q,4,20,26,0.7720135790961129,14
post_rope,q,4,20,27,0.8342211161340986,14
post_rope,q,4,21,-1,0.821046130997794,392
post_rope,q,4,21,0,0.821293328489576,14
post_rope,q,4,21,1,0.8810272089072636,14
post_rope,q,4,21,2,0.8599139409405845,14
post_rope,q,4,21,3,0.8315982094832829,14
post_rope,q,4,21,4,0.8779521797384534,14
post_rope,q,4,21,5,0.7884313549314227,14
post_rope,q,4,21,6,0.7229749645505633,14
post_rope,q,4,21,7,0.8192746213504246,14
post_rope,q,4,21,8,0.900038229567664,14
post_rope,q,4,21,9,0.8442592195102147,14
post_rope,q,4,21,10,0.9122218149048942,14
post_rope,q,4,21,11,0.916446749653135,14
post_rope,q,4,21,12,0.9002207219600677,14
post_rope,q,4,21,13,0.767251363822392,14
post_rope,q,4,21,14,0.7820572299616677,14
post_rope,q,4,21,15,0.5215038188866207,14
post_rope,q,4,21,16,0.858268243925912,14
post_rope,q,4,21,17,0.7053683272429875,14
post_rope,q,4,21,18,0.8728564253875187,14
post_rope,q,4,21,19,0.8076304282460894,14
post_rope,q,4,21,20,0.8540719832692828,14
post_rope,q,4,21,21,0.839746743440628,14
post_rope,q,4,21,22,0.8593233100005558,14
post_rope,q,4,21,23,0.6965167650154659,14
post_rope,q,4,21,24,0.8783174966062818,14
post_rope,q,4,21,25,0.7801473566464016,14
post_rope,q,4,21,26,0.8597289110933032,14
post_rope,q,4,21,27,0.8308509801115308,14
post_rope,q,4,22,-1,0.787559232541493,392
post_rope,q,4,22,0,0.7874407129628318,14
post_rope,q,4,22,1,0.7588973726545062,14
post_rope,q,4,22,2,0.6952411574976785,14
post_rope,q,4,22,3,0.6379706518990653,14
post_rope,q,4,22,4,0.6697830238512584,14
post_rope,q,4,22,5,0.7062016299792698,14
post_rope,q,4,22,6,0.7098587793963296,14
post_rope,q,4,22,7,0.7616926303931645,14
post_rope,q,4,22,8,0.8015997239521572,14
post_rope,q,4,22,9,0.8230350528444562,14
post_rope,q,4,22,10,0.7890982755592891,14
post_rope,q,4,22,11,0.7977623130593982,14
post_rope,q,4,22,12,0.8159233629703522,14
post_rope,q,4,22,13,0.8105384835175106,14
post_rope,q,4,22,14,0.8698457224028451,14
post_rope,q,4,22,15,0.8601486257144383,14
post_rope,q,4,22,16,0.8290225565433502,14
post_rope,q,4,22,17,0.8552881479263306,14
post_rope,q,4,22,18,0.8491303026676178,14
post_rope,q,4,22,19,0.8410075349467141,14
post_rope,q,4,22,20,0.8359873039381844,14
post_rope,q,4,22,21,0.7679131371634347,14
post_rope,q,4,22,22,0.7802123895713261,14
post_rope,q,4,22,23,0.8307387701102665,14
post_rope,q,4,22,24,0.7761373434747968,14
post_rope,q,4,22,25,0.8057408119950976,14
post_rope,q,4,22,26,0.7953434118202755,14
post_rope,q,4,22,27,0.7900988459587097,14
post_rope,q,4,23,-1,0.809606501034328,392
post_rope,q,4,23,0,0.8922545739582607,14
post_rope,q,4,23,1,0.8676388434001377,14
post_rope,q,4,23,2,0.8645932291235242,14
post_rope,q,4,23,3,0.8703210566725049,14
post_rope,q,4,23,4,0.8928560827459607,14
post_rope,q,4,23,5,0.8551299870014191,14
post_rope,q,4,23,6,0.8465652125222343,14
post_rope,q,4,23,7,0.8327043354511261,14
post_rope,q,4,23,8,0.7677655688353947,14
post_rope,q,4,23,9,0.7421859673091343,14
post_rope,q,4,23,10,0.695267379283905,14
post_rope,q,4,23,11,0.7222823032311031,14
post_rope,q,4,23,12,0.7146263079983848,14
post_rope,q,4,23,13,0.71275224004473,14
post_rope,q,4,23,14,0.7686006597110203,14
post_rope,q,4,23,15,0.7594341507979802,14
post_rope,q,4,23,16,0.7975779346057347,14
post_rope,q,4,23,17,0.8146086505481175,14
post_rope,q,4,23,18,0.8077417526926313,14
post_rope,q,4,23,19,0.7667473299162728,14
post_rope,q,4,23,20,0.7823248250143868,14
post_rope,q,4,23,21,0.8787579706736973,14
post_rope,q,4,23,22,0.9047295876911708,14
post_rope,q,4,23,23,0.8603948950767517,14
post_rope,q,4,23,24,0.8324422027383532,14
post_rope,q,4,23,25,0.7296776218073708,14
post_rope,q,4,23,26,0.871519923210144,14
post_rope,q,4,23,27,0.8174817562103271,14
post_rope,q,4,24,-1,0.8118392825126648,392
post_rope,q,4,24,0,0.829171576670238,14
post_rope,q,4,24,1,0.7403083486216409,14
post_rope,q,4,24,2,0.8363385626247951,14
post_rope,q,4,24,3,0.7247940216745649,14
post_rope,q,4,24,4,0.895361568246569,14
post_rope,q,4,24,5,0.8770684727600643,14
post_rope,q,4,24,6,0.8971402304513114,14
post_rope,q,4,24,7,0.7827491121632713,14
post_rope,q,4,24,8,0.7867721276623862,14
post_rope,q,4,24,9,0.8454797906535012,14
post_rope,q,4,24,10,0.7942561379500798,14
post_rope,q,4,24,11,0.7707601232188088,14
post_rope,q,4,24,12,0.8082045912742615,14
post_rope,q,4,24,13,0.7140503610883441,14
post_rope,q,4,24,14,0.8836152936731066,14
post_rope,q,4,24,15,0.8557976271424975,14
post_rope,q,4,24,16,0.8672210063253131,14
post_rope,q,4,24,17,0.8422472732407706,14
post_rope,q,4,24,18,0.7904262883322579,14
post_rope,q,4,24,19,0.8507387978690011,14
post_rope,q,4,24,20,0.8444367604596275,14
post_rope,q,4,24,21,0.7385233002049583,14
post_rope,q,4,24,22,0.806808876139777,14
post_rope,q,4,24,23,0.7726048358849117,14
post_rope,q,4,24,24,0.7787778122084481,14
post_rope,q,4,24,25,0.8180134296417236,14
post_rope,q,4,24,26,0.7983851475375039,14
post_rope,q,4,24,27,0.7814482280186245,14
post_rope,q,4,25,-1,0.8040248113019126,392
post_rope,q,4,25,0,0.8215551589216504,14
post_rope,q,4,25,1,0.8070325468267713,14
post_rope,q,4,25,2,0.8217749212469373,14
post_rope,q,4,25,3,0.8576808486665998,14
post_rope,q,4,25,4,0.6788731813430786,14
post_rope,q,4,25,5,0.828592870916639,14
post_rope,q,4,25,6,0.8172570509569985,14
post_rope,q,4,25,7,0.8032359438283103,14
post_rope,q,4,25,8,0.7826704808643886,14
post_rope,q,4,25,9,0.790620390857969,14
post_rope,q,4,25,10,0.7868494646889823,14
post_rope,q,4,25,11,0.806991709130151,14
post_rope,q,4,25,12,0.7114783014569964,14
post_rope,q,4,25,13,0.7905543914863041,14
post_rope,q,4,25,14,0.7713442402226585,14
post_rope,q,4,25,15,0.7003309428691864,14
post_rope,q,4,25,16,0.9191901513508388,14
post_rope,q,4,25,17,0.838016710111073,14
post_rope,q,4,25,18,0.8014698582036155,14
post_rope,q,4,25,19,0.8236379665987832,14
post_rope,q,4,25,20,0.7507648340293339,14
post_rope,q,4,25,21,0.8736287610871452,14
post_rope,q,4,25,22,0.8478154412337712,14
post_rope,q,4,25,23,0.8121624290943146,14
post_rope,q,4,25,24,0.8323179909161159,14
post_rope,q,4,25,25,0.7155912859099252,14
post_rope,q,4,25,26,0.8502668738365173,14
post_rope,q,4,25,27,0.8709903657436371,14
post_rope,q,4,26,-1,0.735782401902335,392
post_rope,q,4,26,0,0.7418417164257595,14
post_rope,q,4,26,1,0.7890931708472115,14
post_rope,q,4,26,2,0.7813228155885424,14
post_rope,q,4,26,3,0.7863868858133044,14
post_rope,q,4,26,4,0.7707685445036206,14
post_rope,q,4,26,5,0.7491645004068103,14
post_rope,q,4,26,6,0.7802856692246029,14
post_rope,q,4,26,7,0.7060923895665577,14
post_rope,q,4,26,8,0.4160578463758741,14
post_rope,q,4,26,9,0.7204173249857766,14
post_rope,q,4,26,10,0.7616525718144008,14
post_rope,q,4,26,11,0.4159206726721355,14
post_rope,q,4,26,12,0.8498904534748623,14
post_rope,q,4,26,13,0.6515346169471741,14
post_rope,q,4,26,14,0.7081482580729893,14
post_rope,q,4,26,15,0.7217226837362561,14
post_rope,q,4,26,16,0.7502973122256142,14
post_rope,q,4,26,17,0.8139348796435765,14
post_rope,q,4,26,18,0.7988888323307037,14
post_rope,q,4,26,19,0.7981094590255192,14
post_rope,q,4,26,20,0.8281548874718803,14
post_rope,q,4,26,21,0.7666699034827096,14
post_rope,q,4,26,22,0.724388667515346,14
post_rope,q,4,26,23,0.7510468363761902,14
post_rope,q,4,26,24,0.7791431290762765,14
post_rope,q,4,26,25,0.7092598591532026,14
post_rope,q,4,26,26,0.7968598774501255,14
post_rope,q,4,26,27,0.7348537998540061,14
post_rope,q,4,27,-1,0.6844726715769086,392
post_rope,q,4,27,0,0.7895773989813668,14
post_rope,q,4,27,1,0.7919741230351585,14
post_rope,q,4,27,2,0.7505756659167153,14
post_rope,q,4,27,3,0.7943398143563952,14
post_rope,q,4,27,4,0.7953020547117505,14
post_rope,q,4,27,5,0.7924041705472129,14
post_rope,q,4,27,6,0.712679100888116,14
post_rope,q,4,27,7,0.40141965887908426,14
post_rope,q,4,27,8,0.6703770671572004,14
post_rope,q,4,27,9,0.7140842889036451,14
post_rope,q,4,27,10,0.4622524827718735,14
post_rope,q,4,27,11,0.4211134609899351,14
post_rope,q,4,27,12,0.6004530893904823,14
post_rope,q,4,27,13,0.5571676939725876,14
post_rope,q,4,27,14,0.611687707049506,14
post_rope,q,4,27,15,0.5884237182991845,14
post_rope,q,4,27,16,0.6946749261447361,14
post_rope,q,4,27,17,0.7408338614872524,14
post_rope,q,4,27,18,0.637770244053432,14
post_rope,q,4,27,19,0.7396831001554217,14
post_rope,q,4,27,20,0.6067226891006742,14
post_rope,q,4,27,21,0.7511561810970306,14
post_rope,q,4,27,22,0.7433988239083972,14
post_rope,q,4,27,23,0.7509814245360238,14
post_rope,q,4,27,24,0.7253868281841278,14
post_rope,q,4,27,25,0.8258064559527806,14
post_rope,q,4,27,26,0.7373466108526502,14
post_rope,q,4,27,27,0.7576411919934409,14
post_rope,q,8,0,-1,0.6771939098834991,168
post_rope,q,8,0,0,0.7085115810235342,6
post_rope,q,8,0,1,0.6334033211072286,6
post_rope,q,8,0,2,0.6435066014528275,6
post_rope,q,8,0,3,0.62062040468057,6
post_rope,q,8,0,4,0.7403020809094111,6
post_rope,q,8,0,5,0.5853942533334097,6
post_rope,q,8,0,6,0.1701338291168213,6
post_rope,q,8,0,7,0.5671654641628265,6
post_rope,q,8,0,8,0.7503451903661092,6
post_rope,q,8,0,9,0.8307297130425771,6
post_rope,q,8,0,10,0.694601146504283,6
post_rope,q,8,0,11,0.78473432858785,6
post_rope,q,8,0,12,0.7725040912628174,6
post_rope,q,8,0,13,0.7808395475149155,6
post_rope,q,8,0,14,0.9416651725769043,6
post_rope,q,8,0,15,0.8535135587056478,6
post_rope,q,8,0,16,0.706577350695928,6
post_rope,q,8,0,17,0.839666465918223,6
post_rope,q,8,0,18,0.8921332160631815,6
post_rope,q,8,0,19,0.8681582113107046,6
post_rope,q,8,0,20,0.6429822941621145,6
post_rope,q,8,0,21,0.5639053781827291,6
post_rope,q,8,0,22,0.5913369357585907,6
post_rope,q,8,0,23,0.41287599007288617,6
post_rope,q,8,0,24,0.43806688984235126,6
post_rope,q,8,0,25,0.7337268590927124,6
post_rope,q,8,0,26,0.4512021740277608,6
post_rope,q,8,0,27,0.7428269783655802,6
post_rope,q,8,1,-1,0.720589796702067,168
post_rope,q,8,1,0,0.6604311764240265,6
post_rope,q,8,1,1,0.9265219469865164,6
post_rope,q,8,1,2,0.878771166006724,6
post_rope,q,8,1,3,0.4679588923851649,6
post_rope,q,8,1,4,0.7634123762448629,6
post_rope,q,8,1,5,0.8775893648465475,6
post_rope,q,8,1,6,0.883029172817866,6
post_rope,q,8,1,7,0.6378088891506195,6
post_rope,q,8,1,8,0.7435147066911062,6
post_rope,q,8,1,9,0.9096221228440603,6
post_rope,q,8,1,10,0.6955795784791311,6
post_rope,q,8,1,11,0.590641846259435,6
post_rope,q,8,1,12,0.6421160896619161,6
post_rope,q,8,1,13,0.8068937559922537,6
post_rope,q,8,1,14,0.5055155903100967,6
post_rope,q,8,1,15,0.6684452692667643,6
post_rope,q,8,1,16,0.672264834245046,6
post_rope,q,8,1,17,0.7102035284042358,6
post_rope,q,8,1,18,0.5042639921108881,6
post_rope,q,8,1,19,0.6185901661713918,6
post_rope,q,8,1,20,0.7456144690513611,6
post_rope,q,8,1,21,0.9342626432577769,6
post_rope,q,8,1,22,0.8844652573267618,6
post_rope,q,8,1,23,0.5069072941939036,6
post_rope,q,8,1,24,0.5077979067961375,6
post_rope,q,8,1,25,0.7900676826635996,6
post_rope,q,8,1,26,0.9061535100142161,6
post_rope,q,8,1,27,0.7380707859992981,6
post_rope,q,8,2,-1,0.7181227505207062,168
post_rope,q,8,2,0,0.7656831641991934,6
post_rope,q,8,2,1,0.692590336004893,6
post_rope,q,8,2,2,0.7045751611391703,6
post_rope,q,8,2,3,0.6316194931666056,6
post_rope,q,8,2,4,0.6970536112785339,6
post_rope,q,8,2,5,0.7418102622032166,6
post_rope,q,8,2,6,0.6581150988737742,6
post_rope,q,8,2,7,0.6886919339497884,6
post_rope,q,8,2,8,0.7176475326220194,6
post_rope,q,8,2,9,0.6899796426296234,6
post_rope,q,8,2,10,0.7463458478450775,6
post_rope,q,8,2,11,0.7732886672019958,6
post_rope,q,8,2,12,0.7587623198827108,6
post_rope,q,8,2,13,0.6987163623174032,6
post_rope,q,8,2,14,0.6877162456512451,6
post_rope,q,8,2,15,0.6608591775099436,6
post_rope,q,8,2,16,0.8027023275693258,6
post_rope,q,8,2,17,0.8033367494742075,6
post_rope,q,8,2,18,0.7563318908214569,6
post_rope,q,8,2,19,0.7220904429753622,6
post_rope,q,8,2,20,0.7910136083761851,6
post_rope,q,8,2,21,0.8709206581115723,6
post_rope,q,8,2,22,0.5367726931969324,6
post_rope,q,8,2,23,0.8081973890463511,6
post_rope,q,8,2,24,0.789944589138031,6
post_rope,q,8,2,25,0.607678751150767,6
post_rope,q,8,2,26,0.5822520951430002,6
post_rope,q,8,2,27,0.722741981347402,6
post_rope,q,8,3,-1,0.7128283480803171,168
post_rope,q,8,3,0,0.6580961843331655,6
post_rope,q,8,3,1,0.6620904008547465,6
post_rope,q,8,3,2,0.7080658276875814,6
post_rope,q,8,3,3,0.7280176182587942,6
post_rope,q,8,3,4,0.6859341611464819,6
post_rope,q,8,3,5,0.710263192653656,6
post_rope,q,8,3,6,0.780563622713089,6
post_rope,q,8,3,7,0.9037188490231832,6
post_rope,q,8,3,8,0.5722668866316477,6
post_rope,q,8,3,9,0.672077457110087,6
post_rope,q,8,3,10,0.43672701219717663,6
post_rope,q,8,3,11,0.6866607566674551,6
post_rope,q,8,3,12,0.7124876081943512,6
post_rope,q,8,3,13,0.6351350545883179,6
post_rope,q,8,3,14,0.8760256667931875,6
post_rope,q,8,3,15,0.7729870080947876,6
post_rope,q,8,3,16,0.7966544926166534,6
post_rope,q,8,3,17,0.7487064003944397,6
post_rope,q,8,3,18,0.8054200609525045,6
post_rope,q,8,3,19,0.7919807632764181,6
post_rope,q,8,3,20,0.8300839563210806,6
post_rope,q,8,3,21,0.7395591537157694,6
post_rope,q,8,3,22,0.5807954023281733,6
post_rope,q,8,3,23,0.7342674632867178,6
post_rope,q,8,3,24,0.6064125597476959,6
post_rope,q,8,3,25,0.6686870356400808,6
post_rope,q,8,3,26,0.7439649601777395,6
post_rope,q,8,3,27,0.7115441858768463,6
post_rope,q,8,4,-1,0.8634246488412222,168
post_rope,q,8,4,0,0.8998369673887888,6
post_rope,q,8,4,1,0.8788481652736664,6
post_rope,q,8,4,2,0.9031768043835958,6
post_rope,q,8,4,3,0.8720820248126984,6
post_rope,q,8,4,4,0.9140623509883881,6
post_rope,q,8,4,5,0.8238547245661417,6
post_rope,q,8,4,6,0.8994231124718984,6
post_rope,q,8,4,7,0.7566443781057993,6
post_rope,q,8,4,8,0.8594715197881063,6
post_rope,q,8,4,9,0.8899290362993876,6
post_rope,q,8,4,10,0.8407758275667826,6
post_rope,q,8,4,11,0.8607847591241201,6
post_rope,q,8,4,12,0.9045076866944631,6
post_rope,q,8,4,13,0.7825336158275604,6
post_rope,q,8,4,14,0.9297392964363098,6
post_rope,q,8,4,15,0.9158986111481985,6
post_rope,q,8,4,16,0.9066855708758036,6
post_rope,q,8,4,17,0.7440268993377686,6
post_rope,q,8,4,18,0.7671920955181122,6
post_rope,q,8,4,19,0.863953580458959,6
post_rope,q,8,4,20,0.832374652226766,6
post_rope,q,8,4,21,0.9138291577498118,6
post_rope,q,8,4,22,0.9194459120432535,6
post_rope,q,8,4,23,0.7630867262681326,6
post_rope,q,8,4,24,0.8570698201656342,6
post_rope,q,8,4,25,0.9050977726777395,6
post_rope,q,8,4,26,0.8671272794405619,6
post_rope,q,8,4,27,0.9044321278731028,6
post_rope,q,8,5,-1,0.8261391719182333,168
post_rope,q,8,5,0,0.8936967551708221,6
post_rope,q,8,5,1,0.8311881025632223,6
post_rope,q,8,5,2,0.8512533108393351,6
post_rope,q,8,5,3,0.8284934957822164,6
post_rope,q,8,5,4,0.9176666736602783,6
post_rope,q,8,5,5,0.7872470815976461,6
post_rope,q,8,5,6,0.8266775012016296,6
post_rope,q,8,5,7,0.8787074983119965,6
post_rope,q,8,5,8,0.8066038091977438,6
post_rope,q,8,5,9,0.8874358137448629,6
post_rope,q,8,5,10,0.8441919088363647,6
post_rope,q,8,5,11,0.6516405642032623,6
post_rope,q,8,5,12,0.887640376885732,6
post_rope,q,8,5,13,0.7619265615940094,6
post_rope,q,8,5,14,0.8206170698006948,6
post_rope,q,8,5,15,0.8030370076497396,6
post_rope,q,8,5,16,0.8443653384844462,6
post_rope,q,8,5,17,0.7676900426546732,6
post_rope,q,8,5,18,0.7045812904834747,6
post_rope,q,8,5,19,0.7095521092414856,6
post_rope,q,8,5,20,0.6569440563519796,6
post_rope,q,8,5,21,0.7996173898379008,6
post_rope,q,8,5,22,0.9178433914979299,6
post_rope,q,8,5,23,0.8961251676082611,6
post_rope,q,8,5,24,0.9271831711133321,6
post_rope,q,8,5,25,0.8013558983802795,6
post_rope,q,8,5,26,0.9040904740492502,6
post_rope,q,8,5,27,0.9245250026384989,6
post_rope,q,8,6,-1,0.8518563012282053,168
post_rope,q,8,6,0,0.8722114861011505,6
post_rope,q,8,6,1,0.8584860960642496,6
post_rope,q,8,6,2,0.8610095878442129,6
post_rope,q,8,6,3,0.8434269527594248,6
post_rope,q,8,6,4,0.8593740065892538,6
post_rope,q,8,6,5,0.8973238170146942,6
post_rope,q,8,6,6,0.7959787646929423,6
post_rope,q,8,6,7,0.8714733123779297,6
post_rope,q,8,6,8,0.9028334120909373,6
post_rope,q,8,6,9,0.9037543634573618,6
post_rope,q,8,6,10,0.7782502273718516,6
post_rope,q,8,6,11,0.878286083539327,6
post_rope,q,8,6,12,0.8504218856493632,6
post_rope,q,8,6,13,0.880629320939382,6
post_rope,q,8,6,14,0.884227971235911,6
post_rope,q,8,6,15,0.8162529369195303,6
post_rope,q,8,6,16,0.7989363968372345,6
post_rope,q,8,6,17,0.7098724842071533,6
post_rope,q,8,6,18,0.7972625096638998,6
post_rope,q,8,6,19,0.9147507150967916,6
post_rope,q,8,6,20,0.8752749860286713,6
post_rope,q,8,6,21,0.870092918475469,6
post_rope,q,8,6,22,0.8692116340001425,6
post_rope,q,8,6,23,0.8038160701592764,6
post_rope,q,8,6,24,0.8946909010410309,6
post_rope,q,8,6,25,0.8122020165125529,6
post_rope,q,8,6,26,0.8361252049605051,6
post_rope,q,8,6,27,0.9158000747362772,6
post_rope,q,8,7,-1,0.8196513851483663,168
post_rope,q,8,7,0,0.850802461306254,6
post_rope,q,8,7,1,0.8497199316819509,6
post_rope,q,8,7,2,0.7619700133800507,6
post_rope,q,8,7,3,0.9111482501029968,6
post_rope,q,8,7,4,0.8247669637203217,6
post_rope,q,8,7,5,0.7798957526683807,6
post_rope,q,8,7,6,0.6544270614782969,6
post_rope,q,8,7,7,0.8383644123872122,6
post_rope,q,8,7,8,0.8709604442119598,6
post_rope,q,8,7,9,0.8982337713241577,6
post_rope,q,8,7,10,0.7698120176792145,6
post_rope,q,8,7,11,0.8845723271369934,6
post_rope,q,8,7,12,0.9052186409632365,6
post_rope,q,8,7,13,0.8687084515889486,6
post_rope,q,8,7,14,0.836805651585261,6
post_rope,q,8,7,15,0.7078863978385925,6
post_rope,q,8,7,16,0.8643689254919688,6
post_rope,q,8,7,17,0.8606099088986715,6
post_rope,q,8,7,18,0.8507956167062124,6
post_rope,q,8,7,19,0.7918306092421213,6
post_rope,q,8,7,20,0.7712273399035136,6
post_rope,q,8,7,21,0.8504738211631775,6
post_rope,q,8,7,22,0.772082140048345,6
post_rope,q,8,7,23,0.7589291135470072,6
post_rope,q,8,7,24,0.7774078051249186,6
post_rope,q,8,7,25,0.8587937454382578,6
post_rope,q,8,7,26,0.8642163674036661,6
post_rope,q,8,7,27,0.7162105043729147,6
post_rope,q,8,8,-1,0.8652978837490082,168
post_rope,q,8,8,0,0.909675270318985,6
post_rope,q,8,8,1,0.9040826161702474,6
post_rope,q,8,8,2,0.8995629251003265,6
post_rope,q,8,8,3,0.8750890692075094,6
post_rope,q,8,8,4,0.837600439786911,6
post_rope,q,8,8,5,0.9033110439777374,6
post_rope,q,8,8,6,0.7906924486160278,6
post_rope,q,8,8,7,0.9129771788914999,6
post_rope,q,8,8,8,0.9211475849151611,6
post_rope,q,8,8,9,0.9378620783487955,6
post_rope,q,8,8,10,0.9289383888244629,6
post_rope,q,8,8,11,0.9062060912450155,6
post_rope,q,8,8,12,0.915018896261851,6
post_rope,q,8,8,13,0.8915119965871176,6
post_rope,q,8,8,14,0.9009741942087809,6
post_rope,q,8,8,15,0.873165359099706,6
post_rope,q,8,8,16,0.9114555319150289,6
post_rope,q,8,8,17,0.8985565404097239,6
post_rope,q,8,8,18,0.9050872524579366,6
post_rope,q,8,8,19,0.9097758531570435,6
post_rope,q,8,8,20,0.8609549800554911,6
post_rope,q,8,8,21,0.7646349370479584,6
post_rope,q,8,8,22,0.7064720690250397,6
post_rope,q,8,8,23,0.747654656569163,6
post_rope,q,8,8,24,0.8366739352544149,6
post_rope,q,8,8,25,0.8028641045093536,6
post_rope,q,8,8,26,0.8146199186642965,6
post_rope,q,8,8,27,0.761775811513265,6
post_rope,q,8,9,-1,0.7866197625796,168
post_rope,q,8,9,0,0.8238780895868937,6
post_rope,q,8,9,1,0.8576370378335317,6
post_rope,q,8,9,2,0.7481337090333303,6
post_rope,q,8,9,3,0.7957716087500254,6
post_rope,q,8,9,4,0.8281028767426809,6
post_rope,q,8,9,5,0.7572216391563416,6
post_rope,q,8,9,6,0.8885865310827891,6
post_rope,q,8,9,7,0.8606110612551371,6
post_rope,q,8,9,8,0.6037902335325877,6
post_rope,q,8,9,9,0.8348321616649628,6
post_rope,q,8,9,10,0.7922316094239553,6
post_rope,q,8,9,11,0.7800052464008331,6
post_rope,q,8,9,12,0.8531652490297953,6
post_rope,q,8,9,13,0.7756750186284384,6
post_rope,q,8,9,14,0.8494140009085337,6
post_rope,q,8,9,15,0.8101125359535217,6
post_rope,q,8,9,16,0.6463014682133993,6
post_rope,q,8,9,17,0.7811184028784434,6
post_rope,q,8,9,18,0.6912989020347595,6
post_rope,q,8,9,19,0.6646305918693542,6
post_rope,q,8,9,20,0.8161308467388153,6
post_rope,q,8,9,21,0.8299770752588908,6
post_rope,q,8,9,22,0.7691905200481415,6
post_rope,q,8,9,23,0.7733075122038523,6
post_rope,q,8,9,24,0.8469613989194235,6
post_rope,q,8,9,25,0.7888137996196747,6
post_rope,q,8,9,26,0.844934751590093,6
post_rope,q,8,9,27,0.7135191261768341,6
post_rope,q,8,10,-1,0.8791036407152811,168
post_rope,q,8,10,0,0.8237119019031525,6
post_rope,q,8,10,1,0.6771850486596426,6
post_rope,q,8,10,2,0.737498422463735,6
post_rope,q,8,10,3,0.9347245891888937,6
post_rope,q,8,10,4,0.822896271944046,6
post_rope,q,8,10,5,0.9405076503753662,6
post_rope,q,8,10,6,0.797059178352356,6
post_rope,q,8,10,7,0.9104884962240855,6
post_rope,q,8,10,8,0.905289481083552,6
post_rope,q,8,10,9,0.906631718079249,6
post_rope,q,8,10,10,0.8960476219654083,6
post_rope,q,8,10,11,0.863487720489502,6
post_rope,q,8,10,12,0.8889627456665039,6
post_rope,q,8,10,13,0.9028947353363037,6
post_rope,q,8,10,14,0.9129679501056671,6
post_rope,q,8,10,15,0.9130062162876129,6
post_rope,q,8,10,16,0.9287503560384115,6
post_rope,q,8,10,17,0.9428353706995646,6
post_rope,q,8,10,18,0.9188636442025503,6
post_rope,q,8,10,19,0.9334230720996857,6
post_rope,q,8,10,20,0.8883669773737589,6
post_rope,q,8,10,21,0.9157548348108927,6
post_rope,q,8,10,22,0.8594259520371755,6
post_rope,q,8,10,23,0.9091361165046692,6
post_rope,q,8,10,24,0.8206097284952799,6
post_rope,q,8,10,25,0.8766811688741049,6
post_rope,q,8,10,26,0.9102934996287028,6
post_rope,q,8,10,27,0.8774014015992483,6
post_rope,q,8,11,-1,0.8679583470026652,168
post_rope,q,8,11,0,0.893732100725174,6
post_rope,q,8,11,1,0.7289017736911774,6
post_rope,q,8,11,2,0.9335173964500427,6
post_rope,q,8,11,3,0.9014560381571451,6
post_rope,q,8,11,4,0.944746603568395,6
post_rope,q,8,11,5,0.9056166112422943,6
post_rope,q,8,11,6,0.8890531659126282,6
post_rope,q,8,11,7,0.8700670202573141,6
post_rope,q,8,11,8,0.7350321610768636,6
post_rope,q,8,11,9,0.915885736544927,6
post_rope,q,8,11,10,0.8979641298453013,6
post_rope,q,8,11,11,0.8622246583302816,6
post_rope,q,8,11,12,0.7944652338822683,6
post_rope,q,8,11,13,0.9227199057737986,6
post_rope,q,8,11,14,0.8848300178845724,6
post_rope,q,8,11,15,0.8879705667495728,6
post_rope,q,8,11,16,0.8422954380512238,6
post_rope,q,8,11,17,0.880438764890035,6
post_rope,q,8,11,18,0.8618103365103403,6
post_rope,q,8,11,19,0.8879511455694834,6
post_rope,q,8,11,20,0.894299844900767,6
post_rope,q,8,11,21,0.868517647186915,6
post_rope,q,8,11,22,0.8538675606250763,6
post_rope,q,8,11,23,0.846678634484609,6
post_rope,q,8,11,24,0.7886882722377777,6
post_rope,q,8,11,25,0.8831804295380911,6
post_rope,q,8,11,26,0.8585450251897176,6
post_rope,q,8,11,27,0.8683775067329407,6
post_rope,q,8,12,-1,0.8281668623288473,168
post_rope,q,8,12,0,0.5432515690724055,6
post_rope,q,8,12,1,0.8481906652450562,6
post_rope,q,8,12,2,0.7834285000960032,6
post_rope,q,8,12,3,0.8666127920150757,6
post_rope,q,8,12,4,0.8770351707935333,6
post_rope,q,8,12,5,0.7938716610272726,6
post_rope,q,8,12,6,0.7886128922303518,6
post_rope,q,8,12,7,0.7417590816815695,6
post_rope,q,8,12,8,0.8741601904233297,6
post_rope,q,8,12,9,0.8263148864110311,6
post_rope,q,8,12,10,0.8906746308008829,6
post_rope,q,8,12,11,0.9106284479300181,6
post_rope,q,8,12,12,0.8533966243267059,6
post_rope,q,8,12,13,0.8776638706525167,6
post_rope,q,8,12,14,0.8461746275424957,6
post_rope,q,8,12,15,0.8028444647789001,6
post_rope,q,8,12,16,0.7553916374842325,6
post_rope,q,8,12,17,0.7782998383045197,6
post_rope,q,8,12,18,0.8340415159861246,6
post_rope,q,8,12,19,0.7832393745581309,6
post_rope,q,8,12,20,0.7298429707686106,6
post_rope,q,8,12,21,0.8817071715990702,6
post_rope,q,8,12,22,0.9153441886107127,6
post_rope,q,8,12,23,0.8994128306706747,6
post_rope,q,8,12,24,0.7990720172723135,6
post_rope,q,8,12,25,0.908333549896876,6
post_rope,q,8,12,26,0.8813155988852183,6
post_rope,q,8,12,27,0.8980518480141958,6
post_rope,q,8,13,-1,0.8081351121266683,168
post_rope,q,8,13,0,0.8236514329910278,6
post_rope,q,8,13,1,0.8192782203356425,6
post_rope,q,8,13,2,0.7525840600331625,6
post_rope,q,8,13,3,0.813257505496343,6
post_rope,q,8,13,4,0.793291707833608,6
post_rope,q,8,13,5,0.8333200613657633,6
post_rope,q,8,13,6,0.7871662676334381,6
post_rope,q,8,13,7,0.9290452698866526,6
post_rope,q,8,13,8,0.7762643396854401,6
post_rope,q,8,13,9,0.8917224407196045,6
post_rope,q,8,13,10,0.8518387377262115,6
post_rope,q,8,13,11,0.7006003657976786,6
post_rope,q,8,13,12,0.7894509633382162,6
post_rope,q,8,13,13,0.5990025748809179,6
post_rope,q,8,13,14,0.8478368123372396,6
post_rope,q,8,13,15,0.8470030824343363,6
post_rope,q,8,13,16,0.8140454490979513,6
post_rope,q,8,13,17,0.8148195147514343,6
post_rope,q,8,13,18,0.7705957690874735,6
post_rope,q,8,13,19,0.7950975298881531,6
post_rope,q,8,13,20,0.8029095729192098,6
post_rope,q,8,13,21,0.8353951672712961,6
post_rope,q,8,13,22,0.8412889142831167,6
post_rope,q,8,13,23,0.8353527585665385,6
post_rope,q,8,13,24,0.8150136272112528,6
post_rope,q,8,13,25,0.8010234733422598,6
post_rope,q,8,13,26,0.813031405210495,6
post_rope,q,8,13,27,0.8338958621025085,6
post_rope,q,8,14,-1,0.7897608081499735,168
post_rope,q,8,14,0,0.7134427428245544,6
post_rope,q,8,14,1,0.745771994193395,6
post_rope,q,8,14,2,0.7515920499960581,6
post_rope,q,8,14,3,0.8062281509240469,6
post_rope,q,8,14,4,0.7246205111344656,6
post_rope,q,8,14,5,0.7974790732065836,6
post_rope,q,8,14,6,0.7533676226933798,6
post_rope,q,8,14,7,0.7957278688748678,6
post_rope,q,8,14,8,0.7983229955037435,6
post_rope,q,8,14,9,0.8402469853560129,6
post_rope,q,8,14,10,0.8312397003173828,6
post_rope,q,8,14,11,0.8261291186014811,6
post_rope,q,8,14,12,0.8301965991655985,6
post_rope,q,8,14,13,0.824013372262319,6
post_rope,q,8,14,14,0.8239739040533701,6
post_rope,q,8,14,15,0.7262368897596995,6
post_rope,q,8,14,16,0.8400124609470367,6
post_rope,q,8,14,17,0.7937060097853342,6
post_rope,q,8,14,18,0.7693844735622406,6
post_rope,q,8,14,19,0.8104972243309021,6
post_rope,q,8,14,20,0.8206248084704081,6
post_rope,q,8,14,21,0.8830431004365286,6
post_rope,q,8,14,22,0.7878767649332682,6
post_rope,q,8,14,23,0.7596053083737692,6
post_rope,q,8,14,24,0.863615075747172,6
post_rope,q,8,14,25,0.5576175600290298,6
post_rope,q,8,14,26,0.8649393916130066,6
post_rope,q,8,14,27,0.7737908065319061,6
post_rope,q,8,15,-1,0.8169582287470499,168
post_rope,q,8,15,0,0.8249452710151672,6
post_rope,q,8,15,1,0.8199080725510915,6
post_rope,q,8,15,2,0.8939917186896006,6
post_rope,q,8,15,3,0.8862302800019582,6
post_rope,q,8,15,4,0.8463171323140463,6
post_rope,q,8,15,5,0.808586965004603,6
post_rope,q,8,15,6,0.8513948222001394,6
post_rope,q,8,15,7,0.8937588433424631,6
post_rope,q,8,15,8,0.8846523662408193,6
post_rope,q,8,15,9,0.8183556894461314,6
post_rope,q,8,15,10,0.9507499635219574,6
post_rope,q,8,15,11,0.6564008394877116,6
post_rope,q,8,15,12,0.8692413071791331,6
post_rope,q,8,15,13,0.8835188945134481,6
post_rope,q,8,15,14,0.7444621523221334,6
post_rope,q,8,15,15,0.7403369247913361,6
post_rope,q,8,15,16,0.773427019516627,6
post_rope,q,8,15,17,0.8795653184254965,6
post_rope,q,8,15,18,0.6743145187695821,6
post_rope,q,8,15,19,0.7907159825166067,6
post_rope,q,8,15,20,0.7098660667737325,6
post_rope,q,8,15,21,0.8482413490613302,6
post_rope,q,8,15,22,0.8625451227029165,6
post_rope,q,8,15,23,0.7986145913600922,6
post_rope,q,8,15,24,0.7209453582763672,6
post_rope,q,8,15,25,0.7612780928611755,6
post_rope,q,8,15,26,0.9089881380399069,6
post_rope,q,8,15,27,0.7734787265459696,6
post_rope,q,8,16,-1,0.7784219284852346,168
post_rope,q,8,16,0,0.7823451658089956,6
post_rope,q,8,16,1,0.7566731174786886,6
post_rope,q,8,16,2,0.793557325998942,6
post_rope,q,8,16,3,0.7671614984671274,6
post_rope,q,8,16,4,0.8206876516342163,6
post_rope,q,8,16,5,0.7837886810302734,6
post_rope,q,8,16,6,0.7421604990959167,6
post_rope,q,8,16,7,0.7935611009597778,6
post_rope,q,8,16,8,0.7470247745513916,6
post_rope,q,8,16,9,0.7237610022226969,6
post_rope,q,8,16,10,0.8278145293394724,6
post_rope,q,8,16,11,0.8022199173768362,6
post_rope,q,8,16,12,0.7663614948590597,6
post_rope,q,8,16,13,0.7216895818710327,6
post_rope,q,8,16,14,0.7365835607051849,6
post_rope,q,8,16,15,0.7846918602784475,6
post_rope,q,8,16,16,0.7914030253887177,6
post_rope,q,8,16,17,0.7638354301452637,6
post_rope,q,8,16,18,0.7908401091893514,6
post_rope,q,8,16,19,0.7802599966526031,6
post_rope,q,8,16,20,0.771116187175115,6
post_rope,q,8,16,21,0.7909582555294037,6
post_rope,q,8,16,22,0.7778201202551523,6
post_rope,q,8,16,23,0.7925887008508047,6
post_rope,q,8,16,24,0.8444487353165945,6
post_rope,q,8,16,25,0.8525767624378204,6
post_rope,q,8,16,26,0.7025991678237915,6
post_rope,q,8,16,27,0.7872848709424337,6
post_rope,q,8,17,-1,0.7849591871102651,168
post_rope,q,8,17,0,0.8316264649232229,6
post_rope,q,8,17,1,0.8824502825737,6
post_rope,q,8,17,2,0.8149214883645376,6
post_rope,q,8,17,3,0.8040698866049448,6
post_rope,q,8,17,4,0.7612502376238505,6
post_rope,q,8,17,5,0.8690145512421926,6
post_rope,q,8,17,6,0.895399272441864,6
post_rope,q,8,17,7,0.7356226146221161,6
post_rope,q,8,17,8,0.6328812539577484,6
post_rope,q,8,17,9,0.6503985722859701,6
post_rope,q,8,17,10,0.6051057477792104,6
post_rope,q,8,17,11,0.7591711680094401,6
post_rope,q,8,17,12,0.7775654494762421,6
post_rope,q,8,17,13,0.7498518625895182,6
post_rope,q,8,17,14,0.792190839846929,6
post_rope,q,8,17,15,0.7578916947046915,6
post_rope,q,8,17,16,0.7569003800551096,6
post_rope,q,8,17,17,0.7912410298983256,6
post_rope,q,8,17,18,0.8094528615474701,6
post_rope,q,8,17,19,0.7513317863146464,6
post_rope,q,8,17,20,0.7620448271433512,6
post_rope,q,8,17,21,0.8237562080224355,6
post_rope,q,8,17,22,0.8591604133447012,6
post_rope,q,8,17,23,0.8548625906308492,6
post_rope,q,8,17,24,0.7125483453273773,6
post_rope,q,8,17,25,0.8658124705155691,6
post_rope,q,8,17,26,0.7982929845650991,6
post_rope,q,8,17,27,0.8740422427654266,6
post_rope,q,8,18,-1,0.8155532081921896,168
post_rope,q,8,18,0,0.7127861181894938,6
post_rope,q,8,18,1,0.9005469381809235,6
post_rope,q,8,18,2,0.849667876958847,6
post_rope,q,8,18,3,0.833199938138326,6
post_rope,q,8,18,4,0.8763771851857504,6
post_rope,q,8,18,5,0.8976996640364329,6
post_rope,q,8,18,6,0.8780878881613413,6
post_rope,q,8,18,7,0.5634944140911102,6
post_rope,q,8,18,8,0.9216961165269216,6
post_rope,q,8,18,9,0.8463512659072876,6
post_rope,q,8,18,10,0.7018781105677286,6
post_rope,q,8,18,11,0.8661702771981558,6
post_rope,q,8,18,12,0.8582422733306885,6
post_rope,q,8,18,13,0.8282713790734609,6
post_rope,q,8,18,14,0.8224780460198721,6
post_rope,q,8,18,15,0.8458170791467031,6
post_rope,q,8,18,16,0.7819329698880514,6
post_rope,q,8,18,17,0.6714738508065542,6
post_rope,q,8,18,18,0.8101426859696707,6
post_rope,q,8,18,19,0.8503195842107137,6
post_rope,q,8,18,20,0.8620554705460867,6
post_rope,q,8,18,21,0.8679630060990652,6
post_rope,q,8,18,22,0.8956743876139323,6
post_rope,q,8,18,23,0.6901986996332804,6
post_rope,q,8,18,24,0.8779698113600413,6
post_rope,q,8,18,25,0.6739590267340342,6
post_rope,q,8,18,26,0.8213196396827698,6
post_rope,q,8,18,27,0.829716275135676,6
post_rope,q,8,19,-1,0.8123069703578949,168
post_rope,q,8,19,0,0.6864473621050516,6
post_rope,q,8,19,1,0.8431704044342041,6
post_rope,q,8,19,2,0.8184708456198374,6
post_rope,q,8,19,3,0.8835334281126658,6
post_rope,q,8,19,4,0.8061589499314626,6
post_rope,q,8,19,5,0.8201697866121928,6
post_rope,q,8,19,6,0.821985642115275,6
post_rope,q,8,19,7,0.8774058222770691,6
post_rope,q,8,19,8,0.7745048602422079,6
post_rope,q,8,19,9,0.8815035422643026,6
post_rope,q,8,19,10,0.8696551521619161,6
post_rope,q,8,19,11,0.801715095837911,6
post_rope,q,8,19,12,0.8542974591255188,6
post_rope,q,8,19,13,0.7895514269669851,6
post_rope,q,8,19,14,0.7939757506052653,6
post_rope,q,8,19,15,0.8250934878985087,6
post_rope,q,8,19,16,0.8274529874324799,6
post_rope,q,8,19,17,0.8247532347838084,6
post_rope,q,8,19,18,0.8049200673898061,6
post_rope,q,8,19,19,0.7904758552710215,6
post_rope,q,8,19,20,0.7974121868610382,6
post_rope,q,8,19,21,0.8163932859897614,6
post_rope,q,8,19,22,0.8259227176507314,6
post_rope,q,8,19,23,0.7745890319347382,6
post_rope,q,8,19,24,0.8077958424886068,6
post_rope,q,8,19,25,0.7750824292500814,6
post_rope,q,8,19,26,0.7373692591985067,6
post_rope,q,8,19,27,0.8147892951965332,6
post_rope,q,8,20,-1,0.8328329026699066,168
post_rope,q,8,20,0,0.9136765400568644,6
post_rope,q,8,20,1,0.8184333344300588,6
post_rope,q,8,20,2,0.7294587790966034,6
post_rope,q,8,20,3,0.890002022186915,6
post_rope,q,8,20,4,0.8840187788009644,6
post_rope,q,8,20,5,0.8606882194677988,6
post_rope,q,8,20,6,0.873600443204244,6
post_rope,q,8,20,7,0.8299141625563303,6
post_rope,q,8,20,8,0.7181085248788198,6
post_rope,q,8,20,9,0.6975532670815786,6
post_rope,q,8,20,10,0.8332078258196512,6
post_rope,q,8,20,11,0.7596351106961569,6
post_rope,q,8,20,12,0.8017963369687399,6
post_rope,q,8,20,13,0.8558054665724436,6
post_rope,q,8,20,14,0.8423538903395335,6
post_rope,q,8,20,15,0.8828434745470682,6
post_rope,q,8,20,16,0.8627534111340841,6
post_rope,q,8,20,17,0.8046801586945852,6
post_rope,q,8,20,18,0.8226659297943115,6
post_rope,q,8,20,19,0.8468937973181406,6
post_rope,q,8,20,20,0.8587833245595297,6
post_rope,q,8,20,21,0.8738217353820801,6
post_rope,q,8,20,22,0.8350772460301717,6
post_rope,q,8,20,23,0.861373116572698,6
post_rope,q,8,20,24,0.8475664357344309,6
post_rope,q,8,20,25,0.8493735492229462,6
post_rope,q,8,20,26,0.8015124400456747,6
post_rope,q,8,20,27,0.8637232979138693,6
post_rope,q,8,21,-1,0.8171424070994059,168
post_rope,q,8,21,0,0.8171919286251068,6
post_rope,q,8,21,1,0.8696044584115347,6
post_rope,q,8,21,2,0.8753596146901449,6
post_rope,q,8,21,3,0.8348333040873209,6
post_rope,q,8,21,4,0.8728960653146108,6
post_rope,q,8,21,5,0.7818627456823984,6
post_rope,q,8,21,6,0.7180122037728628,6
post_rope,q,8,21,7,0.810122420390447,6
post_rope,q,8,21,8,0.8908312718073527,6
post_rope,q,8,21,9,0.8267898261547089,6
post_rope,q,8,21,10,0.8830339809258779,6
post_rope,q,8,21,11,0.8876598874727885,6
post_rope,q,8,21,12,0.866479734579722,6
post_rope,q,8,21,13,0.7520120143890381,6
post_rope,q,8,21,14,0.7811309993267059,6
post_rope,q,8,21,15,0.5956291953722636,6
post_rope,q,8,21,16,0.8389768898487091,6
post_rope,q,8,21,17,0.6866944829622904,6
post_rope,q,8,21,18,0.8822561105092367,6
post_rope,q,8,21,19,0.8001512487729391,6
post_rope,q,8,21,20,0.8327108919620514,6
post_rope,q,8,21,21,0.8356348673502604,6
post_rope,q,8,21,22,0.8441283305486044,6
post_rope,q,8,21,23,0.7169666488965353,6
post_rope,q,8,21,24,0.8747973144054413,6
post_rope,q,8,21,25,0.8006845116615295,6
post_rope,q,8,21,26,0.8658855458100637,6
post_rope,q,8,21,27,0.8376509745915731,6
post_rope,q,8,22,-1,0.785969614982605,168
post_rope,q,8,22,0,0.8153278330961863,6
post_rope,q,8,22,1,0.7656499048074087,6
post_rope,q,8,22,2,0.7018430431683859,6
post_rope,q,8,22,3,0.6732830703258514,6
post_rope,q,8,22,4,0.6792822380860647,6
post_rope,q,8,22,5,0.6972493231296539,6
post_rope,q,8,22,6,0.6700565218925476,6
post_rope,q,8,22,7,0.7575856943925222,6
post_rope,q,8,22,8,0.797563761472702,6
post_rope,q,8,22,9,0.8264473179976145,6
post_rope,q,8,22,10,0.7830538849035898,6
post_rope,q,8,22,11,0.7996557354927063,6
post_rope,q,8,22,12,0.8042133748531342,6
post_rope,q,8,22,13,0.8090334832668304,6
post_rope,q,8,22,14,0.8729160130023956,6
post_rope,q,8,22,15,0.8542837301890055,6
post_rope,q,8,22,16,0.8123310506343842,6
post_rope,q,8,22,17,0.8609342575073242,6
post_rope,q,8,22,18,0.849456121524175,6
post_rope,q,8,22,19,0.8542687694231669,6
post_rope,q,8,22,20,0.8265286882718405,6
post_rope,q,8,22,21,0.7649212876955668,6
post_rope,q,8,22,22,0.7649328807989756,6
post_rope,q,8,22,23,0.8122706810633341,6
post_rope,q,8,22,24,0.759344220161438,6
post_rope,q,8,22,25,0.8058399756749471,6
post_rope,q,8,22,26,0.8108065028985342,6
post_rope,q,8,22,27,0.7780701021353403,6
post_rope,q,8,23,-1,0.8052253921826681,168
post_rope,q,8,23,0,0.8790681560834249,6
post_rope,q,8,23,1,0.8493512670199076,6
post_rope,q,8,23,2,0.8465362091859182,6
post_rope,q,8,23,3,0.8767498830954233,6
post_rope,q,8,23,4,0.8912848631540934,6
post_rope,q,8,23,5,0.832646518945694,6
post_rope,q,8,23,6,0.8269299368063608,6
post_rope,q,8,23,7,0.8293353319168091,6
post_rope,q,8,23,8,0.7746045192082723,6
post_rope,q,8,23,9,0.7613422771294912,6
post_rope,q,8,23,10,0.6703687111536661,6
post_rope,q,8,23,11,0.7098637918631235,6
post_rope,q,8,23,12,0.7282482186953226,6
post_rope,q,8,23,13,0.7086764574050903,6
post_rope,q,8,23,14,0.7768528759479523,6
post_rope,q,8,23,15,0.7877769768238068,6
post_rope,q,8,23,16,0.806850532690684,6
post_rope,q,8,23,17,0.7824017604192098,6
post_rope,q,8,23,18,0.8051121036211649,6
post_rope,q,8,23,19,0.7766886055469513,6
post_rope,q,8,23,20,0.8054727713267008,6
post_rope,q,8,23,21,0.872534841299057,6
post_rope,q,8,23,22,0.8937728504339854,6
post_rope,q,8,23,23,0.8411989112695059,6
post_rope,q,8,23,24,0.8228137791156769,6
post_rope,q,8,23,25,0.7357070545355479,6
post_rope,q,8,23,26,0.8580678403377533,6
post_rope,q,8,23,27,0.7960546215375265,6
post_rope,q,8,24,-1,0.798776388168335,168
post_rope,q,8,24,0,0.8219519952932993,6
post_rope,q,8,24,1,0.7539111872514089,6
post_rope,q,8,24,2,0.8470080097516378,6
post_rope,q,8,24,3,0.6966772178808848,6
post_rope,q,8,24,4,0.8737501502037048,6
post_rope,q,8,24,5,0.8440464039643606,6
post_rope,q,8,24,6,0.8738326827685038,6
post_rope,q,8,24,7,0.7335218985875448,6
post_rope,q,8,24,8,0.7615777750809988,6
post_rope,q,8,24,9,0.8430580000082651,6
post_rope,q,8,24,10,0.7456567287445068,6
post_rope,q,8,24,11,0.7713718215624491,6
post_rope,q,8,24,12,0.76300115386645,6
post_rope,q,8,24,13,0.7278836766878763,6
post_rope,q,8,24,14,0.8678739964962006,6
post_rope,q,8,24,15,0.8339981436729431,6
post_rope,q,8,24,16,0.8508448004722595,6
post_rope,q,8,24,17,0.8490112026532491,6
post_rope,q,8,24,18,0.7967866063117981,6
post_rope,q,8,24,19,0.8242151935895284,6
post_rope,q,8,24,20,0.8477649788061777,6
post_rope,q,8,24,21,0.7219690382480621,6
post_rope,q,8,24,22,0.8166178663571676,6
post_rope,q,8,24,23,0.7733008960882822,6
post_rope,q,8,24,24,0.7761857112248739,6
post_rope,q,8,24,25,0.7944260934988657,6
post_rope,q,8,24,26,0.7918563385804495,6
post_rope,q,8,24,27,0.7636391818523407,6
post_rope,q,8,25,-1,0.7999915381272634,168
post_rope,q,8,25,0,0.8239196836948395,6
post_rope,q,8,25,1,0.8089180688063303,6
post_rope,q,8,25,2,0.784943679968516,6
post_rope,q,8,25,3,0.8188992440700531,6
post_rope,q,8,25,4,0.7517105340957642,6
post_rope,q,8,25,5,0.8253489236036936,6
post_rope,q,8,25,6,0.7749244173367819,6
post_rope,q,8,25,7,0.8023972709973654,6
post_rope,q,8,25,8,0.7890665233135223,6
post_rope,q,8,25,9,0.7940261165301005,6
post_rope,q,8,25,10,0.7938616871833801,6
post_rope,q,8,25,11,0.8019614120324453,6
post_rope,q,8,25,12,0.7460177739461263,6
post_rope,q,8,25,13,0.8035024205843607,6
post_rope,q,8,25,14,0.7514938712120056,6
post_rope,q,8,25,15,0.6890860994656881,6
post_rope,q,8,25,16,0.904280016819636,6
post_rope,q,8,25,17,0.8156167566776276,6
post_rope,q,8,25,18,0.7969145079453787,6
post_rope,q,8,25,19,0.7968036532402039,6
post_rope,q,8,25,20,0.7412171264489492,6
post_rope,q,8,25,21,0.8962675730387369,6
post_rope,q,8,25,22,0.8552773197491964,6
post_rope,q,8,25,23,0.8108619948228201,6
post_rope,q,8,25,24,0.8093363444010416,6
post_rope,q,8,25,25,0.6845449109872183,6
post_rope,q,8,25,26,0.8477483093738556,6
post_rope,q,8,25,27,0.8808165490627289,6
post_rope,q,8,26,-1,0.7411080598831177,168
post_rope,q,8,26,0,0.7325043976306915,6
post_rope,q,8,26,1,0.777510941028595,6
post_rope,q,8,26,2,0.7807613412539164,6
post_rope,q,8,26,3,0.7626070082187653,6
post_rope,q,8,26,4,0.7608072658379873,6
post_rope,q,8,26,5,0.7685999572277069,6
post_rope,q,8,26,6,0.7815557817618052,6
post_rope,q,8,26,7,0.7159877320130666,6
post_rope,q,8,26,8,0.5539955894152323,6
post_rope,q,8,26,9,0.7352237105369568,6
post_rope,q,8,26,10,0.8109216193358103,6
post_rope,q,8,26,11,0.4978196422259013,6
post_rope,q,8,26,12,0.8581065634886423,6
post_rope,q,8,26,13,0.658224751551946,6
post_rope,q,8,26,14,0.7080637713273367,6
post_rope,q,8,26,15,0.7177424927552541,6
post_rope,q,8,26,16,0.7239555617173513,6
post_rope,q,8,26,17,0.8067134817441305,6
post_rope,q,8,26,18,0.797161708275477,6
post_rope,q,8,26,19,0.792864720026652,6
post_rope,q,8,26,20,0.8315136631329855,6
post_rope,q,8,26,21,0.77543905377388,6
post_rope,q,8,26,22,0.712676207224528,6
post_rope,q,8,26,23,0.7671310802300771,6
post_rope,q,8,26,24,0.7609285513559977,6
post_rope,q,8,26,25,0.6865313549836477,6
post_rope,q,8,26,26,0.7685690025488535,6
post_rope,q,8,26,27,0.7071082293987274,6
post_rope,q,8,27,-1,0.7215810716152191,168
post_rope,q,8,27,0,0.8183985650539398,6
post_rope,q,8,27,1,0.7924252152442932,6
post_rope,q,8,27,2,0.7612425784269968,6
post_rope,q,8,27,3,0.8021136820316315,6
post_rope,q,8,27,4,0.7916378378868103,6
post_rope,q,8,27,5,0.7855107287565867,6
post_rope,q,8,27,6,0.7342954675356547,6
post_rope,q,8,27,7,0.5356043819338083,6
post_rope,q,8,27,8,0.7096118032932281,6
post_rope,q,8,27,9,0.7643193701903025,6
post_rope,q,8,27,10,0.6096948037544886,6
post_rope,q,8,27,11,0.5811070601145426,6
post_rope,q,8,27,12,0.6530846754709879,6
post_rope,q,8,27,13,0.6247273087501526,6
post_rope,q,8,27,14,0.6557161609331766,6
post_rope,q,8,27,15,0.6460160315036774,6
post_rope,q,8,27,16,0.7117360730965933,6
post_rope,q,8,27,17,0.7463230888048807,6
post_rope,q,8,27,18,0.6812348465124766,6
post_rope,q,8,27,19,0.7286818325519562,6
post_rope,q,8,27,20,0.6311671733856201,6
post_rope,q,8,27,21,0.7782543102900187,6
post_rope,q,8,27,22,0.7584741115570068,6
post_rope,q,8,27,23,0.7621240417162577,6
post_rope,q,8,27,24,0.7327028413613638,6
post_rope,q,8,27,25,0.8421415090560913,6
post_rope,q,8,27,26,0.7813475430011749,6
post_rope,q,8,27,27,0.7845767140388489,6
post_rope,v,1,0,-1,0.40271214321255683,80
post_rope,v,1,0,0,0.14941298714838921,20
post_rope,v,1,0,1,0.22162242978811264,20
post_rope,v,1,0,2,0.7446037560701371,20
post_rope,v,1,0,3,0.49520941339433194,20
post_rope,v,1,1,-1,0.2091828066855669,80
post_rope,v,1,1,0,0.4621831586584449,20
post_rope,v,1,1,1,0.03967416575178504,20
post_rope,v,1,1,2,0.14597030240111053,20
post_rope,v,1,1,3,0.1889035956468433,20
post_rope,v,1,2,-1,0.2295816635712981,80
post_rope,v,1,2,0,0.29178959857672454,20
post_rope,v,1,2,1,0.09650704637169838,20
post_rope,v,1,2,2,0.2223013118840754,20
post_rope,v,1,2,3,0.30772868618369104,20
post_rope,v,1,3,-1,0.19871638976037503,80
post_rope,v,1,3,0,0.08515402236953377,20
post_rope,v,1,3,1,0.34328381456434726,20
post_rope,v,1,3,2,0.2166865160688758,20
post_rope,v,1,3,3,0.14974119397811592,20
post_rope,v,1,4,-1,0.5012817680835724,80
post_rope,v,1,4,0,0.30790880024433137,20
post_rope,v,1,4,1,0.8229285806417466,20
post_rope,v,1,4,2,0.444260685518384,20
post_rope,v,1,4,3,0.4300290208309889,20
post_rope,v,1,5,-1,0.4441357724368572,80
post_rope,v,1,5,0,0.5063168864697218,20
post_rope,v,1,5,1,0.42606029910966753,20
post_rope,v,1,5,2,0.3095386166125536,20
post_rope,v,1,5,3,0.534627303481102,20
post_rope,v,1,6,-1,0.38187511786818507,80
post_rope,v,1,6,0,0.34891202971339225,20
post_rope,v,1,6,1,0.40441723810508845,20
post_rope,v,1,6,2,0.4456893138587475,20
post_rope,v,1,6,3,0.32848188215866686,20
post_rope,v,1,7,-1,0.33867446817457675,80
post_rope,v,1,7,0,0.4332621032372117,20
post_rope,v,1,7,1,0.22919065449386836,20
post_rope,v,1,7,2,0.36376617178320886,20
post_rope,v,1,7,3,0.32847896255552766,20
post_rope,v,1,8,-1,0.4660347752273083,80
post_rope,v,1,8,0,0.4626247765496373,20
post_rope,v,1,8,1,0.4940916011109948,20
post_rope,v,1,8,2,0.39044241774827243,20
post_rope,v,1,8,3,0.5169802796095609,20
post_rope,v,1,9,-1,0.31324648070149125,80
post_rope,v,1,9,0,0.29682377316057684,20
post_rope,v,1,9,1,0.3194378374144435,20
post_rope,v,1,9,2,0.2803616963326931,20
post_rope,v,1,9,3,0.3563626131042838,20
post_rope,v,1,10,-1,0.4433715887367725,80
post_rope,v,1,10,0,0.5012189775705338,20
post_rope,v,1,10,1,0.3896220438182354,20
post_rope,v,1,10,2,0.5381566548720003,20
post_rope,v,1,10,3,0.3444886676967144,20
post_rope,v,1,11,-1,0.47939425744116304,80
post_rope,v,1,11,0,0.4813128650188446,20
post_rope,v,1,11,1,0.5187619315460325,20
post_rope,v,1,11,2,0.4257809772156179,20
post_rope,v,1,11,3,0.4917212527245283,20
post_rope,v,1,12,-1,0.4565164677798748,80
post_rope,v,1,12,0,0.4488256398588419,20
post_rope,v,1,12,1,0.41757730004610494,20
post_rope,v,1,12,2,0.43326504044234754,20
post_rope,v,1,12,3,0.5263978864997625,20
post_rope,v,1,13,-1,0.4322069685906172,80
post_rope,v,1,13,0,0.42877573925070467,20
post_rope,v,1,13,1,0.4486189778894186,20
post_rope,v,1,13,2,0.42053566183894875,20
post_rope,v,1,13,3,0.4308974939398468,20
post_rope,v,1,14,-1,0.5419074289500714,80
post_rope,v,1,14,0,0.6206338047981262,20
post_rope,v,1,14,1,0.6117958599701524,20
post_rope,v,1,14,2,0.39252903014421464,20
post_rope,v,1,14,3,0.5426710173487663,20
post_rope,v,1,15,-1,0.5151431955397129,80
post_rope,v,1,15,0,0.5215921804308892,20
post_rope,v,1,15,1,0.45604278668761256,20
post_rope,v,1,15,2,0.5568902209401131,20
post_rope,v,1,15,3,0.526047620922327,20
post_rope,v,1,16,-1,0.48182719200849533,80
post_rope,v,1,16,0,0.5790965557098389,20
post_rope,v,1,16,1,0.44346149191260337,20
post_rope,v,1,16,2,0.4640524432063103,20
post_rope,v,1,16,3,0.44069828018546103,20
post_rope,v,1,17,-1,0.42648560777306554,80
post_rope,v,1,17,0,0.5129883490502835,20
post_rope,v,1,17,1,0.31063169641420246,20
post_rope,v,1,17,2,0.4761685393285006,20
post_rope,v,1,17,3,0.40615382678806783,20
post_rope,v,1,18,-1,0.44287441670894623,80
post_rope,v,1,18,0,0.47442196644842627,20
post_rope,v,1,18,1,0.4244187485426664,20
post_rope,v,1,18,2,0.5367693088948726,20
post_rope,v,1,18,3,0.3358876464422792,20
post_rope,v,1,19,-1,0.5074201866984367,80
post_rope,v,1,19,0,0.5834095194935799,20
post_rope,v,1,19,1,0.36514057144522666,20
post_rope,v,1,19,2,0.6004096627235412,20
post_rope,v,1,19,3,0.4807209657505155,20
post_rope,v,1,20,-1,0.5067030154168606,80
post_rope,v,1,20,0,0.5587568286806345,20
post_rope,v,1,20,1,0.4288837087806314,20
post_rope,v,1,20,2,0.49420249052345755,20
post_rope,v,1,20,3,0.5449690282344818,20
post_rope,v,1,21,-1,0.4926502972841263,80
post_rope,v,1,21,0,0.373756355792284,20
post_rope,v,1,21,1,0.5176780864596366,20
post_rope,v,1,21,2,0.5475972071290016,20
post_rope,v,1,21,3,0.5315695278346538,20
post_rope,v,1,22,-1,0.4209078952670097,80
post_rope,v,1,22,0,0.174178699683398,20
post_rope,v,1,22,1,0.38591800536960363,20
post_rope,v,1,22,2,0.6214239716529846,20
post_rope,v,1,22,3,0.502110905200243,20
post_rope,v,1,23,-1,0.37622593715786934,80
post_rope,v,1,23,0,0.5567715339362621,20
post_rope,v,1,23,1,0.1479832504875958,20
post_rope,v,1,23,2,0.14146881876513362,20
post_rope,v,1,23,3,0.6586801290512085,20
post_rope,v,1,24,-1,0.4183146096765995,80
post_rope,v,1,24,0,0.526014955341816,20
post_rope,v,1,24,1,0.2870088285300881,20
post_rope,v,1,24,2,0.6327668473124504,20
post_rope,v,1,24,3,0.22746782414615155,20
post_rope,v,1,25,-1,0.3473831869661808,80
post_rope,v,1,25,0,0.46091690585017203,20
post_rope,v,1,25,1,0.15176297170110048,20
post_rope,v,1,25,2,0.5534552603960037,20
post_rope,v,1,25,3,0.22339763278141617,20
post_rope,v,1,26,-1,0.2490245696157217,80
post_rope,v,1,26,0,0.15402321498841048,20
post_rope,v,1,26,1,0.2884912099689245,20
post_rope,v,1,26,2,0.1446986691094935,20
post_rope,v,1,26,3,0.4088851772248745,20
post_rope,v,1,27,-1,0.20488958116620778,80
post_rope,v,1,27,0,0.034519677702337506,20
post_rope,v,1,27,1,0.5736855186522007,20
post_rope,v,1,27,2,0.11642789696343243,20
post_rope,v,1,27,3,0.0949252256192267,20
post_rope,v,2,0,-1,0.369506635185745,72
post_rope,v,2,0,0,0.15083781867805454,18
post_rope,v,2,0,1,0.16175244148406717,18
post_rope,v,2,0,2,0.7410222258832719,18
post_rope,v,2,0,3,0.424414055628909,18
post_rope,v,2,1,-1,0.10903803090978828,72
post_rope,v,2,1,0,0.3473106680644883,18
post_rope,v,2,1,1,-0.00017757020476791594,18
post_rope,v,2,1,2,0.03394829280053576,18
post_rope,v,2,1,3,0.05507072237216764,18
post_rope,v,2,2,-1,0.11158886557031009,72
post_rope,v,2,2,0,0.2122911475598812,18
post_rope,v,2,2,1,-0.008215619975494014,18
post_rope,v,2,2,2,0.10475078608012861,18
post_rope,v,2,2,3,0.13752915689514744,18
post_rope,v,2,3,-1,0.054822630093743406,72
post_rope,v,2,3,0,-0.01099168954210149,18
post_rope,v,2,3,1,0.1561645232141018,18
post_rope,v,2,3,2,0.05549360387441185,18
post_rope,v,2,3,3,0.018624084898167186,18
post_rope,v,2,4,-1,0.3616146586007542,72
post_rope,v,2,4,0,0.1716583404276106,18
post_rope,v,2,4,1,0.7424266868167453,18
post_rope,v,2,4,2,0.25478089455929065,18
post_rope,v,2,4,3,0.27759271218544906,18
post_rope,v,2,5,-1,0.2762914988108807,72
post_rope,v,2,5,0,0.339243629326423,18
post_rope,v,2,5,1,0.2662268150597811,18
post_rope,v,2,5,2,0.1105855323581232,18
post_rope,v,2,5,3,0.3891100196374787,18
post_rope,v,2,6,-1,0.21814161823648545,72
post_rope,v,2,6,0,0.19447495860772002,18
post_rope,v,2,6,1,0.24610222099969783,18
post_rope,v,2,6,2,0.2654172260728147,18
post_rope,v,2,6,3,0.16657206633438668,18
post_rope,v,2,7,-1,0.1725982163204915,72
post_rope,v,2,7,0,0.2635485070447127,18
post_rope,v,2,7,1,0.06834634714242485,18
post_rope,v,2,7,2,0.22058817775299153,18
post_rope,v,2,7,3,0.13790982589125633,18
post_rope,v,2,8,-1,0.3470192286703322,72
post_rope,v,2,8,0,0.32734235293335384,18
post_rope,v,2,8,1,0.3866919314281808,18
post_rope,v,2,8,2,0.2823349016511606,18
post_rope,v,2,8,3,0.3917077078173558,18
post_rope,v,2,9,-1,0.21702077229403788,72
post_rope,v,2,9,0,0.2074335998752051,18
post_rope,v,2,9,1,0.2619659781662954,18
post_rope,v,2,9,2,0.159441280282206,18
post_rope,v,2,9,3,0.23924222950720125,18
post_rope,v,2,10,-1,0.36316686330570114,72
post_rope,v,2,10,0,0.39476549873749417,18
post_rope,v,2,10,1,0.3255664348188374,18
post_rope,v,2,10,2,0.47195513256722027,18
post_rope,v,2,10,3,0.2603803796486722,18
post_rope,v,2,11,-1,0.3817505495519274,72
post_rope,v,2,11,0,0.38019241185651886,18
post_rope,v,2,11,1,0.40210614622467095,18
post_rope,v,2,11,2,0.3169859480630193,18
post_rope,v,2,11,3,0.4277176931500435,18
post_rope,v,2,12,-1,0.350772884208709,72
post_rope,v,2,12,0,0.3470349558111694,18
post_rope,v,2,12,1,0.324709829253455,18
post_rope,v,2,12,2,0.3112182828287284,18
post_rope,v,2,12,3,0.42012846537141335,18
post_rope,v,2,13,-1,0.3331627936826812,72
post_rope,v,2,13,0,0.3413859394689401,18
post_rope,v,2,13,1,0.29853414826922947,18
post_rope,v,2,13,2,0.36609990191128516,18
post_rope,v,2,13,3,0.32663119501537746,18
post_rope,v,2,14,-1,0.4732083852092425,72
post_rope,v,2,14,0,0.5360329697529475,18
post_rope,v,2,14,1,0.5688313096761703,18
post_rope,v,2,14,2,0.3056494558437003,18
post_rope,v,2,14,3,0.48231978134976494,18
post_rope,v,2,15,-1,0.3939060681603021,72
post_rope,v,2,15,0,0.424822111096647,18
post_rope,v,2,15,1,0.3185178639574183,18
post_rope,v,2,15,2,0.42235272377729416,18
post_rope,v,2,15,3,0.40993158146739006,18
post_rope,v,2,16,-1,0.38149896843565834,72
post_rope,v,2,16,0,0.512695387005806,18
post_rope,v,2,16,1,0.2943425360653136,18
post_rope,v,2,16,2,0.4236654175652398,18
post_rope,v,2,16,3,0.29529255794154274,18
post_rope,v,2,17,-1,0.30798952281475067,72
post_rope,v,2,17,0,0.4072189037170675,18
post_rope,v,2,17,1,0.15508143189880583,18
post_rope,v,2,17,2,0.3800790589302778,18
post_rope,v,2,17,3,0.28957870623303783,18
post_rope,v,2,18,-1,0.33887401781976223,72
post_rope,v,2,18,0,0.3554995564950837,18
post_rope,v,2,18,1,0.3254489017288304,18
post_rope,v,2,18,2,0.4686032508810361,18
post_rope,v,2,18,3,0.20594437554892567,18
post_rope,v,2,19,-1,0.3875305230418841,72
post_rope,v,2,19,0,0.47496753682692844,18
post_rope,v,2,19,1,0.20040061987108654,18
post_rope,v,2,19,2,0.4651145405239529,18
post_rope,v,2,19,3,0.4096393750773536,18
post_rope,v,2,20,-1,0.37226680459247696,72
post_rope,v,2,20,0,0.44214219268825317,18
post_rope,v,2,20,1,0.25005941631065476,18
post_rope,v,2,20,2,0.3858067664421267,18
post_rope,v,2,20,3,0.41105884396367603,18
post_rope,v,2,21,-1,0.3623332869675424,72
post_rope,v,2,21,0,0.2796310032200482,18
post_rope,v,2,21,1,0.35719340956873363,18
post_rope,v,2,21,2,0.38024309774239856,18
post_rope,v,2,21,3,0.43226563351021874,18
post_rope,v,2,22,-1,0.285755240254932,72
post_rope,v,2,22,0,0.05240760603919625,18
post_rope,v,2,22,1,0.2525691934343841,18
post_rope,v,2,22,2,0.5358155998918745,18
post_rope,v,2,22,3,0.30222856667306686,18
post_rope,v,2,23,-1,0.27225937445958454,72
post_rope,v,2,23,0,0.44740547570917344,18
post_rope,v,2,23,1,0.049651191776825324,18
post_rope,v,2,23,2,0.04267855795721213,18
post_rope,v,2,23,3,0.5493022667037116,18
post_rope,v,2,24,-1,0.27667580648428863,72
post_rope,v,2,24,0,0.34965627019604045,18
post_rope,v,2,24,1,0.18507310432485408,18
post_rope,v,2,24,2,0.4836190276675754,18
post_rope,v,2,24,3,0.08835485732803743,18
post_rope,v,2,25,-1,0.20297235602305996,72
post_rope,v,2,25,0,0.2920765251749092,18
post_rope,v,2,25,1,0.019228381104767323,18
post_rope,v,2,25,2,0.4116266626450751,18
post_rope,v,2,25,3,0.088957864118533,18
post_rope,v,2,26,-1,0.12833960369850198,72
post_rope,v,2,26,0,0.037785143953644566,18
post_rope,v,2,26,1,0.18059719524656734,18
post_rope,v,2,26,2,0.040788079508476786,18
post_rope,v,2,26,3,0.2541880040533013,18
post_rope,v,2,27,-1,0.14774460893952185,72
post_rope,v,2,27,0,-0.011493839220040374,18
post_rope,v,2,27,1,0.5033529119359123,18
post_rope,v,2,27,2,0.05328972761829694,18
post_rope,v,2,27,3,0.0458296530155672,18
post_rope,v,4,0,-1,0.2851352021098137,56
post_rope,v,4,0,0,0.044098651103143184,14
post_rope,v,4,0,1,0.09633815308500614,14
post_rope,v,4,0,2,0.6991169197218758,14
post_rope,v,4,0,3,0.30098708985107286,14
post_rope,v,4,1,-1,0.11921733285167388,56
post_rope,v,4,1,0,0.3019585907459259,14
post_rope,v,4,1,1,0.05828343677733626,14
post_rope,v,4,1,2,0.07747217680194549,14
post_rope,v,4,1,3,0.039155119830476384,14
post_rope,v,4,2,-1,0.10645426304212638,56
post_rope,v,4,2,0,0.22511416700269496,14
post_rope,v,4,2,1,0.02017579593562654,14
post_rope,v,4,2,2,0.07777453346976212,14
post_rope,v,4,2,3,0.10275256580540112,14
post_rope,v,4,3,-1,0.01705931539514235,56
post_rope,v,4,3,0,-0.027244678565434048,14
post_rope,v,4,3,1,0.0830834839226944,14
post_rope,v,4,3,2,0.03126238639067326,14
post_rope,v,4,3,3,-0.01886393183044025,14
post_rope,v,4,4,-1,0.2997291790587561,56
post_rope,v,4,4,0,0.12403120878817779,14
post_rope,v,4,4,1,0.7075183647019523,14
post_rope,v,4,4,2,0.14738520647266082,14
post_rope,v,4,4,3,0.2199819427249687,14
post_rope,v,4,5,-1,0.25540067654635223,56
post_rope,v,4,5,0,0.3073829405808023,14
post_rope,v,4,5,1,0.201810475039695,14
post_rope,v,4,5,2,0.1445662065276078,14
post_rope,v,4,5,3,0.3678430851016726,14
post_rope,v,4,6,-1,0.17657173424959183,56
post_rope,v,4,6,0,0.18047232260661467,14
post_rope,v,4,6,1,0.19796360204262392,14
post_rope,v,4,6,2,0.18614869990519115,14
post_rope,v,4,6,3,0.14170231463919794,14
post_rope,v,4,7,-1,0.12610654586127826,56
post_rope,v,4,7,0,0.1495302323518055,14
post_rope,v,4,7,1,0.08208060371024269,14
post_rope,v,4,7,2,0.16116438007780484,14
post_rope,v,4,7,3,0.11165096437824625,14
post_rope,v,4,8,-1,0.2752390519848892,56
post_rope,v,4,8,0,0.29973714758775066,14
post_rope,v,4,8,1,0.25507852435112,14
post_rope,v,4,8,2,0.200693653896451,14
post_rope,v,4,8,3,0.3454468377998897,14
post_rope,v,4,9,-1,0.1629220250594829,56
post_rope,v,4,9,0,0.1554018562393529,14
post_rope,v,4,9,1,0.20206396401460683,14
post_rope,v,4,9,2,0.1122757326811552,14
post_rope,v,4,9,3,0.18194652841027295,14
post_rope,v,4,10,-1,0.2714930038366999,56
post_rope,v,4,10,0,0.3483299549136843,14
post_rope,v,4,10,1,0.21183459966310433,14
post_rope,v,4,10,2,0.3661832687045847,14
post_rope,v,4,10,3,0.15962420191083634,14
post_rope,v,4,11,-1,0.25548444914498497,56
post_rope,v,4,11,0,0.24899564404040575,14
post_rope,v,4,11,1,0.2826093467218535,14
post_rope,v,4,11,2,0.1975607380071389,14
post_rope,v,4,11,3,0.29277206591463517,14
post_rope,v,4,12,-1,0.2211371555126139,56
post_rope,v,4,12,0,0.24370740517042577,14
post_rope,v,4,12,1,0.1764659085976226,14
post_rope,v,4,12,2,0.18193312814193113,14
post_rope,v,4,12,3,0.28244220013064997,14
post_rope,v,4,13,-1,0.20214535216135637,56
post_rope,v,4,13,0,0.21954135969281197,14
post_rope,v,4,13,1,0.19197778829506465,14
post_rope,v,4,13,2,0.21640970384968178,14
post_rope,v,4,13,3,0.18065253791532346,14
post_rope,v,4,14,-1,0.3676042524831636,56
post_rope,v,4,14,0,0.43689719268253874,14
post_rope,v,4,14,1,0.46598335674830843,14
post_rope,v,4,14,2,0.18999369974647248,14
post_rope,v,4,14,3,0.37754278097833904,14
post_rope,v,4,15,-1,0.26329519918986727,56
post_rope,v,4,15,0,0.26636080842997345,14
post_rope,v,4,15,1,0.2062048196260418,14
post_rope,v,4,15,2,0.3078005045120205,14
post_rope,v,4,15,3,0.2728146431701524,14
post_rope,v,4,16,-1,0.2742709293961525,56
post_rope,v,4,16,0,0.4377166735274451,14
post_rope,v,4,16,1,0.18951409562890018,14
post_rope,v,4,16,2,0.27678999145116123,14
post_rope,v,4,16,3,0.19306295591273478,14
post_rope,v,4,17,-1,0.17335025793207542,56
post_rope,v,4,17,0,0.27797257900238037,14
post_rope,v,4,17,1,0.059076316455113034,14
post_rope,v,4,17,2,0.21388839418068528,14
post_rope,v,4,17,3,0.14246373836483275,14
post_rope,v,4,18,-1,0.2257629922990288,56
post_rope,v,4,18,0,0.23840940131672791,14
post_rope,v,4,18,1,0.2279102991202048,14
post_rope,v,4,18,2,0.344251206942967,14
post_rope,v,4,18,3,0.0924810596874782,14
post_rope,v,4,19,-1,0.2793826290539333,56
post_rope,v,4,19,0,0.38987430717263905,14
post_rope,v,4,19,1,0.10902525644217219,14
post_rope,v,4,19,2,0.3536055258342198,14
post_rope,v,4,19,3,0.2650254320885454,14
post_rope,v,4,20,-1,0.26583778352609705,56
post_rope,v,4,20,0,0.3264265273298536,14
post_rope,v,4,20,1,0.19270479479538544,14
post_rope,v,4,20,2,0.2353682674999748,14
post_rope,v,4,20,3,0.3088515416186835,14
post_rope,v,4,21,-1,0.2625689479921545,56
post_rope,v,4,21,0,0.22199388593435287,14
post_rope,v,4,21,1,0.23859980569354125,14
post_rope,v,4,21,2,0.26151199652148144,14
post_rope,v,4,21,3,0.3281701050166573,14
post_rope,v,4,22,-1,0.22365420311689377,56
post_rope,v,4,22,0,0.011205140900399004,14
post_rope,v,4,22,1,0.18413094777081693,14
post_rope,v,4,22,2,0.48470841348171234,14
post_rope,v,4,22,3,0.2145723161686744,14
post_rope,v,4,23,-1,0.2249473418508257,56
post_rope,v,4,23,0,0.40804346757275717,14
post_rope,v,4,23,1,0.006058824514704091,14
post_rope,v,4,23,2,-0.013298901729285717,14
post_rope,v,4,23,3,0.4989859802382333,14
post_rope,v,4,24,-1,0.21784473104136332,56
post_rope,v,4,24,0,0.3205914412225996,14
post_rope,v,4,24,1,0.07905543249632631,14
post_rope,v,4,24,2,0.43369141274264883,14
post_rope,v,4,24,3,0.03804064069741538,14
post_rope,v,4,25,-1,0.1644025133656604,56
post_rope,v,4,25,0,0.23396014029692327,14
post_rope,v,4,25,1,-0.03284637590071985,14
post_rope,v,4,25,2,0.3988562524318695,14
post_rope,v,4,25,3,0.05764004238881171,14
post_rope,v,4,26,-1,0.07693503717226642,56
post_rope,v,4,26,0,0.005128704676670688,14
post_rope,v,4,26,1,0.11140906531363726,14
post_rope,v,4,26,2,-0.007875038244362389,14
post_rope,v,4,26,3,0.19907741381653718,14
post_rope,v,4,27,-1,0.12887516910476343,56
post_rope,v,4,27,0,-0.023322137870958874,14
post_rope,v,4,27,1,0.46215076957430157,14
post_rope,v,4,27,2,0.03036866589848484,14
post_rope,v,4,27,3,0.0463033632508346,14
post_rope,v,8,0,-1,0.21059894189238548,24
post_rope,v,8,0,0,0.02625946483264367,6
post_rope,v,8,0,1,0.09374816715717316,6
post_rope,v,8,0,2,0.6382066011428833,6
post_rope,v,8,0,3,0.0841815173625946,6
post_rope,v,8,1,-1,0.0249965077964589,24
post_rope,v,8,1,0,0.08627578321223457,6
post_rope,v,8,1,1,0.0419404370089372,6
post_rope,v,8,1,2,-0.008404182891050974,6
post_rope,v,8,1,3,-0.019826004126419623,6
post_rope,v,8,2,-1,0.02127076289616525,24
post_rope,v,8,2,0,0.12075511490305264,6
post_rope,v,8,2,1,-0.023817107702294987,6
post_rope,v,8,2,2,-0.00858618908872207,6
post_rope,v,8,2,3,-0.0032687579902509847,6
post_rope,v,8,3,-1,0.030951956907908123,24
post_rope,v,8,3,0,0.039801557237903275,6
post_rope,v,8,3,1,0.043745157619317375,6
post_rope,v,8,3,2,-0.0036311245833834014,6
post_rope,v,8,3,3,0.04389222711324692,6
post_rope,v,8,4,-1,0.2298587275048097,24
post_rope,v,8,4,0,0.11550888543327649,6
post_rope,v,8,4,1,0.6252314001321793,6
post_rope,v,8,4,2,0.07444420922547579,6
post_rope,v,8,4,3,0.10425042749072115,6
post_rope,v,8,5,-1,0.1188579574227333,24
post_rope,v,8,5,0,0.2080144602805376,6
post_rope,v,8,5,1,0.031072257707516353,6
post_rope,v,8,5,2,0.008386374761660894,6
post_rope,v,8,5,3,0.22795872141917548,6
post_rope,v,8,6,-1,0.014621480833739042,24
post_rope,v,8,6,0,0.05530289467424154,6
post_rope,v,8,6,1,-6.528819600741069e-05,6
post_rope,v,8,6,2,-0.008348789686957995,6
post_rope,v,8,6,3,0.011597103128830591,6
post_rope,v,8,7,-1,0.05905104180177053,24
post_rope,v,8,7,0,0.05492713007455071,6
post_rope,v,8,7,1,0.11646338924765587,6
post_rope,v,8,7,2,0.04256534700592359,6
post_rope,v,8,7,3,0.02224829172094663,6
post_rope,v,8,8,-1,0.17102271442612013,24
post_rope,v,8,8,0,0.15262416626016298,6
post_rope,v,8,8,1,0.17215945571660995,6
post_rope,v,8,8,2,0.09101654744396608,6
post_rope,v,8,8,3,0.2682906799018383,6
post_rope,v,8,9,-1,0.054370203986763954,24
post_rope,v,8,9,0,0.0016758559892574947,6
post_rope,v,8,9,1,0.05741974587241808,6
post_rope,v,8,9,2,0.04642090822259585,6
post_rope,v,8,9,3,0.11196431828041871,6
post_rope,v,8,10,-1,0.2570914352933566,24
post_rope,v,8,10,0,0.24862177421649298,6
post_rope,v,8,10,1,0.23324470967054367,6
post_rope,v,8,10,2,0.42458439369996387,6
post_rope,v,8,10,3,0.12191484930614631,6
post_rope,v,8,11,-1,0.19482697422305742,24
post_rope,v,8,11,0,0.18903115826348463,6
post_rope,v,8,11,1,0.182248430326581,6
post_rope,v,8,11,2,0.11685628071427345,6
post_rope,v,8,11,3,0.2911720499396324,6
post_rope,v,8,12,-1,0.1892778892070055,24
post_rope,v,8,12,0,0.21904957791169485,6
post_rope,v,8,12,1,0.16820420666287342,6
post_rope,v,8,12,2,0.10252197304119666,6
post_rope,v,8,12,3,0.267335781827569,6
post_rope,v,8,13,-1,0.1510378262028098,24
post_rope,v,8,13,0,0.1663953090707461,6
post_rope,v,8,13,1,0.1336190515818695,6
post_rope,v,8,13,2,0.14402653152743974,6
post_rope,v,8,13,3,0.16011041961610317,6
post_rope,v,8,14,-1,0.3158142864704132,24
post_rope,v,8,14,0,0.37724794695774716,6
post_rope,v,8,14,1,0.4173413986961047,6
post_rope,v,8,14,2,0.14822015818208456,6
post_rope,v,8,14,3,0.3204476435979207,6
post_rope,v,8,15,-1,0.21635867531100908,24
post_rope,v,8,15,0,0.2570872309928139,6
post_rope,v,8,15,1,0.11404845615228017,6
post_rope,v,8,15,2,0.22322710851828256,6
post_rope,v,8,15,3,0.2710718822975953,6
post_rope,v,8,16,-1,0.22244572391112646,24
post_rope,v,8,16,0,0.3695627475778262,6
post_rope,v,8,16,1,0.13502389270191392,6
post_rope,v,8,16,2,0.23438488443692526,6
post_rope,v,8,16,3,0.1508113695308566,6
post_rope,v,8,17,-1,0.1499682975312074,24
post_rope,v,8,17,0,0.2284544880191485,6
post_rope,v,8,17,1,0.027714026781419914,6
post_rope,v,8,17,2,0.16577273638298115,6
post_rope,v,8,17,3,0.1779319429770112,6
post_rope,v,8,18,-1,0.16967309017976126,24
post_rope,v,8,18,0,0.10432194607953231,6
post_rope,v,8,18,1,0.20861484855413437,6
post_rope,v,8,18,2,0.3197505051891009,6
post_rope,v,8,18,3,0.046005080143610634,6
post_rope,v,8,19,-1,0.2617187847693761,24
post_rope,v,8,19,0,0.3951290299495061,6
post_rope,v,8,19,1,0.0884856702759862,6
post_rope,v,8,19,2,0.2957686632871628,6
post_rope,v,8,19,3,0.26749178146322566,6
post_rope,v,8,20,-1,0.22746481001377106,24
post_rope,v,8,20,0,0.3101838839550813,6
post_rope,v,8,20,1,0.08311768652250369,6
post_rope,v,8,20,2,0.2321388212343057,6
post_rope,v,8,20,3,0.28441883871952695,6
post_rope,v,8,21,-1,0.23522064089775085,24
post_rope,v,8,21,0,0.15234644804149866,6
post_rope,v,8,21,1,0.22959847748279572,6
post_rope,v,8,21,2,0.2450319156050682,6
post_rope,v,8,21,3,0.3139057035247485,6
post_rope,v,8,22,-1,0.16341115472217402,24
post_rope,v,8,22,0,0.009997710585594177,6
post_rope,v,8,22,1,0.0836774967610836,6
post_rope,v,8,22,2,0.43801484008630115,6
post_rope,v,8,22,3,0.12195456897219022,6
post_rope,v,8,23,-1,0.23852283507585526,24
post_rope,v,8,23,0,0.3705821732680003,6
post_rope,v,8,23,1,0.041990646005918585,6
post_rope,v,8,23,2,-0.0012927424783507984,6
post_rope,v,8,23,3,0.5428112794955572,6
post_rope,v,8,24,-1,0.21642442792654037,24
post_rope,v,8,24,0,0.2861858904361725,6
post_rope,v,8,24,1,0.10521956377973159,6
post_rope,v,8,24,2,0.48563729723294574,6
post_rope,v,8,24,3,-0.01134505681693554,6
post_rope,v,8,25,-1,0.16970809921622276,24
post_rope,v,8,25,0,0.2753506973385811,6
post_rope,v,8,25,1,-0.020133763551712036,6
post_rope,v,8,25,2,0.4003542910019557,6
post_rope,v,8,25,3,0.023261176111797493,6
post_rope,v,8,26,-1,0.06669087956349055,24
post_rope,v,8,26,0,-0.025509001376728218,6
post_rope,v,8,26,1,0.09582329510400693,6
post_rope,v,8,26,2,-0.031306440786768995,6
post_rope,v,8,26,3,0.22775566577911377,6
post_rope,v,8,27,-1,0.12132899649441242,24
post_rope,v,8,27,0,-0.004511889846374591,6
post_rope,v,8,27,1,0.43035394450028736,6
post_rope,v,8,27,2,0.02286882985693713,6
post_rope,v,8,27,3,0.03660509812956055,6
pre_rope,k,1,0,-1,0.9993233799934387,80
pre_rope,k,1,0,0,0.9998381346464157,20
pre_rope,k,1,0,1,0.9991058766841888,20
pre_rope,k,1,0,2,0.999345663189888,20
pre_rope,k,1,0,3,0.9990038305521012,20
pre_rope,k,1,1,-1,0.9786914438009262,80
pre_rope,k,1,1,0,0.9996627300977707,20
pre_rope,k,1,1,1,0.9634261161088944,20
pre_rope,k,1,1,2,0.9860265374183654,20
pre_rope,k,1,1,3,0.9656504273414612,20
pre_rope,k,1,2,-1,0.9013585597276688,80
pre_rope,k,1,2,0,0.7454466879367828,20
pre_rope,k,1,2,1,0.9758408546447754,20
pre_rope,k,1,2,2,0.949333542585373,20
pre_rope,k,1,2,3,0.9348131835460662,20
pre_rope,k,1,3,-1,0.9384138852357864,80
pre_rope,k,1,3,0,0.993955808877945,20
pre_rope,k,1,3,1,0.8431869924068451,20
pre_rope,k,1,3,2,0.937727028131485,20
pre_rope,k,1,3,3,0.9787857055664062,20
pre_rope,k,1,4,-1,0.8129437029361725,80
pre_rope,k,1,4,0,0.8745911031961441,20
pre_rope,k,1,4,1,0.5907101050019264,20
pre_rope,k,1,4,2,0.8950134664773941,20
pre_rope,k,1,4,3,0.8914601594209671,20
pre_rope,k,1,5,-1,0.8440983176231385,80
pre_rope,k,1,5,0,0.8964366167783737,20
pre_rope,k,1,5,1,0.8902501314878464,20
pre_rope,k,1,5,2,0.7962026685476303,20
pre_rope,k,1,5,3,0.7935038477182388,20
pre_rope,k,1,6,-1,0.9013870179653167,80
pre_rope,k,1,6,0,0.8540035575628281,20
pre_rope,k,1,6,1,0.9001009225845337,20
pre_rope,k,1,6,2,0.9655638188123703,20
pre_rope,k,1,6,3,0.8858798146247864,20
pre_rope,k,1,7,-1,0.9099634885787964,80
pre_rope,k,1,7,0,0.9039724886417388,20
pre_rope,k,1,7,1,0.8842573016881943,20
pre_rope,k,1,7,2,0.91578189432621,20
pre_rope,k,1,7,3,0.9358422458171844,20
pre_rope,k,1,8,-1,0.8236272484064102,80
pre_rope,k,1,8,0,0.8404524892568588,20
pre_rope,k,1,8,1,0.8852813839912415,20
pre_rope,k,1,8,2,0.8613451659679413,20
pre_rope,k,1,8,3,0.7074299395084381,20
pre_rope,k,1,9,-1,0.8697260946035386,80
pre_rope,k,1,9,0,0.8712120115756988,20
pre_rope,k,1,9,1,0.8581362754106522,20
pre_rope,k,1,9,2,0.885941356420517,20
pre_rope,k,1,9,3,0.8636147290468216,20
pre_rope,k,1,10,-1,0.8791284471750259,80
pre_rope,k,1,10,0,0.897629302740097,20
pre_rope,k,1,10,1,0.8725122004747391,20
pre_rope,k,1,10,2,0.8775774896144867,20
pre_rope,k,1,10,3,0.8687947690486908,20
pre_rope,k,1,11,-1,0.8239878326654434,80
pre_rope,k,1,11,0,0.8374459147453308,20
pre_rope,k,1,11,1,0.7910703241825103,20
pre_rope,k,1,11,2,0.8463019132614136,20
pre_rope,k,1,11,3,0.8211331784725189,20
pre_rope,k,1,12,-1,0.8033110082149506,80
pre_rope,k,1,12,0,0.9126849293708801,20
pre_rope,k,1,12,1,0.727761510014534,20
pre_rope,k,1,12,2,0.8015868216753006,20
pre_rope,k,1,12,3,0.7712107762694359,20
pre_rope,k,1,13,-1,0.9043329745531082,80
pre_rope,k,1,13,0,0.9723098784685135,20
pre_rope,k,1,13,1,0.8605459421873093,20
pre_rope,k,1,13,2,0.9025589734315872,20
pre_rope,k,1,13,3,0.8819170892238617,20
pre_rope,k,1,14,-1,0.7745399504899979,80
pre_rope,k,1,14,0,0.7381368070840836,20
pre_rope,k,1,14,1,0.7718796730041504,20
pre_rope,k,1,14,2,0.7992393225431442,20
pre_rope,k,1,14,3,0.788904020190239,20
pre_rope,k,1,15,-1,0.82567657828331,80
pre_rope,k,1,15,0,0.7765760540962219,20
pre_rope,k,1,15,1,0.8581196546554566,20
pre_rope,k,1,15,2,0.7371143519878387,20
pre_rope,k,1,15,3,0.9308962345123291,20
pre_rope,k,1,16,-1,0.8496870517730712,80
pre_rope,k,1,16,0,0.8480972349643707,20
pre_rope,k,1,16,1,0.841296237707138,20
pre_rope,k,1,16,2,0.804459398984909,20
pre_rope,k,1,16,3,0.9048953413963318,20
pre_rope,k,1,17,-1,0.8139974564313889,80
pre_rope,k,1,17,0,0.8192393571138382,20
pre_rope,k,1,17,1,0.8334407567977905,20
pre_rope,k,1,17,2,0.7882069513201714,20
pre_rope,k,1,17,3,0.8151027262210846,20
pre_rope,k,1,18,-1,0.8676491141319275,80
pre_rope,k,1,18,0,0.8583327084779739,20
pre_rope,k,1,18,1,0.8925271362066269,20
pre_rope,k,1,18,2,0.82271249294281,20
pre_rope,k,1,18,3,0.8970241367816925,20
pre_rope,k,1,19,-1,0.8760104447603225,80
pre_rope,k,1,19,0,0.976919537782669,20
pre_rope,k,1,19,1,0.8642115533351898,20
pre_rope,k,1,19,2,0.8034981191158295,20
pre_rope,k,1,19,3,0.8594125747680664,20
pre_rope,k,1,20,-1,0.8441592574119567,80
pre_rope,k,1,20,0,0.868402636051178,20
pre_rope,k,1,20,1,0.8456589967012406,20
pre_rope,k,1,20,2,0.8416073679924011,20
pre_rope,k,1,20,3,0.8209680557250977,20
pre_rope,k,1,21,-1,0.8801833242177963,80
pre_rope,k,1,21,0,0.8588843643665314,20
pre_rope,k,1,21,1,0.898210534453392,20
pre_rope,k,1,21,2,0.8985207408666611,20
pre_rope,k,1,21,3,0.8651176929473877,20
pre_rope,k,1,22,-1,0.8643885254859924,80
pre_rope,k,1,22,0,0.8097670346498489,20
pre_rope,k,1,22,1,0.877443790435791,20
pre_rope,k,1,22,2,0.8870755881071091,20
pre_rope,k,1,22,3,0.8832676917314529,20
pre_rope,k,1,23,-1,0.8705498307943345,80
pre_rope,k,1,23,0,0.888374388217926,20
pre_rope,k,1,23,1,0.8389263778924942,20
pre_rope,k,1,23,2,0.851579949259758,20
pre_rope,k,1,23,3,0.9033186107873916,20
pre_rope,k,1,24,-1,0.8800847858190537,80
pre_rope,k,1,24,0,0.8697025865316391,20
pre_rope,k,1,24,1,0.8792860567569732,20
pre_rope,k,1,24,2,0.9000429064035416,20
pre_rope,k,1,24,3,0.8713075667619705,20
pre_rope,k,1,25,-1,0.8651123136281967,80
pre_rope,k,1,25,0,0.9080026924610138,20
pre_rope,k,1,25,1,0.8435386151075364,20
pre_rope,k,1,25,2,0.8391624122858048,20
pre_rope,k,1,25,3,0.8697455257177353,20
pre_rope,k,1,26,-1,0.8420972734689712,80
pre_rope,k,1,26,0,0.8702423989772796,20
pre_rope,k,1,26,1,0.8403148025274276,20
pre_rope,k,1,26,2,0.8594133704900742,20
pre_rope,k,1,26,3,0.7984185189008712,20
pre_rope,k,1,27,-1,0.8853145092725754,80
pre_rope,k,1,27,0,0.856203430891037,20
pre_rope,k,1,27,1,0.9999086648225785,20
pre_rope,k,1,27,2,0.8434748440980911,20
pre_rope,k,1,27,3,0.8416711211204528,20
pre_rope,k,2,0,-1,0.9993076125780741,72
pre_rope,k,2,0,0,0.9998325043254428,18
pre_rope,k,2,0,1,0.9990182353390588,18
pre_rope,k,2,0,2,0.9992436634169685,18
pre_rope,k,2,0,3,0.9991360240512424,18
pre_rope,k,2,1,-1,0.9716007875071632,72
pre_rope,k,2,1,0,0.999573763873842,18
pre_rope,k,2,1,1,0.951068553659651,18
pre_rope,k,2,1,2,0.9799972010983361,18
pre_rope,k,2,1,3,0.9557636976242065,18
pre_rope,k,2,2,-1,0.8744123842981126,72
pre_rope,k,2,2,0,0.6872554024060568,18
pre_rope,k,2,2,1,0.9648790293269687,18
pre_rope,k,2,2,2,0.9330057402451833,18
pre_rope,k,2,2,3,0.9125093619028727,18
pre_rope,k,2,3,-1,0.9179004198975034,72
pre_rope,k,2,3,0,0.9914341800742679,18
pre_rope,k,2,3,1,0.7939254939556122,18
pre_rope,k,2,3,2,0.9162092838022444,18
pre_rope,k,2,3,3,0.9700326886441972,18
pre_rope,k,2,4,-1,0.7371755275461409,72
pre_rope,k,2,4,0,0.8111819823582967,18
pre_rope,k,2,4,1,0.4355061882072025,18
pre_rope,k,2,4,2,0.8587241272131602,18
pre_rope,k,2,4,3,0.843289852142334,18
pre_rope,k,2,5,-1,0.7741538650459714,72
pre_rope,k,2,5,0,0.865527931186888,18
pre_rope,k,2,5,1,0.8388951983716753,18
pre_rope,k,2,5,2,0.688132729795244,18
pre_rope,k,2,5,3,0.704059597518709,18
pre_rope,k,2,6,-1,0.8622280756632487,72
pre_rope,k,2,6,0,0.8092301289240519,18
pre_rope,k,2,6,1,0.8485500183370378,18
pre_rope,k,2,6,2,0.9472307331032224,18
pre_rope,k,2,6,3,0.8439014222886827,18
pre_rope,k,2,7,-1,0.8676696783966489,72
pre_rope,k,2,7,0,0.8620078795486026,18
pre_rope,k,2,7,1,0.8315309981505076,18
pre_rope,k,2,7,2,0.8798039986027612,18
pre_rope,k,2,7,3,0.8973357942369249,18
pre_rope,k,2,8,-1,0.7736831406752268,72
pre_rope,k,2,8,0,0.7975339392820994,18
pre_rope,k,2,8,1,0.854199230670929,18
pre_rope,k,2,8,2,0.8350565764639113,18
pre_rope,k,2,8,3,0.6079428493976593,18
pre_rope,k,2,9,-1,0.8338744276099734,72
pre_rope,k,2,9,0,0.8344389299551646,18
pre_rope,k,2,9,1,0.8318067789077759,18
pre_rope,k,2,9,2,0.8476205103927188,18
pre_rope,k,2,9,3,0.8216314514478048,18
pre_rope,k,2,10,-1,0.8545125590430366,72
pre_rope,k,2,10,0,0.8762962321440378,18
pre_rope,k,2,10,1,0.8472787141799927,18
pre_rope,k,2,10,2,0.8526678582032522,18
pre_rope,k,2,10,3,0.8418073919084337,18
pre_rope,k,2,11,-1,0.7864644957913293,72
pre_rope,k,2,11,0,0.8120682305759854,18
pre_rope,k,2,11,1,0.7430554462803735,18
pre_rope,k,2,11,2,0.8074008491304185,18
pre_rope,k,2,11,3,0.7833334141307406,18
pre_rope,k,2,12,-1,0.7722323338190714,72
pre_rope,k,2,12,0,0.9010263118478987,18
pre_rope,k,2,12,1,0.6955663727389442,18
pre_rope,k,2,12,2,0.7637450595696768,18
pre_rope,k,2,12,3,0.7285916341675652,18
pre_rope,k,2,13,-1,0.8856035338507758,72
pre_rope,k,2,13,0,0.9669547180334727,18
pre_rope,k,2,13,1,0.8323428167237176,18
pre_rope,k,2,13,2,0.8835623462994894,18
pre_rope,k,2,13,3,0.8595542940828536,18
pre_rope,k,2,14,-1,0.7180516454908583,72
pre_rope,k,2,14,0,0.6150247736109627,18
pre_rope,k,2,14,1,0.7428353428840637,18
pre_rope,k,2,14,2,0.7565426992045509,18
pre_rope,k,2,14,3,0.757803738117218,18
pre_rope,k,2,15,-1,0.7812885145346323,72
pre_rope,k,2,15,0,0.7340350813335843,18
pre_rope,k,2,15,1,0.827270613776313,18
pre_rope,k,2,15,2,0.6483854121632047,18
pre_rope,k,2,15,3,0.9154629740450118,18
pre_rope,k,2,16,-1,0.807946695221795,72
pre_rope,k,2,16,0,0.8145288593239255,18
pre_rope,k,2,16,1,0.7762034436066946,18
pre_rope,k,2,16,2,0.7647088534302182,18
pre_rope,k,2,16,3,0.8763456112808652,18
pre_rope,k,2,17,-1,0.7624011702007718,72
pre_rope,k,2,17,0,0.7849236693647172,18
pre_rope,k,2,17,1,0.7678571277194552,18
pre_rope,k,2,17,2,0.7379753738641739,18
pre_rope,k,2,17,3,0.7588485313786401,18
pre_rope,k,2,18,-1,0.8370258278316922,72
pre_rope,k,2,18,0,0.829042030705346,18
pre_rope,k,2,18,1,0.8668594492806329,18
pre_rope,k,2,18,2,0.7889336943626404,18
pre_rope,k,2,18,3,0.863268150223626,18
pre_rope,k,2,19,-1,0.8346097701125674,72
pre_rope,k,2,19,0,0.9687785042656792,18
pre_rope,k,2,19,1,0.8187097609043121,18
pre_rope,k,2,19,2,0.7284068796369765,18
pre_rope,k,2,19,3,0.8225439058409797,18
pre_rope,k,2,20,-1,0.7929556402895186,72
pre_rope,k,2,20,0,0.8332500722673204,18
pre_rope,k,2,20,1,0.7908359964688619,18
pre_rope,k,2,20,2,0.790821933084064,18
pre_rope,k,2,20,3,0.7569144997331831,18
pre_rope,k,2,21,-1,0.8343749311235216,72
pre_rope,k,2,21,0,0.8002015252908071,18
pre_rope,k,2,21,1,0.8643555574946933,18
pre_rope,k,2,21,2,0.8525934649838341,18
pre_rope,k,2,21,3,0.8203491999043359,18
pre_rope,k,2,22,-1,0.787096788485845,72
pre_rope,k,2,22,0,0.6954737934801314,18
pre_rope,k,2,22,1,0.8026380505826738,18
pre_rope,k,2,22,2,0.834904541571935,18
pre_rope,k,2,22,3,0.8153707749313779,18
pre_rope,k,2,23,-1,0.7996725075774722,72
pre_rope,k,2,23,0,0.8353675206502279,18
pre_rope,k,2,23,1,0.7361312442355685,18
pre_rope,k,2,23,2,0.7650471578041712,18
pre_rope,k,2,23,3,0.8621441324551901,18
pre_rope,k,2,24,-1,0.8219552636146545,72
pre_rope,k,2,24,0,0.8191114829646217,18
pre_rope,k,2,24,1,0.8231280346711477,18
pre_rope,k,2,24,2,0.8563643793265024,18
pre_rope,k,2,24,3,0.7892171773645613,18
pre_rope,k,2,25,-1,0.7987179458141327,72
pre_rope,k,2,25,0,0.8708726233906217,18
pre_rope,k,2,25,1,0.7609455055660672,18
pre_rope,k,2,25,2,0.7599683205286661,18
pre_rope,k,2,25,3,0.8030853172143301,18
pre_rope,k,2,26,-1,0.7657018701235453,72
pre_rope,k,2,26,0,0.8037850161393484,18
pre_rope,k,2,26,1,0.7763976520962186,18
pre_rope,k,2,26,2,0.7778053200907178,18
pre_rope,k,2,26,3,0.7048194938235812,18
pre_rope,k,2,27,-1,0.8262695802582635,72
pre_rope,k,2,27,0,0.7882178160879347,18
pre_rope,k,2,27,1,0.9998721877733866,18
pre_rope,k,2,27,2,0.7650529146194458,18
pre_rope,k,2,27,3,0.7519354091750251,18
pre_rope,k,4,0,-1,0.9991634062358311,56
pre_rope,k,4,0,0,0.9998267207826886,14
pre_rope,k,4,0,1,0.9989333280495235,14
pre_rope,k,4,0,2,0.9990103372505733,14
pre_rope,k,4,0,3,0.9988832218306405,14
pre_rope,k,4,1,-1,0.9723484430994306,56
pre_rope,k,4,1,0,0.9996047530855451,14
pre_rope,k,4,1,1,0.9537734857627324,14
pre_rope,k,4,1,2,0.9802500052111489,14
pre_rope,k,4,1,3,0.9557655368532453,14
pre_rope,k,4,2,-1,0.8700235102857862,56
pre_rope,k,4,2,0,0.6863028619970594,14
pre_rope,k,4,2,1,0.9648813818182264,14
pre_rope,k,4,2,2,0.9290396996906826,14
pre_rope,k,4,2,3,0.8998701231820243,14
pre_rope,k,4,3,-1,0.919399734054293,56
pre_rope,k,4,3,0,0.9914597528321403,14
pre_rope,k,4,3,1,0.8015610320227486,14
pre_rope,k,4,3,2,0.9183147123881749,14
pre_rope,k,4,3,3,0.9662634474890572,14
pre_rope,k,4,4,-1,0.7096699731690543,56
pre_rope,k,4,4,0,0.8061451997075763,14
pre_rope,k,4,4,1,0.38468651260648457,14
pre_rope,k,4,4,2,0.8426559397152492,14
pre_rope,k,4,4,3,0.805192198072161,14
pre_rope,k,4,5,-1,0.7499826465334211,56
pre_rope,k,4,5,0,0.8601054166044507,14
pre_rope,k,4,5,1,0.8337384292057582,14
pre_rope,k,4,5,2,0.6333947735173362,14
pre_rope,k,4,5,3,0.6726919668061393,14
pre_rope,k,4,6,-1,0.8562602571078709,56
pre_rope,k,4,6,0,0.8003797914300647,14
pre_rope,k,4,6,1,0.8532784283161163,14
pre_rope,k,4,6,2,0.9439126125403813,14
pre_rope,k,4,6,3,0.8274701876299722,14
pre_rope,k,4,7,-1,0.865819011415754,56
pre_rope,k,4,7,0,0.8498914880411965,14
pre_rope,k,4,7,1,0.8323839179107121,14
pre_rope,k,4,7,2,0.8720052455152784,14
pre_rope,k,4,7,3,0.9089954112257276,14
pre_rope,k,4,8,-1,0.7579244375228882,56
pre_rope,k,4,8,0,0.8002965833459582,14
pre_rope,k,4,8,1,0.8293102255889347,14
pre_rope,k,4,8,2,0.8099520376750401,14
pre_rope,k,4,8,3,0.5921389332839421,14
pre_rope,k,4,9,-1,0.8220719226769039,56
pre_rope,k,4,9,0,0.818253789629255,14
pre_rope,k,4,9,1,0.816447947706495,14
pre_rope,k,4,9,2,0.8402716134275708,14
pre_rope,k,4,9,3,0.8133143910339901,14
pre_rope,k,4,10,-1,0.8329646161624363,56
pre_rope,k,4,10,0,0.8659752692495074,14
pre_rope,k,4,10,1,0.8189199055944171,14
pre_rope,k,4,10,2,0.8260992126805442,14
pre_rope,k,4,10,3,0.820864064352853,14
pre_rope,k,4,11,-1,0.7350889146327972,56
pre_rope,k,4,11,0,0.7671374678611755,14
pre_rope,k,4,11,1,0.6767387347561973,14
pre_rope,k,4,11,2,0.762618614094598,14
pre_rope,k,4,11,3,0.7338608503341675,14
pre_rope,k,4,12,-1,0.7138694482190269,56
pre_rope,k,4,12,0,0.8748667751039777,14
pre_rope,k,4,12,1,0.6177335807255336,14
pre_rope,k,4,12,2,0.7076941643442426,14
pre_rope,k,4,12,3,0.6551832769598279,14
pre_rope,k,4,13,-1,0.8601772912911007,56
pre_rope,k,4,13,0,0.9584414490631649,14
pre_rope,k,4,13,1,0.7882927911622184,14
pre_rope,k,4,13,2,0.8629407201494489,14
pre_rope,k,4,13,3,0.8310341962746212,14
pre_rope,k,4,14,-1,0.6540084651538304,56
pre_rope,k,4,14,0,0.530968331864902,14
pre_rope,k,4,14,1,0.663689638887133,14
pre_rope,k,4,14,2,0.7011205341134753,14
pre_rope,k,4,14,3,0.7202553365911756,14
pre_rope,k,4,15,-1,0.7324083021708897,56
pre_rope,k,4,15,0,0.6678753580365863,14
pre_rope,k,4,15,1,0.7810796243803841,14
pre_rope,k,4,15,2,0.5864079892635345,14
pre_rope,k,4,15,3,0.8942702284881047,14
pre_rope,k,4,16,-1,0.7586608060768673,56
pre_rope,k,4,16,0,0.7621083813054221,14
pre_rope,k,4,16,1,0.7316378567899976,14
pre_rope,k,4,16,2,0.692525218640055,14
pre_rope,k,4,16,3,0.8483717654432569,14
pre_rope,k,4,17,-1,0.7048585372311729,56
pre_rope,k,4,17,0,0.7274329236575535,14
pre_rope,k,4,17,1,0.7074929603508541,14
pre_rope,k,4,17,2,0.677485487290791,14
pre_rope,k,4,17,3,0.7070227818829673,14
pre_rope,k,4,18,-1,0.7986537090369633,56
pre_rope,k,4,18,0,0.7818189178194318,14
pre_rope,k,4,18,1,0.8367631775992257,14
pre_rope,k,4,18,2,0.743813020842416,14
pre_rope,k,4,18,3,0.8322196815695081,14
pre_rope,k,4,19,-1,0.7880843792642865,56
pre_rope,k,4,19,0,0.9627698276724134,14
pre_rope,k,4,19,1,0.7768045663833618,14
pre_rope,k,4,19,2,0.6400470691067832,14
pre_rope,k,4,19,3,0.7727160496371133,14
pre_rope,k,4,20,-1,0.7489780059882573,56
pre_rope,k,4,20,0,0.7980532433305468,14
pre_rope,k,4,20,1,0.745233701808112,14
pre_rope,k,4,20,2,0.741284408739635,14
pre_rope,k,4,20,3,0.7113406828471592,14
pre_rope,k,4,21,-1,0.8058015065533775,56
pre_rope,k,4,21,0,0.7718618725027356,14
pre_rope,k,4,21,1,0.841277688741684,14
pre_rope,k,4,21,2,0.8194726194654193,14
pre_rope,k,4,21,3,0.7905939221382141,14
pre_rope,k,4,22,-1,0.7362826466560364,56
pre_rope,k,4,22,0,0.6129743478127888,14
pre_rope,k,4,22,1,0.7555430957249233,14
pre_rope,k,4,22,2,0.8248692112309592,14
pre_rope,k,4,22,3,0.7517439382416862,14
pre_rope,k,4,23,-1,0.7675341239997319,56
pre_rope,k,4,23,0,0.8281751871109009,14
pre_rope,k,4,23,1,0.6910039739949363,14
pre_rope,k,4,23,2,0.7194181765828814,14
pre_rope,k,4,23,3,0.8315391327653613,14
pre_rope,k,4,24,-1,0.7881635853222438,56
pre_rope,k,4,24,0,0.8005671671458653,14
pre_rope,k,4,24,1,0.7850340179034642,14
pre_rope,k,4,24,2,0.8207770245415824,14
pre_rope,k,4,24,3,0.7462761231831142,14
pre_rope,k,4,25,-1,0.759221613407135,56
pre_rope,k,4,25,0,0.8378849881035941,14
pre_rope,k,4,25,1,0.7142383754253387,14
pre_rope,k,4,25,2,0.7174397153513772,14
pre_rope,k,4,25,3,0.7673234343528748,14
pre_rope,k,4,26,-1,0.7141424289771489,56
pre_rope,k,4,26,0,0.7444266591753278,14
pre_rope,k,4,26,1,0.7396958044597081,14
pre_rope,k,4,26,2,0.7257874011993408,14
pre_rope,k,4,26,3,0.6466598106282098,14
pre_rope,k,4,27,-1,0.7913276169981275,56
pre_rope,k,4,27,0,0.7457111818449838,14
pre_rope,k,4,27,1,0.9998626921858106,14
pre_rope,k,4,27,2,0.7120563473020282,14
pre_rope,k,4,27,3,0.7076802445309502,14
pre_rope,k,8,0,-1,0.9988550245761871,24
pre_rope,k,8,0,0,0.999802827835083,6
pre_rope,k,8,0,1,0.9988459448019663,6
pre_rope,k,8,0,2,0.9989753365516663,6
pre_rope,k,8,0,3,0.997795989116033,6
pre_rope,k,8,1,-1,0.9658958514531454,24
pre_rope,k,8,1,0,0.9994425475597382,6
pre_rope,k,8,1,1,0.9456380208333334,6
pre_rope,k,8,1,2,0.9735007286071777,6
pre_rope,k,8,1,3,0.9450021187464396,6
pre_rope,k,8,2,-1,0.864301453034083,24
pre_rope,k,8,2,0,0.6730125745137533,6
pre_rope,k,8,2,1,0.9646234114964803,6
pre_rope,k,8,2,2,0.9204253852367401,6
pre_rope,k,8,2,3,0.8991444408893585,6
pre_rope,k,8,3,-1,0.9096513489882151,24
pre_rope,k,8,3,0,0.9903927942117056,6
pre_rope,k,8,3,1,0.7900893092155457,6
pre_rope,k,8,3,2,0.8986519475777944,6
pre_rope,k,8,3,3,0.9594712952772776,6
pre_rope,k,8,4,-1,0.6639348268508911,24
pre_rope,k,8,4,0,0.7537619173526764,6
pre_rope,k,8,4,1,0.3562585363785426,6
pre_rope,k,8,4,2,0.7952839732170105,6
pre_rope,k,8,4,3,0.7504348953564962,6
pre_rope,k,8,5,-1,0.7007092634836832,24
pre_rope,k,8,5,0,0.8458501398563385,6
pre_rope,k,8,5,1,0.7534896532694498,6
pre_rope,k,8,5,2,0.5956416378418604,6
pre_rope,k,8,5,3,0.6078556279341379,6
pre_rope,k,8,6,-1,0.8247663974761963,24
pre_rope,k,8,6,0,0.767830620209376,6
pre_rope,k,8,6,1,0.8115170896053314,6
pre_rope,k,8,6,2,0.9277989268302917,6
pre_rope,k,8,6,3,0.7919189631938934,6
pre_rope,k,8,7,-1,0.8228572010993958,24
pre_rope,k,8,7,0,0.7925144334634145,6
pre_rope,k,8,7,1,0.7949185272057852,6
pre_rope,k,8,7,2,0.8303404649098715,6
pre_rope,k,8,7,3,0.873655378818512,6
pre_rope,k,8,8,-1,0.7054143746693929,24
pre_rope,k,8,8,0,0.7512964606285095,6
pre_rope,k,8,8,1,0.8015292584896088,6
pre_rope,k,8,8,2,0.7619653642177582,6
pre_rope,k,8,8,3,0.5068664203087488,6
pre_rope,k,8,9,-1,0.7824269632498423,24
pre_rope,k,8,9,0,0.7915360430876414,6
pre_rope,k,8,9,1,0.7805907924969991,6
pre_rope,k,8,9,2,0.7838653127352396,6
pre_rope,k,8,9,3,0.7737156848112742,6
pre_rope,k,8,10,-1,0.8037837743759155,24
pre_rope,k,8,10,0,0.8343274593353271,6
pre_rope,k,8,10,1,0.7743421296278635,6
pre_rope,k,8,10,2,0.8150422076384226,6
pre_rope,k,8,10,3,0.7914233505725861,6
pre_rope,k,8,11,-1,0.7013164063294729,24
pre_rope,k,8,11,0,0.7658932606379191,6
pre_rope,k,8,11,1,0.6074870030085245,6
pre_rope,k,8,11,2,0.7510046561559042,6
pre_rope,k,8,11,3,0.6808806558450063,6
pre_rope,k,8,12,-1,0.7092658976713816,24
pre_rope,k,8,12,0,0.8687288264433543,6
pre_rope,k,8,12,1,0.6307695756355921,6
pre_rope,k,8,12,2,0.7089775303999583,6
pre_rope,k,8,12,3,0.6285875936349233,6
pre_rope,k,8,13,-1,0.8426399827003479,24
pre_rope,k,8,13,0,0.9517998397350311,6
pre_rope,k,8,13,1,0.7654940783977509,6
pre_rope,k,8,13,2,0.8443714181582133,6
pre_rope,k,8,13,3,0.808894673983256,6
pre_rope,k,8,14,-1,0.6076294829448065,24
pre_rope,k,8,14,0,0.4738526940345764,6
pre_rope,k,8,14,1,0.630352665980657,6
pre_rope,k,8,14,2,0.6776081820329031,6
pre_rope,k,8,14,3,0.6487043599287668,6
pre_rope,k,8,15,-1,0.6964808603127798,24
pre_rope,k,8,15,0,0.6033459504445394,6
pre_rope,k,8,15,1,0.7600831091403961,6
pre_rope,k,8,15,2,0.5359419882297516,6
pre_rope,k,8,15,3,0.8865523537000021,6
pre_rope,k,8,16,-1,0.7263715167840322,24
pre_rope,k,8,16,0,0.7416016360123953,6
pre_rope,k,8,16,1,0.6675776342550913,6
pre_rope,k,8,16,2,0.6777095993359884,6
pre_rope,k,8,16,3,0.8185972472031912,6
pre_rope,k,8,17,-1,0.6812848746776581,24
pre_rope,k,8,17,0,0.7222549617290497,6
pre_rope,k,8,17,1,0.6648660451173782,6
pre_rope,k,8,17,2,0.6394159297148386,6
pre_rope,k,8,17,3,0.6986025969187418,6
pre_rope,k,8,18,-1,0.7836098670959473,24
pre_rope,k,8,18,0,0.7627683579921722,6
pre_rope,k,8,18,1,0.829413652420044,6
pre_rope,k,8,18,2,0.7146981656551361,6
pre_rope,k,8,18,3,0.8275592923164368,6
pre_rope,k,8,19,-1,0.7768213848272959,24
pre_rope,k,8,19,0,0.9544468621412913,6
pre_rope,k,8,19,1,0.7611022094885508,6
pre_rope,k,8,19,2,0.6410976946353912,6
pre_rope,k,8,19,3,0.7506387631098429,6
pre_rope,k,8,20,-1,0.7211406131585439,24
pre_rope,k,8,20,0,0.7853044966856638,6
pre_rope,k,8,20,1,0.6933321356773376,6
pre_rope,k,8,20,2,0.7123699684937795,6
pre_rope,k,8,20,3,0.693555881579717,6
pre_rope,k,8,21,-1,0.7819118996461233,24
pre_rope,k,8,21,0,0.7206055819988251,6
pre_rope,k,8,21,1,0.8232161899407705,6
pre_rope,k,8,21,2,0.8174243668715159,6
pre_rope,k,8,21,3,0.7664014299710592,6
pre_rope,k,8,22,-1,0.67872753739357,24
pre_rope,k,8,22,0,0.563625638683637,6
pre_rope,k,8,22,1,0.6869539022445679,6
pre_rope,k,8,22,2,0.7646928230921427,6
pre_rope,k,8,22,3,0.6996378302574158,6
pre_rope,k,8,23,-1,0.7219101786613464,24
pre_rope,k,8,23,0,0.7635674178600311,6
pre_rope,k,8,23,1,0.6413847853740057,6
pre_rope,k,8,23,2,0.6519439816474915,6
pre_rope,k,8,23,3,0.8307445347309113,6
pre_rope,k,8,24,-1,0.768420398235321,24
pre_rope,k,8,24,0,0.8099063138167063,6
pre_rope,k,8,24,1,0.7685007353623708,6
pre_rope,k,8,24,2,0.8054401874542236,6
pre_rope,k,8,24,3,0.6898344109455744,6
pre_rope,k,8,25,-1,0.755628744761149,24
pre_rope,k,8,25,0,0.8421027362346649,6
pre_rope,k,8,25,1,0.6760404507319132,6
pre_rope,k,8,25,2,0.7388677895069122,6
pre_rope,k,8,25,3,0.765504002571106,6
pre_rope,k,8,26,-1,0.7113778392473856,24
pre_rope,k,8,26,0,0.7502124110857645,6
pre_rope,k,8,26,1,0.7377783457438151,6
pre_rope,k,8,26,2,0.7042127648989359,6
pre_rope,k,8,26,3,0.6533078948656718,6
pre_rope,k,8,27,-1,0.7815593977769216,24
pre_rope,k,8,27,0,0.7418486177921295,6
pre_rope,k,8,27,1,0.9998665253321329,6
pre_rope,k,8,27,2,0.6962458739678065,6
pre_rope,k,8,27,3,0.6882765740156174,6
pre_rope,q,1,0,-1,0.8860943973064422,560
pre_rope,q,1,0,0,0.7603856712579727,20
pre_rope,q,1,0,1,0.8835536956787109,20
pre_rope,q,1,0,2,0.7933066189289093,20
pre_rope,q,1,0,3,0.7148687452077865,20
pre_rope,q,1,0,4,0.8016029223799706,20
pre_rope,q,1,0,5,0.9062597811222076,20
pre_rope,q,1,0,6,0.948621878027916,20
pre_rope,q,1,0,7,0.8617954790592194,20
pre_rope,q,1,0,8,0.8700223207473755,20
pre_rope,q,1,0,9,0.8706738173961639,20
pre_rope,q,1,0,10,0.8810638837516308,20
pre_rope,q,1,0,11,0.8715592443943023,20
pre_rope,q,1,0,12,0.8649355858564377,20
pre_rope,q,1,0,13,0.8314459204673768,20
pre_rope,q,1,0,14,0.956205102801323,20
pre_rope,q,1,0,15,0.9957119315862656,20
pre_rope,q,1,0,16,0.9212029695510864,20
pre_rope,q,1,0,17,0.8618801593780517,20
pre_rope,q,1,0,18,0.9533347606658935,20
pre_rope,q,1,0,19,0.9308945447206497,20
pre_rope,q,1,0,20,0.8664782077074051,20
pre_rope,q,1,0,21,0.9342009544372558,20
pre_rope,q,1,0,22,0.7982621565461159,20
pre_rope,q,1,0,23,0.9530393034219742,20
pre_rope,q,1,0,24,0.9292373150587082,20
pre_rope,q,1,0,25,0.9597727447748184,20
pre_rope,q,1,0,26,0.9307773679494857,20
pre_rope,q,1,0,27,0.9595502287149429,20
pre_rope,q,1,1,-1,0.9191097736358642,560
pre_rope,q,1,1,0,0.968702906370163,20
pre_rope,q,1,1,1,0.9680567771196366,20
pre_rope,q,1,1,2,0.9425928086042404,20
pre_rope,q,1,1,3,0.9613554954528809,20
pre_rope,q,1,1,4,0.9528167426586152,20
pre_rope,q,1,1,5,0.9485259592533112,20
pre_rope,q,1,1,6,0.941061994433403,20
pre_rope,q,1,1,7,0.887255796790123,20
pre_rope,q,1,1,8,0.8565493196249008,20
pre_rope,q,1,1,9,0.9419768691062927,20
pre_rope,q,1,1,10,0.9286291867494583,20
pre_rope,q,1,1,11,0.9097831428050995,20
pre_rope,q,1,1,12,0.9310873359441757,20
pre_rope,q,1,1,13,0.8832897484302521,20
pre_rope,q,1,1,14,0.8606427907943726,20
pre_rope,q,1,1,15,0.9088373273611069,20
pre_rope,q,1,1,16,0.8709508061408997,20
pre_rope,q,1,1,17,0.9467769891023636,20
pre_rope,q,1,1,18,0.8230966851115227,20
pre_rope,q,1,1,19,0.8634282261133194,20
pre_rope,q,1,1,20,0.8887777417898178,20
pre_rope,q,1,1,21,0.9677429795265198,20
pre_rope,q,1,1,22,0.9495730578899384,20
pre_rope,q,1,1,23,0.9466166377067566,20
pre_rope,q,1,1,24,0.9140639364719391,20
pre_rope,q,1,1,25,0.919986167550087,20
pre_rope,q,1,1,26,0.9532852470874786,20
pre_rope,q,1,1,27,0.8996109992265702,20
pre_rope,q,1,2,-1,0.8738195568323135,560
pre_rope,q,1,2,0,0.9087177217006683,20
pre_rope,q,1,2,1,0.8833838641643524,20
pre_rope,q,1,2,2,0.9432540386915207,20
pre_rope,q,1,2,3,0.9326760172843933,20
pre_rope,q,1,2,4,0.7722304821014404,20
pre_rope,q,1,2,5,0.9327256888151169,20
pre_rope,q,1,2,6,0.9428947746753693,20
pre_rope,q,1,2,7,0.8636839061975479,20
pre_rope,q,1,2,8,0.8738440275192261,20
pre_rope,q,1,2,9,0.8393570393323898,20
pre_rope,q,1,2,10,0.8786937028169632,20
pre_rope,q,1,2,11,0.8863424450159073,20
pre_rope,q,1,2,12,0.8852459371089936,20
pre_rope,q,1,2,13,0.841542175412178,20
pre_rope,q,1,2,14,0.8660654842853546,20
pre_rope,q,1,2,15,0.8454123497009277,20
pre_rope,q,1,2,16,0.9134951740503311,20
pre_rope,q,1,2,17,0.8883392930030822,20
pre_rope,q,1,2,18,0.8569463282823563,20
pre_rope,q,1,2,19,0.8582143515348435,20
pre_rope,q,1,2,20,0.8747586280107498,20
pre_rope,q,1,2,21,0.9431031942367554,20
pre_rope,q,1,2,22,0.7704380929470063,20
pre_rope,q,1,2,23,0.9124978721141815,20
pre_rope,q,1,2,24,0.8706467539072037,20
pre_rope,q,1,2,25,0.844457384943962,20
pre_rope,q,1,2,26,0.7362650901079177,20
pre_rope,q,1,2,27,0.9017160624265671,20
pre_rope,q,1,3,-1,0.8798407852649689,560
pre_rope,q,1,3,0,0.8142257302999496,20
pre_rope,q,1,3,1,0.8929901272058487,20
pre_rope,q,1,3,2,0.8773789823055267,20
pre_rope,q,1,3,3,0.9072242617607117,20
pre_rope,q,1,3,4,0.8630941271781921,20
pre_rope,q,1,3,5,0.8728067189455032,20
pre_rope,q,1,3,6,0.8988625943660736,20
pre_rope,q,1,3,7,0.9649470061063766,20
pre_rope,q,1,3,8,0.6797231644392013,20
pre_rope,q,1,3,9,0.9178432077169418,20
pre_rope,q,1,3,10,0.9638561636209488,20
pre_rope,q,1,3,11,0.8541181951761245,20
pre_rope,q,1,3,12,0.8561868697404862,20
pre_rope,q,1,3,13,0.7805258005857467,20
pre_rope,q,1,3,14,0.9269376397132874,20
pre_rope,q,1,3,15,0.9116466671228409,20
pre_rope,q,1,3,16,0.882799506187439,20
pre_rope,q,1,3,17,0.8921717554330826,20
pre_rope,q,1,3,18,0.8893333166837692,20
pre_rope,q,1,3,19,0.9049551486968994,20
pre_rope,q,1,3,20,0.9266351401805878,20
pre_rope,q,1,3,21,0.8807858616113663,20
pre_rope,q,1,3,22,0.8538220971822739,20
pre_rope,q,1,3,23,0.8679914534091949,20
pre_rope,q,1,3,24,0.8813210874795914,20
pre_rope,q,1,3,25,0.8890807539224624,20
pre_rope,q,1,3,26,0.8885538548231124,20
pre_rope,q,1,3,27,0.8957243174314499,20
pre_rope,q,1,4,-1,0.9372434049844742,560
pre_rope,q,1,4,0,0.9571612924337387,20
pre_rope,q,1,4,1,0.9373716056346894,20
pre_rope,q,1,4,2,0.9567195385694504,20
pre_rope,q,1,4,3,0.9448780924081802,20
pre_rope,q,1,4,4,0.9553057223558425,20
pre_rope,q,1,4,5,0.9308375149965287,20
pre_rope,q,1,4,6,0.9439844876527786,20
pre_rope,q,1,4,7,0.8456656068563462,20
pre_rope,q,1,4,8,0.9088701605796814,20
pre_rope,q,1,4,9,0.9265404671430588,20
pre_rope,q,1,4,10,0.8975496888160706,20
pre_rope,q,1,4,11,0.9341332763433456,20
pre_rope,q,1,4,12,0.9358511328697204,20
pre_rope,q,1,4,13,0.8604739010334015,20
pre_rope,q,1,4,14,0.9724550068378448,20
pre_rope,q,1,4,15,0.9661267548799515,20
pre_rope,q,1,4,16,0.9587111920118332,20
pre_rope,q,1,4,17,0.8632242411375046,20
pre_rope,q,1,4,18,0.9416701763868331,20
pre_rope,q,1,4,19,0.9576909452676773,20
pre_rope,q,1,4,20,0.9472221314907074,20
pre_rope,q,1,4,21,0.9561648458242417,20
pre_rope,q,1,4,22,0.9711069703102112,20
pre_rope,q,1,4,23,0.9682330131530762,20
pre_rope,q,1,4,24,0.9441578358411788,20
pre_rope,q,1,4,25,0.9645477741956711,20
pre_rope,q,1,4,26,0.9360401898622512,20
pre_rope,q,1,4,27,0.9601221710443497,20
pre_rope,q,1,5,-1,0.9199382424354553,560
pre_rope,q,1,5,0,0.9283194869756699,20
pre_rope,q,1,5,1,0.9524098992347717,20
pre_rope,q,1,5,2,0.9464342176914216,20
pre_rope,q,1,5,3,0.9561938375234604,20
pre_rope,q,1,5,4,0.9643998444080353,20
pre_rope,q,1,5,5,0.8584063857793808,20
pre_rope,q,1,5,6,0.8973020493984223,20
pre_rope,q,1,5,7,0.9310382902622223,20
pre_rope,q,1,5,8,0.9028420984745026,20
pre_rope,q,1,5,9,0.9385582149028778,20
pre_rope,q,1,5,10,0.929550689458847,20
pre_rope,q,1,5,11,0.8553278595209122,20
pre_rope,q,1,5,12,0.9380628764629364,20
pre_rope,q,1,5,13,0.9086853116750717,20
pre_rope,q,1,5,14,0.912658229470253,20
pre_rope,q,1,5,15,0.8684520065784455,20
pre_rope,q,1,5,16,0.9285110801458358,20
pre_rope,q,1,5,17,0.883682107925415,20
pre_rope,q,1,5,18,0.8744377285242081,20
pre_rope,q,1,5,19,0.8395973652601242,20
pre_rope,q,1,5,20,0.8806409269571305,20
pre_rope,q,1,5,21,0.9002023607492446,20
pre_rope,q,1,5,22,0.971751195192337,20
pre_rope,q,1,5,23,0.9621736943721771,20
pre_rope,q,1,5,24,0.9621611833572388,20
pre_rope,q,1,5,25,0.9533348053693771,20
pre_rope,q,1,5,26,0.9486102193593979,20
pre_rope,q,1,5,27,0.9645270586013794,20
pre_rope,q,1,6,-1,0.9437409609556198,560
pre_rope,q,1,6,0,0.9512652426958084,20
pre_rope,q,1,6,1,0.9753682643175126,20
pre_rope,q,1,6,2,0.9700693309307098,20
pre_rope,q,1,6,3,0.9643022298812867,20
pre_rope,q,1,6,4,0.9667560279369354,20
pre_rope,q,1,6,5,0.9565267115831375,20
pre_rope,q,1,6,6,0.9849498450756073,20
pre_rope,q,1,6,7,0.9417558044195176,20
pre_rope,q,1,6,8,0.9501604676246643,20
pre_rope,q,1,6,9,0.9459099262952805,20
pre_rope,q,1,6,10,0.887290221452713,20
pre_rope,q,1,6,11,0.9317363858222961,20
pre_rope,q,1,6,12,0.9217777848243713,20
pre_rope,q,1,6,13,0.9305862367153168,20
pre_rope,q,1,6,14,0.9405308812856674,20
pre_rope,q,1,6,15,0.9635547906160354,20
pre_rope,q,1,6,16,0.9339910238981247,20
pre_rope,q,1,6,17,0.8556094229221344,20
pre_rope,q,1,6,18,0.9010490566492081,20
pre_rope,q,1,6,19,0.964912936091423,20
pre_rope,q,1,6,20,0.972425889968872,20
pre_rope,q,1,6,21,0.9582107931375503,20
pre_rope,q,1,6,22,0.9509471982717514,20
pre_rope,q,1,6,23,0.8911430954933166,20
pre_rope,q,1,6,24,0.9547541677951813,20
pre_rope,q,1,6,25,0.9436390995979309,20
pre_rope,q,1,6,26,0.9477026760578156,20
pre_rope,q,1,6,27,0.9678213953971863,20
pre_rope,q,1,7,-1,0.9036567896604538,560
pre_rope,q,1,7,0,0.9078304827213287,20
pre_rope,q,1,7,1,0.9173417419195176,20
pre_rope,q,1,7,2,0.8601229876279831,20
pre_rope,q,1,7,3,0.9343682885169983,20
pre_rope,q,1,7,4,0.9258959531784058,20
pre_rope,q,1,7,5,0.9144959479570389,20
pre_rope,q,1,7,6,0.8162928104400635,20
pre_rope,q,1,7,7,0.8921591848134994,20
pre_rope,q,1,7,8,0.9290270417928695,20
pre_rope,q,1,7,9,0.9384295374155045,20
pre_rope,q,1,7,10,0.8654820621013641,20
pre_rope,q,1,7,11,0.9428405225276947,20
pre_rope,q,1,7,12,0.9442179381847382,20
pre_rope,q,1,7,13,0.9372277021408081,20
pre_rope,q,1,7,14,0.9029570430517196,20
pre_rope,q,1,7,15,0.8348552346229553,20
pre_rope,q,1,7,16,0.9255789965391159,20
pre_rope,q,1,7,17,0.9298246711492538,20
pre_rope,q,1,7,18,0.9128371417522431,20
pre_rope,q,1,7,19,0.8728530049324036,20
pre_rope,q,1,7,20,0.9156756639480591,20
pre_rope,q,1,7,21,0.916500598192215,20
pre_rope,q,1,7,22,0.8619235396385193,20
pre_rope,q,1,7,23,0.8651038944721222,20
pre_rope,q,1,7,24,0.8878663569688797,20
pre_rope,q,1,7,25,0.9248843252658844,20
pre_rope,q,1,7,26,0.9081173181533814,20
pre_rope,q,1,7,27,0.9176798462867737,20
pre_rope,q,1,8,-1,0.9246754765510559,560
pre_rope,q,1,8,0,0.9486922293901443,20
pre_rope,q,1,8,1,0.9537644922733307,20
pre_rope,q,1,8,2,0.9321179896593094,20
pre_rope,q,1,8,3,0.9130719929933548,20
pre_rope,q,1,8,4,0.8794427573680877,20
pre_rope,q,1,8,5,0.9481906682252884,20
pre_rope,q,1,8,6,0.9255264490842819,20
pre_rope,q,1,8,7,0.943808314204216,20
pre_rope,q,1,8,8,0.9463685899972916,20
pre_rope,q,1,8,9,0.9550283491611481,20
pre_rope,q,1,8,10,0.959809410572052,20
pre_rope,q,1,8,11,0.930968064069748,20
pre_rope,q,1,8,12,0.9491530209779739,20
pre_rope,q,1,8,13,0.9272376388311386,20
pre_rope,q,1,8,14,0.9419043004512787,20
pre_rope,q,1,8,15,0.940222418308258,20
pre_rope,q,1,8,16,0.9484466224908829,20
pre_rope,q,1,8,17,0.9279489576816559,20
pre_rope,q,1,8,18,0.9419267982244491,20
pre_rope,q,1,8,19,0.9441183149814606,20
pre_rope,q,1,8,20,0.9317466199398041,20
pre_rope,q,1,8,21,0.9260335057973862,20
pre_rope,q,1,8,22,0.8462787657976151,20
pre_rope,q,1,8,23,0.8641907185316086,20
pre_rope,q,1,8,24,0.9095624566078186,20
pre_rope,q,1,8,25,0.8914387971162796,20
pre_rope,q,1,8,26,0.8885810136795044,20
pre_rope,q,1,8,27,0.8753333806991577,20
pre_rope,q,1,9,-1,0.8775716364383698,560
pre_rope,q,1,9,0,0.8896249026060105,20
pre_rope,q,1,9,1,0.9100276231765747,20
pre_rope,q,1,9,2,0.8405890613794327,20
pre_rope,q,1,9,3,0.8692457526922226,20
pre_rope,q,1,9,4,0.8882511973381042,20
pre_rope,q,1,9,5,0.9139137595891953,20
pre_rope,q,1,9,6,0.9334896266460418,20
pre_rope,q,1,9,7,0.9071164011955262,20
pre_rope,q,1,9,8,0.7745973557233811,20
pre_rope,q,1,9,9,0.889138326048851,20
pre_rope,q,1,9,10,0.8752193361520767,20
pre_rope,q,1,9,11,0.8734472155570984,20
pre_rope,q,1,9,12,0.9201263040304184,20
pre_rope,q,1,9,13,0.8880097001791001,20
pre_rope,q,1,9,14,0.9082844018936157,20
pre_rope,q,1,9,15,0.8759280472993851,20
pre_rope,q,1,9,16,0.9068285882472992,20
pre_rope,q,1,9,17,0.8597007811069488,20
pre_rope,q,1,9,18,0.8412382990121842,20
pre_rope,q,1,9,19,0.8042641699314117,20
pre_rope,q,1,9,20,0.89727204144001,20
pre_rope,q,1,9,21,0.8929517596960068,20
pre_rope,q,1,9,22,0.8409530192613601,20
pre_rope,q,1,9,23,0.8464926987886429,20
pre_rope,q,1,9,24,0.901814016699791,20
pre_rope,q,1,9,25,0.8476599544286728,20
pre_rope,q,1,9,26,0.8866314828395844,20
pre_rope,q,1,9,27,0.8891899943351745,20
pre_rope,q,1,10,-1,0.9369839906692505,560
pre_rope,q,1,10,0,0.9080191105604172,20
pre_rope,q,1,10,1,0.9647951781749725,20
pre_rope,q,1,10,2,0.8562818944454194,20
pre_rope,q,1,10,3,0.958573630452156,20
pre_rope,q,1,10,4,0.964936763048172,20
pre_rope,q,1,10,5,0.9694281816482544,20
pre_rope,q,1,10,6,0.8826845705509185,20
pre_rope,q,1,10,7,0.9366216510534286,20
pre_rope,q,1,10,8,0.9429941892623901,20
pre_rope,q,1,10,9,0.9462686479091644,20
pre_rope,q,1,10,10,0.9374065279960633,20
pre_rope,q,1,10,11,0.9104176700115204,20
pre_rope,q,1,10,12,0.9318554639816284,20
pre_rope,q,1,10,13,0.9366920828819275,20
pre_rope,q,1,10,14,0.965126034617424,20
pre_rope,q,1,10,15,0.957267752289772,20
pre_rope,q,1,10,16,0.9639722883701325,20
pre_rope,q,1,10,17,0.9629778653383255,20
pre_rope,q,1,10,18,0.9513631343841553,20
pre_rope,q,1,10,19,0.9489125728607177,20
pre_rope,q,1,10,20,0.9156753420829773,20
pre_rope,q,1,10,21,0.9446742445230484,20
pre_rope,q,1,10,22,0.944023048877716,20
pre_rope,q,1,10,23,0.933647620677948,20
pre_rope,q,1,10,24,0.8881435513496398,20
pre_rope,q,1,10,25,0.9272008925676346,20
pre_rope,q,1,10,26,0.9448358982801437,20
pre_rope,q,1,10,27,0.940755906701088,20
pre_rope,q,1,11,-1,0.9306998610496521,560
pre_rope,q,1,11,0,0.9217020839452743,20
pre_rope,q,1,11,1,0.9735748440027236,20
pre_rope,q,1,11,2,0.9559432595968247,20
pre_rope,q,1,11,3,0.9574013233184815,20
pre_rope,q,1,11,4,0.9674493581056595,20
pre_rope,q,1,11,5,0.9546596199274063,20
pre_rope,q,1,11,6,0.9527305990457535,20
pre_rope,q,1,11,7,0.9338236331939698,20
pre_rope,q,1,11,8,0.8761267006397248,20
pre_rope,q,1,11,9,0.9476582199335098,20
pre_rope,q,1,11,10,0.9472198963165284,20
pre_rope,q,1,11,11,0.9336318850517273,20
pre_rope,q,1,11,12,0.8967909455299378,20
pre_rope,q,1,11,13,0.9457977920770645,20
pre_rope,q,1,11,14,0.9321948468685151,20
pre_rope,q,1,11,15,0.9322570830583572,20
pre_rope,q,1,11,16,0.9161731868982315,20
pre_rope,q,1,11,17,0.9376115322113037,20
pre_rope,q,1,11,18,0.9327951818704605,20
pre_rope,q,1,11,19,0.9336568206548691,20
pre_rope,q,1,11,20,0.9368391156196594,20
pre_rope,q,1,11,21,0.9276759266853333,20
pre_rope,q,1,11,22,0.9236615061759949,20
pre_rope,q,1,11,23,0.9032205998897552,20
pre_rope,q,1,11,24,0.8752074629068375,20
pre_rope,q,1,11,25,0.9243626922369004,20
pre_rope,q,1,11,26,0.9069990694522858,20
pre_rope,q,1,11,27,0.9124312311410904,20
pre_rope,q,1,12,-1,0.9051746606826783,560
pre_rope,q,1,12,0,0.9118589490652085,20
pre_rope,q,1,12,1,0.9050723493099213,20
pre_rope,q,1,12,2,0.8734480619430542,20
pre_rope,q,1,12,3,0.9279360085725784,20
pre_rope,q,1,12,4,0.921898427605629,20
pre_rope,q,1,12,5,0.9005839794874191,20
pre_rope,q,1,12,6,0.8788457900285721,20
pre_rope,q,1,12,7,0.8437215149402618,20
pre_rope,q,1,12,8,0.9174185127019883,20
pre_rope,q,1,12,9,0.9015747547149658,20
pre_rope,q,1,12,10,0.9297510653734207,20
pre_rope,q,1,12,11,0.9444946080446244,20
pre_rope,q,1,12,12,0.9064981937408447,20
pre_rope,q,1,12,13,0.9229002743959427,20
pre_rope,q,1,12,14,0.8976175963878632,20
pre_rope,q,1,12,15,0.8709314465522766,20
pre_rope,q,1,12,16,0.8668484479188919,20
pre_rope,q,1,12,17,0.8875200420618057,20
pre_rope,q,1,12,18,0.909070360660553,20
pre_rope,q,1,12,19,0.8793479472398757,20
pre_rope,q,1,12,20,0.8444428682327271,20
pre_rope,q,1,12,21,0.9380686342716217,20
pre_rope,q,1,12,22,0.9503680735826492,20
pre_rope,q,1,12,23,0.9269369691610336,20
pre_rope,q,1,12,24,0.8798892766237258,20
pre_rope,q,1,12,25,0.9416671484708786,20
pre_rope,q,1,12,26,0.9308008998632431,20
pre_rope,q,1,12,27,0.9353780806064605,20
pre_rope,q,1,13,-1,0.9021918773651123,560
pre_rope,q,1,13,0,0.9072632282972336,20
pre_rope,q,1,13,1,0.9029787480831146,20
pre_rope,q,1,13,2,0.9148312985897065,20
pre_rope,q,1,13,3,0.8855762988328933,20
pre_rope,q,1,13,4,0.890527269244194,20
pre_rope,q,1,13,5,0.8972081899642944,20
pre_rope,q,1,13,6,0.8861147880554199,20
pre_rope,q,1,13,7,0.9581263393163681,20
pre_rope,q,1,13,8,0.9146416157484054,20
pre_rope,q,1,13,9,0.9338234305381775,20
pre_rope,q,1,13,10,0.9420844078063965,20
pre_rope,q,1,13,11,0.8293674260377883,20
pre_rope,q,1,13,12,0.9003369063138962,20
pre_rope,q,1,13,13,0.9572319716215134,20
pre_rope,q,1,13,14,0.9079257607460022,20
pre_rope,q,1,13,15,0.9171700567007065,20
pre_rope,q,1,13,16,0.8755747437477112,20
pre_rope,q,1,13,17,0.8868347406387329,20
pre_rope,q,1,13,18,0.8646357238292695,20
pre_rope,q,1,13,19,0.8811440348625184,20
pre_rope,q,1,13,20,0.8935567229986191,20
pre_rope,q,1,13,21,0.9121057361364364,20
pre_rope,q,1,13,22,0.906543743610382,20
pre_rope,q,1,13,23,0.9061754494905472,20
pre_rope,q,1,13,24,0.8914667755365372,20
pre_rope,q,1,13,25,0.885834413766861,20
pre_rope,q,1,13,26,0.9027774482965469,20
pre_rope,q,1,13,27,0.9095159709453583,20
pre_rope,q,1,14,-1,0.8906797736883163,560
pre_rope,q,1,14,0,0.8584740102291107,20
pre_rope,q,1,14,1,0.8617813497781753,20
pre_rope,q,1,14,2,0.867052161693573,20
pre_rope,q,1,14,3,0.9163241177797318,20
pre_rope,q,1,14,4,0.8610596299171448,20
pre_rope,q,1,14,5,0.8926823318004609,20
pre_rope,q,1,14,6,0.8618384212255478,20
pre_rope,q,1,14,7,0.8940780937671662,20
pre_rope,q,1,14,8,0.8921375572681427,20
pre_rope,q,1,14,9,0.9042486637830734,20
pre_rope,q,1,14,10,0.9178016066551209,20
pre_rope,q,1,14,11,0.8954427748918533,20
pre_rope,q,1,14,12,0.9069068163633347,20
pre_rope,q,1,14,13,0.9142185509204864,20
pre_rope,q,1,14,14,0.8880224138498306,20
pre_rope,q,1,14,15,0.8718853980302811,20
pre_rope,q,1,14,16,0.8941267758607865,20
pre_rope,q,1,14,17,0.8843111604452133,20
pre_rope,q,1,14,18,0.880316686630249,20
pre_rope,q,1,14,19,0.8841203182935715,20
pre_rope,q,1,14,20,0.8916979193687439,20
pre_rope,q,1,14,21,0.9207903504371643,20
pre_rope,q,1,14,22,0.8748126655817032,20
pre_rope,q,1,14,23,0.8681945115327835,20
pre_rope,q,1,14,24,0.9113048285245895,20
pre_rope,q,1,14,25,0.9334688484668732,20
pre_rope,q,1,14,26,0.9241498738527298,20
pre_rope,q,1,14,27,0.8677860647439957,20
pre_rope,q,1,15,-1,0.9083093702793121,560
pre_rope,q,1,15,0,0.9293918758630753,20
pre_rope,q,1,15,1,0.8911784380674362,20
pre_rope,q,1,15,2,0.9266817569732666,20
pre_rope,q,1,15,3,0.9367338836193084,20
pre_rope,q,1,15,4,0.9071943104267121,20
pre_rope,q,1,15,5,0.9213824957609177,20
pre_rope,q,1,15,6,0.9148847550153733,20
pre_rope,q,1,15,7,0.926806029677391,20
pre_rope,q,1,15,8,0.9497240513563157,20
pre_rope,q,1,15,9,0.9442732453346252,20
pre_rope,q,1,15,10,0.9701204746961594,20
pre_rope,q,1,15,11,0.9574545741081237,20
pre_rope,q,1,15,12,0.9499069929122925,20
pre_rope,q,1,15,13,0.9485092133283615,20
pre_rope,q,1,15,14,0.8808737128973008,20
pre_rope,q,1,15,15,0.8705338150262832,20
pre_rope,q,1,15,16,0.890132486820221,20
pre_rope,q,1,15,17,0.9220415562391281,20
pre_rope,q,1,15,18,0.7998506367206574,20
pre_rope,q,1,15,19,0.8998716205358506,20
pre_rope,q,1,15,20,0.8347381919622421,20
pre_rope,q,1,15,21,0.9156930327415467,20
pre_rope,q,1,15,22,0.9115604996681214,20
pre_rope,q,1,15,23,0.8942658513784408,20
pre_rope,q,1,15,24,0.8422700345516205,20
pre_rope,q,1,15,25,0.8725703924894332,20
pre_rope,q,1,15,26,0.9410784512758255,20
pre_rope,q,1,15,27,0.882939463853836,20
pre_rope,q,1,16,-1,0.8744143664836883,560
pre_rope,q,1,16,0,0.8704904407262802,20
pre_rope,q,1,16,1,0.8624693393707276,20
pre_rope,q,1,16,2,0.8861826628446579,20
pre_rope,q,1,16,3,0.8647605866193772,20
pre_rope,q,1,16,4,0.8843224465847015,20
pre_rope,q,1,16,5,0.8793838828802109,20
pre_rope,q,1,16,6,0.8699039995670319,20
pre_rope,q,1,16,7,0.8720482349395752,20
pre_rope,q,1,16,8,0.8461452931165695,20
pre_rope,q,1,16,9,0.8822396785020828,20
pre_rope,q,1,16,10,0.9145464628934861,20
pre_rope,q,1,16,11,0.8890499532222748,20
pre_rope,q,1,16,12,0.8867120623588562,20
pre_rope,q,1,16,13,0.8780233025550842,20
pre_rope,q,1,16,14,0.8454467982053757,20
pre_rope,q,1,16,15,0.8590950667858124,20
pre_rope,q,1,16,16,0.8822202116250992,20
pre_rope,q,1,16,17,0.8704048216342926,20
pre_rope,q,1,16,18,0.8779345750808716,20
pre_rope,q,1,16,19,0.8753308147192002,20
pre_rope,q,1,16,20,0.859199446439743,20
pre_rope,q,1,16,21,0.8900803476572037,20
pre_rope,q,1,16,22,0.8611899018287659,20
pre_rope,q,1,16,23,0.8857177048921585,20
pre_rope,q,1,16,24,0.8928369879722595,20
pre_rope,q,1,16,25,0.9023742765188217,20
pre_rope,q,1,16,26,0.8476683050394058,20
pre_rope,q,1,16,27,0.8478246182203293,20
pre_rope,q,1,17,-1,0.8786212414503097,560
pre_rope,q,1,17,0,0.8696275919675827,20
pre_rope,q,1,17,1,0.9331994831562043,20
pre_rope,q,1,17,2,0.9170005023479462,20
pre_rope,q,1,17,3,0.9076443284749984,20
pre_rope,q,1,17,4,0.9033201217651368,20
pre_rope,q,1,17,5,0.9212294727563858,20
pre_rope,q,1,17,6,0.9313388913869858,20
pre_rope,q,1,17,7,0.8359899491071701,20
pre_rope,q,1,17,8,0.7864855170249939,20
pre_rope,q,1,17,9,0.8457339704036713,20
pre_rope,q,1,17,10,0.8199125349521637,20
pre_rope,q,1,17,11,0.8852017939090728,20
pre_rope,q,1,17,12,0.8960341811180115,20
pre_rope,q,1,17,13,0.8505611717700958,20
pre_rope,q,1,17,14,0.8660244941711426,20
pre_rope,q,1,17,15,0.8449308276176453,20
pre_rope,q,1,17,16,0.8639613330364228,20
pre_rope,q,1,17,17,0.8751673340797425,20
pre_rope,q,1,17,18,0.8826923191547393,20
pre_rope,q,1,17,19,0.8703823685646057,20
pre_rope,q,1,17,20,0.8626508921384811,20
pre_rope,q,1,17,21,0.8952034920454025,20
pre_rope,q,1,17,22,0.9002023875713349,20
pre_rope,q,1,17,23,0.908647945523262,20
pre_rope,q,1,17,24,0.8337926626205444,20
pre_rope,q,1,17,25,0.9111159473657608,20
pre_rope,q,1,17,26,0.8583509385585785,20
pre_rope,q,1,17,27,0.9249924659729004,20
pre_rope,q,1,18,-1,0.9123075723648071,560
pre_rope,q,1,18,0,0.9304630041122437,20
pre_rope,q,1,18,1,0.9373725533485413,20
pre_rope,q,1,18,2,0.9319248378276825,20
pre_rope,q,1,18,3,0.9289782404899597,20
pre_rope,q,1,18,4,0.9419932663440704,20
pre_rope,q,1,18,5,0.9379460960626602,20
pre_rope,q,1,18,6,0.9278667777776718,20
pre_rope,q,1,18,7,0.9918408632278443,20
pre_rope,q,1,18,8,0.9445921421051026,20
pre_rope,q,1,18,9,0.9274082660675049,20
pre_rope,q,1,18,10,0.8192436516284942,20
pre_rope,q,1,18,11,0.9059425830841065,20
pre_rope,q,1,18,12,0.9140886574983597,20
pre_rope,q,1,18,13,0.8972016930580139,20
pre_rope,q,1,18,14,0.8913445472717285,20
pre_rope,q,1,18,15,0.9031263560056686,20
pre_rope,q,1,18,16,0.8696085393428803,20
pre_rope,q,1,18,17,0.9268051505088806,20
pre_rope,q,1,18,18,0.8842467695474625,20
pre_rope,q,1,18,19,0.9071800500154495,20
pre_rope,q,1,18,20,0.9194752156734467,20
pre_rope,q,1,18,21,0.9250886648893356,20
pre_rope,q,1,18,22,0.9348106980323792,20
pre_rope,q,1,18,23,0.8419812321662903,20
pre_rope,q,1,18,24,0.9147208034992218,20
pre_rope,q,1,18,25,0.9019352078437806,20
pre_rope,q,1,18,26,0.8824438631534577,20
pre_rope,q,1,18,27,0.9049825102090836,20
pre_rope,q,1,19,-1,0.8964768767356872,560
pre_rope,q,1,19,0,0.9907372534275055,20
pre_rope,q,1,19,1,0.89354809820652,20
pre_rope,q,1,19,2,0.8972951143980026,20
pre_rope,q,1,19,3,0.9229049891233444,20
pre_rope,q,1,19,4,0.8746359586715698,20
pre_rope,q,1,19,5,0.891887691617012,20
pre_rope,q,1,19,6,0.8487471610307693,20
pre_rope,q,1,19,7,0.9458337306976319,20
pre_rope,q,1,19,8,0.9294421583414078,20
pre_rope,q,1,19,9,0.9367876559495926,20
pre_rope,q,1,19,10,0.9357871174812317,20
pre_rope,q,1,19,11,0.8800979256629944,20
pre_rope,q,1,19,12,0.9252030372619628,20
pre_rope,q,1,19,13,0.9400808900594712,20
pre_rope,q,1,19,14,0.8709288984537125,20
pre_rope,q,1,19,15,0.8890239208936691,20
pre_rope,q,1,19,16,0.9076221942901611,20
pre_rope,q,1,19,17,0.8812794029712677,20
pre_rope,q,1,19,18,0.8782791823148728,20
pre_rope,q,1,19,19,0.8845850437879562,20
pre_rope,q,1,19,20,0.8737761825323105,20
pre_rope,q,1,19,21,0.8860818147659302,20
pre_rope,q,1,19,22,0.8724314600229264,20
pre_rope,q,1,19,23,0.8531479477882385,20
pre_rope,q,1,19,24,0.8900485843420028,20
pre_rope,q,1,19,25,0.872793436050415,20
pre_rope,q,1,19,26,0.8608859986066818,20
pre_rope,q,1,19,27,0.8674798130989074,20
pre_rope,q,1,20,-1,0.9026413112878799,560
pre_rope,q,1,20,0,0.9499793708324432,20
pre_rope,q,1,20,1,0.9364794313907623,20
pre_rope,q,1,20,2,0.9034199386835098,20
pre_rope,q,1,20,3,0.929615443944931,20
pre_rope,q,1,20,4,0.9364570379257202,20
pre_rope,q,1,20,5,0.8980745077133179,20
pre_rope,q,1,20,6,0.9364655196666718,20
pre_rope,q,1,20,7,0.9187114894390106,20
pre_rope,q,1,20,8,0.8571343809366226,20
pre_rope,q,1,20,9,0.8393028825521469,20
pre_rope,q,1,20,10,0.9042779564857483,20
pre_rope,q,1,20,11,0.8730756253004074,20
pre_rope,q,1,20,12,0.895585909485817,20
pre_rope,q,1,20,13,0.9153770476579666,20
pre_rope,q,1,20,14,0.9042453795671463,20
pre_rope,q,1,20,15,0.9211077451705932,20
pre_rope,q,1,20,16,0.9131232857704162,20
pre_rope,q,1,20,17,0.8651728212833405,20
pre_rope,q,1,20,18,0.9056395262479782,20
pre_rope,q,1,20,19,0.8906401872634888,20
pre_rope,q,1,20,20,0.9158790320158005,20
pre_rope,q,1,20,21,0.9060366034507752,20
pre_rope,q,1,20,22,0.8914527028799057,20
pre_rope,q,1,20,23,0.8998975902795792,20
pre_rope,q,1,20,24,0.9146902799606323,20
pre_rope,q,1,20,25,0.9080594480037689,20
pre_rope,q,1,20,26,0.847211879491806,20
pre_rope,q,1,20,27,0.8968435972929001,20
pre_rope,q,1,21,-1,0.9123313367366791,560
pre_rope,q,1,21,0,0.8935195118188858,20
pre_rope,q,1,21,1,0.9204257369041443,20
pre_rope,q,1,21,2,0.9146616250276566,20
pre_rope,q,1,21,3,0.89791921377182,20
pre_rope,q,1,21,4,0.922904509305954,20
pre_rope,q,1,21,5,0.8785764157772065,20
pre_rope,q,1,21,6,0.8905829280614853,20
pre_rope,q,1,21,7,0.8863526016473771,20
pre_rope,q,1,21,8,0.943929985165596,20
pre_rope,q,1,21,9,0.9346106827259064,20
pre_rope,q,1,21,10,0.9420460194349289,20
pre_rope,q,1,21,11,0.930168554186821,20
pre_rope,q,1,21,12,0.9418549716472626,20
pre_rope,q,1,21,13,0.8811013132333756,20
pre_rope,q,1,21,14,0.8901094913482666,20
pre_rope,q,1,21,15,0.9784368366003037,20
pre_rope,q,1,21,16,0.9370985209941864,20
pre_rope,q,1,21,17,0.8486664593219757,20
pre_rope,q,1,21,18,0.9257492005825043,20
pre_rope,q,1,21,19,0.8838570177555084,20
pre_rope,q,1,21,20,0.9360516488552093,20
pre_rope,q,1,21,21,0.9243637025356293,20
pre_rope,q,1,21,22,0.9104330122470856,20
pre_rope,q,1,21,23,0.9011430591344833,20
pre_rope,q,1,21,24,0.9247470676898957,20
pre_rope,q,1,21,25,0.8817145198583602,20
pre_rope,q,1,21,26,0.9228028953075409,20
pre_rope,q,1,21,27,0.9014494776725769,20
pre_rope,q,1,22,-1,0.8926759213209152,560
pre_rope,q,1,22,0,0.8942062079906463,20
pre_rope,q,1,22,1,0.8820923835039138,20
pre_rope,q,1,22,2,0.8586636453866958,20
pre_rope,q,1,22,3,0.8423445910215378,20
pre_rope,q,1,22,4,0.8567613929510116,20
pre_rope,q,1,22,5,0.8540326744318009,20
pre_rope,q,1,22,6,0.8653939366340637,20
pre_rope,q,1,22,7,0.8826143205165863,20
pre_rope,q,1,22,8,0.8996262788772583,20
pre_rope,q,1,22,9,0.9128065317869186,20
pre_rope,q,1,22,10,0.8831145197153092,20
pre_rope,q,1,22,11,0.8909586757421494,20
pre_rope,q,1,22,12,0.8891149908304214,20
pre_rope,q,1,22,13,0.8945385187864303,20
pre_rope,q,1,22,14,0.9247981488704682,20
pre_rope,q,1,22,15,0.9271294862031937,20
pre_rope,q,1,22,16,0.8735365867614746,20
pre_rope,q,1,22,17,0.9139743566513061,20
pre_rope,q,1,22,18,0.927519291639328,20
pre_rope,q,1,22,19,0.9127399057149888,20
pre_rope,q,1,22,20,0.9075693845748901,20
pre_rope,q,1,22,21,0.8791974753141403,20
pre_rope,q,1,22,22,0.8987885177135467,20
pre_rope,q,1,22,23,0.9202357172966004,20
pre_rope,q,1,22,24,0.8861053317785264,20
pre_rope,q,1,22,25,0.9179548561573029,20
pre_rope,q,1,22,26,0.9027536243200303,20
pre_rope,q,1,22,27,0.8963545531034469,20
pre_rope,q,1,23,-1,0.8980654448270797,560
pre_rope,q,1,23,0,0.9349755138158798,20
pre_rope,q,1,23,1,0.9277470231056213,20
pre_rope,q,1,23,2,0.9259267896413803,20
pre_rope,q,1,23,3,0.9275777995586395,20
pre_rope,q,1,23,4,0.9332450330257416,20
pre_rope,q,1,23,5,0.92211754322052,20
pre_rope,q,1,23,6,0.9090929299592971,20
pre_rope,q,1,23,7,0.896701654791832,20
pre_rope,q,1,23,8,0.8610046446323395,20
pre_rope,q,1,23,9,0.8719898730516433,20
pre_rope,q,1,23,10,0.875978872179985,20
pre_rope,q,1,23,11,0.8490127623081207,20
pre_rope,q,1,23,12,0.854605421423912,20
pre_rope,q,1,23,13,0.832232004404068,20
pre_rope,q,1,23,14,0.8630125343799591,20
pre_rope,q,1,23,15,0.8784675121307373,20
pre_rope,q,1,23,16,0.8828149557113647,20
pre_rope,q,1,23,17,0.8873265862464905,20
pre_rope,q,1,23,18,0.9018889635801315,20
pre_rope,q,1,23,19,0.8838746279478074,20
pre_rope,q,1,23,20,0.8877396941184997,20
pre_rope,q,1,23,21,0.9212008059024811,20
pre_rope,q,1,23,22,0.934328556060791,20
pre_rope,q,1,23,23,0.9081875056028366,20
pre_rope,q,1,23,24,0.9212398588657379,20
pre_rope,q,1,23,25,0.895924374461174,20
pre_rope,q,1,23,26,0.9309156954288482,20
pre_rope,q,1,23,27,0.9267026841640472,20
pre_rope,q,1,24,-1,0.8998040348291397,560
pre_rope,q,1,24,0,0.9156360745429992,20
pre_rope,q,1,24,1,0.9399533987045288,20
pre_rope,q,1,24,2,0.9391615629196167,20
pre_rope,q,1,24,3,0.8646093398332596,20
pre_rope,q,1,24,4,0.940248715877533,20
pre_rope,q,1,24,5,0.9447435826063156,20
pre_rope,q,1,24,6,0.9452961713075638,20
pre_rope,q,1,24,7,0.854080793261528,20
pre_rope,q,1,24,8,0.8667211055755615,20
pre_rope,q,1,24,9,0.9167614936828613,20
pre_rope,q,1,24,10,0.8857441037893296,20
pre_rope,q,1,24,11,0.8806855797767639,20
pre_rope,q,1,24,12,0.8796511471271515,20
pre_rope,q,1,24,13,0.8463721156120301,20
pre_rope,q,1,24,14,0.937338986992836,20
pre_rope,q,1,24,15,0.9186351507902145,20
pre_rope,q,1,24,16,0.9319690793752671,20
pre_rope,q,1,24,17,0.9183878690004349,20
pre_rope,q,1,24,18,0.9159820973873138,20
pre_rope,q,1,24,19,0.9109230279922486,20
pre_rope,q,1,24,20,0.9337763220071793,20
pre_rope,q,1,24,21,0.8448119938373566,20
pre_rope,q,1,24,22,0.8850039005279541,20
pre_rope,q,1,24,23,0.851113012433052,20
pre_rope,q,1,24,24,0.8758754163980484,20
pre_rope,q,1,24,25,0.8897403031587601,20
pre_rope,q,1,24,26,0.8904405117034913,20
pre_rope,q,1,24,27,0.8708495646715164,20
pre_rope,q,1,25,-1,0.8968367397785186,560
pre_rope,q,1,25,0,0.902283462882042,20
pre_rope,q,1,25,1,0.8907181590795517,20
pre_rope,q,1,25,2,0.9144555658102036,20
pre_rope,q,1,25,3,0.9136203020811081,20
pre_rope,q,1,25,4,0.8908130884170532,20
pre_rope,q,1,25,5,0.9042381882667542,20
pre_rope,q,1,25,6,0.8920052796602249,20
pre_rope,q,1,25,7,0.8938297241926193,20
pre_rope,q,1,25,8,0.888239961862564,20
pre_rope,q,1,25,9,0.8884045094251632,20
pre_rope,q,1,25,10,0.8891144245862961,20
pre_rope,q,1,25,11,0.9030459076166153,20
pre_rope,q,1,25,12,0.8262434393167496,20
pre_rope,q,1,25,13,0.8891840577125549,20
pre_rope,q,1,25,14,0.898057708144188,20
pre_rope,q,1,25,15,0.8327712118625641,20
pre_rope,q,1,25,16,0.9478920549154282,20
pre_rope,q,1,25,17,0.9076054900884628,20
pre_rope,q,1,25,18,0.9225101977586746,20
pre_rope,q,1,25,19,0.9086513817310333,20
pre_rope,q,1,25,20,0.868338868021965,20
pre_rope,q,1,25,21,0.933608540892601,20
pre_rope,q,1,25,22,0.9236246258020401,20
pre_rope,q,1,25,23,0.8960645407438278,20
pre_rope,q,1,25,24,0.8905792504549026,20
pre_rope,q,1,25,25,0.8542729496955872,20
pre_rope,q,1,25,26,0.9198250591754913,20
pre_rope,q,1,25,27,0.9214305102825164,20
pre_rope,q,1,26,-1,0.8668757140636444,560
pre_rope,q,1,26,0,0.8496229827404023,20
pre_rope,q,1,26,1,0.8895432472229003,20
pre_rope,q,1,26,2,0.8813928991556168,20
pre_rope,q,1,26,3,0.8904556065797806,20
pre_rope,q,1,26,4,0.8627564668655395,20
pre_rope,q,1,26,5,0.8655532836914063,20
pre_rope,q,1,26,6,0.8802626639604568,20
pre_rope,q,1,26,7,0.847184693813324,20
pre_rope,q,1,26,8,0.8975301206111908,20
pre_rope,q,1,26,9,0.8484184592962265,20
pre_rope,q,1,26,10,0.8604550242424012,20
pre_rope,q,1,26,11,0.8093610107898712,20
pre_rope,q,1,26,12,0.9086265057325363,20
pre_rope,q,1,26,13,0.7906290143728256,20
pre_rope,q,1,26,14,0.8574947893619538,20
pre_rope,q,1,26,15,0.8553656280040741,20
pre_rope,q,1,26,16,0.8645187109708786,20
pre_rope,q,1,26,17,0.907352551817894,20
pre_rope,q,1,26,18,0.8976117312908173,20
pre_rope,q,1,26,19,0.8938981533050537,20
pre_rope,q,1,26,20,0.9122490078210831,20
pre_rope,q,1,26,21,0.8719361513853073,20
pre_rope,q,1,26,22,0.834619528055191,20
pre_rope,q,1,26,23,0.8657351225614548,20
pre_rope,q,1,26,24,0.861699303984642,20
pre_rope,q,1,26,25,0.8182925969362259,20
pre_rope,q,1,26,26,0.9099360287189484,20
pre_rope,q,1,26,27,0.840018579363823,20
pre_rope,q,1,27,-1,0.8593625396490097,560
pre_rope,q,1,27,0,0.8868222028017044,20
pre_rope,q,1,27,1,0.8887617498636246,20
pre_rope,q,1,27,2,0.8661444097757339,20
pre_rope,q,1,27,3,0.8912548452615738,20
pre_rope,q,1,27,4,0.8904286801815033,20
pre_rope,q,1,27,5,0.8900962620973587,20
pre_rope,q,1,27,6,0.8411264330148697,20
pre_rope,q,1,27,7,0.7704923689365387,20
pre_rope,q,1,27,8,0.8263225257396698,20
pre_rope,q,1,27,9,0.8252257585525513,20
pre_rope,q,1,27,10,0.9513054549694061,20
pre_rope,q,1,27,11,0.7748491942882538,20
pre_rope,q,1,27,12,0.9577821522951127,20
pre_rope,q,1,27,13,0.9306829065084458,20
pre_rope,q,1,27,14,0.8083446443080902,20
pre_rope,q,1,27,15,0.797674497961998,20
pre_rope,q,1,27,16,0.8252332955598831,20
pre_rope,q,1,27,17,0.8469826936721802,20
pre_rope,q,1,27,18,0.8238990515470505,20
pre_rope,q,1,27,19,0.8582627147436142,20
pre_rope,q,1,27,20,0.7995794385671615,20
pre_rope,q,1,27,21,0.870302164554596,20
pre_rope,q,1,27,22,0.8724693417549133,20
pre_rope,q,1,27,23,0.8671143114566803,20
pre_rope,q,1,27,24,0.8552761167287827,20
pre_rope,q,1,27,25,0.9046173870563508,20
pre_rope,q,1,27,26,0.866274607181549,20
pre_rope,q,1,27,27,0.8748258471488952,20
pre_rope,q,2,0,-1,0.8861826989385817,504
pre_rope,q,2,0,0,0.757131978455517,18
pre_rope,q,2,0,1,0.8803029821978675,18
pre_rope,q,2,0,2,0.7785372899638282,18
pre_rope,q,2,0,3,0.7792753581371572,18
pre_rope,q,2,0,4,0.8067828913529714,18
pre_rope,q,2,0,5,0.9077940616342757,18
pre_rope,q,2,0,6,0.9426486558384366,18
pre_rope,q,2,0,7,0.8520480857955085,18
pre_rope,q,2,0,8,0.872650318675571,18
pre_rope,q,2,0,9,0.8762415813075172,18
pre_rope,q,2,0,10,0.8752078298065398,18
pre_rope,q,2,0,11,0.8794300225045946,18
pre_rope,q,2,0,12,0.863122797674603,18
pre_rope,q,2,0,13,0.8244578109847175,18
pre_rope,q,2,0,14,0.9553747342692481,18
pre_rope,q,2,0,15,0.9939600825309753,18
pre_rope,q,2,0,16,0.911312633090549,18
pre_rope,q,2,0,17,0.8641151785850525,18
pre_rope,q,2,0,18,0.9477119743824005,18
pre_rope,q,2,0,19,0.9265549216005537,18
pre_rope,q,2,0,20,0.8469084699948629,18
pre_rope,q,2,0,21,0.9358853995800018,18
pre_rope,q,2,0,22,0.8076891071266599,18
pre_rope,q,2,0,23,0.9522742860847049,18
pre_rope,q,2,0,24,0.9256162643432617,18
pre_rope,q,2,0,25,0.9595517483022478,18
pre_rope,q,2,0,26,0.9305528369214799,18
pre_rope,q,2,0,27,0.9599761101934645,18
pre_rope,q,2,1,-1,0.8855817019939423,504
pre_rope,q,2,1,0,0.9546454648176829,18
pre_rope,q,2,1,1,0.960738867521286,18
pre_rope,q,2,1,2,0.9273789756827884,18
pre_rope,q,2,1,3,0.9442329439851973,18
pre_rope,q,2,1,4,0.937563525305854,18
pre_rope,q,2,1,5,0.9241720802254147,18
pre_rope,q,2,1,6,0.9233485096030765,18
pre_rope,q,2,1,7,0.8222114940484365,18
pre_rope,q,2,1,8,0.8149004413021935,18
pre_rope,q,2,1,9,0.920106460650762,18
pre_rope,q,2,1,10,0.9058719012472365,18
pre_rope,q,2,1,11,0.8731006582578024,18
pre_rope,q,2,1,12,0.9020758668581644,18
pre_rope,q,2,1,13,0.8811375598112742,18
pre_rope,q,2,1,14,0.8063008255428739,18
pre_rope,q,2,1,15,0.8583094974358877,18
pre_rope,q,2,1,16,0.8226723803414239,18
pre_rope,q,2,1,17,0.9248021046320597,18
pre_rope,q,2,1,18,0.7176870372560289,18
pre_rope,q,2,1,19,0.7812641561031342,18
pre_rope,q,2,1,20,0.8250935243235694,18
pre_rope,q,2,1,21,0.954422758685218,18
pre_rope,q,2,1,22,0.9221201307243772,18
pre_rope,q,2,1,23,0.9264902207586501,18
pre_rope,q,2,1,24,0.882190250688129,18
pre_rope,q,2,1,25,0.889616522524092,18
pre_rope,q,2,1,26,0.9417323668797811,18
pre_rope,q,2,1,27,0.852101657125685,18
pre_rope,q,2,2,-1,0.8340843154324425,504
pre_rope,q,2,2,0,0.8833456271224551,18
pre_rope,q,2,2,1,0.8432672553592258,18
pre_rope,q,2,2,2,0.9200876355171204,18
pre_rope,q,2,2,3,0.9118269715044234,18
pre_rope,q,2,2,4,0.7211017244391971,18
pre_rope,q,2,2,5,0.9076809253957536,18
pre_rope,q,2,2,6,0.9308102064662509,18
pre_rope,q,2,2,7,0.8172171380784776,18
pre_rope,q,2,2,8,0.8329638904995389,18
pre_rope,q,2,2,9,0.7915094958411323,18
pre_rope,q,2,2,10,0.8429156773620181,18
pre_rope,q,2,2,11,0.8450058268176185,18
pre_rope,q,2,2,12,0.8544564909405179,18
pre_rope,q,2,2,13,0.7938278483019935,18
pre_rope,q,2,2,14,0.8265657987859514,18
pre_rope,q,2,2,15,0.7922168076038361,18
pre_rope,q,2,2,16,0.8965656095080905,18
pre_rope,q,2,2,17,0.8591088884406619,18
pre_rope,q,2,2,18,0.805450333489312,18
pre_rope,q,2,2,19,0.8026516106393602,18
pre_rope,q,2,2,20,0.849641740322113,18
pre_rope,q,2,2,21,0.9238276812765334,18
pre_rope,q,2,2,22,0.6813478867212931,18
pre_rope,q,2,2,23,0.8809757497575548,18
pre_rope,q,2,2,24,0.8313184148735471,18
pre_rope,q,2,2,25,0.7899063924948374,18
pre_rope,q,2,2,26,0.655173197388649,18
pre_rope,q,2,2,27,0.8635943465762668,18
pre_rope,q,2,3,-1,0.8292853699790107,504
pre_rope,q,2,3,0,0.7227848420540491,18
pre_rope,q,2,3,1,0.8335870206356049,18
pre_rope,q,2,3,2,0.8014806343449487,18
pre_rope,q,2,3,3,0.8807084659735361,18
pre_rope,q,2,3,4,0.7984429233604007,18
pre_rope,q,2,3,5,0.8153596421082815,18
pre_rope,q,2,3,6,0.8508221175935533,18
pre_rope,q,2,3,7,0.9503961702187856,18
pre_rope,q,2,3,8,0.6070099290874269,18
pre_rope,q,2,3,9,0.8740814725557963,18
pre_rope,q,2,3,10,0.9428051047854953,18
pre_rope,q,2,3,11,0.801226923863093,18
pre_rope,q,2,3,12,0.7819645802179972,18
pre_rope,q,2,3,13,0.7050987879435221,18
pre_rope,q,2,3,14,0.8981300857332017,18
pre_rope,q,2,3,15,0.8697771430015564,18
pre_rope,q,2,3,16,0.8304773767789205,18
pre_rope,q,2,3,17,0.8397061361206902,18
pre_rope,q,2,3,18,0.8645589318540361,18
pre_rope,q,2,3,19,0.880652947558297,18
pre_rope,q,2,3,20,0.8952021665043302,18
pre_rope,q,2,3,21,0.8372023502985636,18
pre_rope,q,2,3,22,0.7835322088665433,18
pre_rope,q,2,3,23,0.8180163535806868,18
pre_rope,q,2,3,24,0.8145749469598135,18
pre_rope,q,2,3,25,0.8354445993900299,18
pre_rope,q,2,3,26,0.836583697133594,18
pre_rope,q,2,3,27,0.8503628770510355,18
pre_rope,q,2,4,-1,0.9130487375789218,504
pre_rope,q,2,4,0,0.9393310215738084,18
pre_rope,q,2,4,1,0.9146530098385282,18
pre_rope,q,2,4,2,0.9456252422597673,18
pre_rope,q,2,4,3,0.9224351147810618,18
pre_rope,q,2,4,4,0.9426692326863607,18
pre_rope,q,2,4,5,0.900285949309667,18
pre_rope,q,2,4,6,0.9211928811338213,18
pre_rope,q,2,4,7,0.7884952260388268,18
pre_rope,q,2,4,8,0.8729704552226596,18
pre_rope,q,2,4,9,0.897487097316318,18
pre_rope,q,2,4,10,0.8601981600125631,18
pre_rope,q,2,4,11,0.9041595492098067,18
pre_rope,q,2,4,12,0.9122841192616357,18
pre_rope,q,2,4,13,0.8093440499570634,18
pre_rope,q,2,4,14,0.9628084964222379,18
pre_rope,q,2,4,15,0.9506279395686256,18
pre_rope,q,2,4,16,0.9415645566251543,18
pre_rope,q,2,4,17,0.8098676602045695,18
pre_rope,q,2,4,18,0.9168340398205651,18
pre_rope,q,2,4,19,0.9400632911258273,18
pre_rope,q,2,4,20,0.9243135021792518,18
pre_rope,q,2,4,21,0.9432663983768887,18
pre_rope,q,2,4,22,0.9611627956231436,18
pre_rope,q,2,4,23,0.9496758745776283,18
pre_rope,q,2,4,24,0.9207447667916616,18
pre_rope,q,2,4,25,0.9487451215585073,18
pre_rope,q,2,4,26,0.9130442705419328,18
pre_rope,q,2,4,27,0.9515149792035421,18
pre_rope,q,2,5,-1,0.8899081879191928,504
pre_rope,q,2,5,0,0.907700690958235,18
pre_rope,q,2,5,1,0.9326622353659736,18
pre_rope,q,2,5,2,0.9302062160438962,18
pre_rope,q,2,5,3,0.935945858558019,18
pre_rope,q,2,5,4,0.9488088852829404,18
pre_rope,q,2,5,5,0.8253640135129293,18
pre_rope,q,2,5,6,0.860098358657625,18
pre_rope,q,2,5,7,0.9046987692515055,18
pre_rope,q,2,5,8,0.8605482280254364,18
pre_rope,q,2,5,9,0.918357296122445,18
pre_rope,q,2,5,10,0.9015581376022763,18
pre_rope,q,2,5,11,0.7911409768793318,18
pre_rope,q,2,5,12,0.9136226011647118,18
pre_rope,q,2,5,13,0.8759260906113518,18
pre_rope,q,2,5,14,0.8902349008454217,18
pre_rope,q,2,5,15,0.8388451735178629,18
pre_rope,q,2,5,16,0.9032662345303429,18
pre_rope,q,2,5,17,0.8296600149737464,18
pre_rope,q,2,5,18,0.8118537366390228,18
pre_rope,q,2,5,19,0.772778547472424,18
pre_rope,q,2,5,20,0.8212517301241556,18
pre_rope,q,2,5,21,0.8641496433152093,18
pre_rope,q,2,5,22,0.9615822268856896,18
pre_rope,q,2,5,23,0.9524716933568319,18
pre_rope,q,2,5,24,0.949673699008094,18
pre_rope,q,2,5,25,0.9338693155182732,18
pre_rope,q,2,5,26,0.9296221302615272,18
pre_rope,q,2,5,27,0.9515316453244951,18
pre_rope,q,2,6,-1,0.9196423755751716,504
pre_rope,q,2,6,0,0.9385459125041962,18
pre_rope,q,2,6,1,0.9600831303331587,18
pre_rope,q,2,6,2,0.9533699320422279,18
pre_rope,q,2,6,3,0.948667585849762,18
pre_rope,q,2,6,4,0.9526477456092834,18
pre_rope,q,2,6,5,0.9372128016418881,18
pre_rope,q,2,6,6,0.9806572629345788,18
pre_rope,q,2,6,7,0.9144036670525869,18
pre_rope,q,2,6,8,0.9287555946244134,18
pre_rope,q,2,6,9,0.9287924038039314,18
pre_rope,q,2,6,10,0.8440808984968398,18
pre_rope,q,2,6,11,0.9045531617270576,18
pre_rope,q,2,6,12,0.8911164303620657,18
pre_rope,q,2,6,13,0.9073324898878733,18
pre_rope,q,2,6,14,0.9081685211923387,18
pre_rope,q,2,6,15,0.9449466798040602,18
pre_rope,q,2,6,16,0.8978327578968472,18
pre_rope,q,2,6,17,0.7844006750318739,18
pre_rope,q,2,6,18,0.8513286444875929,18
pre_rope,q,2,6,19,0.9502805338965522,18
pre_rope,q,2,6,20,0.9586363236109415,18
pre_rope,q,2,6,21,0.9381884667608473,18
pre_rope,q,2,6,22,0.930835485458374,18
pre_rope,q,2,6,23,0.8573056095176272,18
pre_rope,q,2,6,24,0.9398243857754601,18
pre_rope,q,2,6,25,0.9157352513737149,18
pre_rope,q,2,6,26,0.9252635306782193,18
pre_rope,q,2,6,27,0.9570198688242171,18
pre_rope,q,2,7,-1,0.8691370785236359,504
pre_rope,q,2,7,0,0.8899042308330536,18
pre_rope,q,2,7,1,0.8866421249177721,18
pre_rope,q,2,7,2,0.8182898213466009,18
pre_rope,q,2,7,3,0.9192415475845337,18
pre_rope,q,2,7,4,0.9047426349586911,18
pre_rope,q,2,7,5,0.8799663186073303,18
pre_rope,q,2,7,6,0.7394190662437015,18
pre_rope,q,2,7,7,0.8497011661529541,18
pre_rope,q,2,7,8,0.9023829135629866,18
pre_rope,q,2,7,9,0.9187870588567522,18
pre_rope,q,2,7,10,0.8073183529906802,18
pre_rope,q,2,7,11,0.9240238070487976,18
pre_rope,q,2,7,12,0.9293073879347907,18
pre_rope,q,2,7,13,0.9164562126000723,18
pre_rope,q,2,7,14,0.8776316973898146,18
pre_rope,q,2,7,15,0.7787871360778809,18
pre_rope,q,2,7,16,0.9017421272065904,18
pre_rope,q,2,7,17,0.9028836852974362,18
pre_rope,q,2,7,18,0.8830317788653903,18
pre_rope,q,2,7,19,0.8242238693767123,18
pre_rope,q,2,7,20,0.8933438857396444,18
pre_rope,q,2,7,21,0.8815285232332017,18
pre_rope,q,2,7,22,0.8034033245510526,18
pre_rope,q,2,7,23,0.8020535177654691,18
pre_rope,q,2,7,24,0.8399249547057681,18
pre_rope,q,2,7,25,0.8955889509783851,18
pre_rope,q,2,7,26,0.8800624575879838,18
pre_rope,q,2,7,27,0.8854500518904792,18
pre_rope,q,2,8,-1,0.9055443008740743,504
pre_rope,q,2,8,0,0.9346565107504526,18
pre_rope,q,2,8,1,0.9444888366593255,18
pre_rope,q,2,8,2,0.9071593979994456,18
pre_rope,q,2,8,3,0.8849453959200118,18
pre_rope,q,2,8,4,0.8533576329549154,18
pre_rope,q,2,8,5,0.9337267610761855,18
pre_rope,q,2,8,6,0.9109829001956515,18
pre_rope,q,2,8,7,0.9314203394783868,18
pre_rope,q,2,8,8,0.938212600019243,18
pre_rope,q,2,8,9,0.9493997825516595,18
pre_rope,q,2,8,10,0.9519690208964877,18
pre_rope,q,2,8,11,0.9205703106191423,18
pre_rope,q,2,8,12,0.941913902759552,18
pre_rope,q,2,8,13,0.9195712837908003,18
pre_rope,q,2,8,14,0.9314194487200843,18
pre_rope,q,2,8,15,0.9278161823749542,18
pre_rope,q,2,8,16,0.9402949545118544,18
pre_rope,q,2,8,17,0.9192037449942695,18
pre_rope,q,2,8,18,0.9348014228873782,18
pre_rope,q,2,8,19,0.9334454768233829,18
pre_rope,q,2,8,20,0.9182475209236145,18
pre_rope,q,2,8,21,0.9016152123610178,18
pre_rope,q,2,8,22,0.7871030436621772,18
pre_rope,q,2,8,23,0.8138156135876974,18
pre_rope,q,2,8,24,0.8817255099614462,18
pre_rope,q,2,8,25,0.8586280312803056,18
pre_rope,q,2,8,26,0.8536510500642989,18
pre_rope,q,2,8,27,0.8310982452498542,18
pre_rope,q,2,9,-1,0.8512843946615855,504
pre_rope,q,2,9,0,0.8641351593865289,18
pre_rope,q,2,9,1,0.8960176938109927,18
pre_rope,q,2,9,2,0.8090783291392856,18
pre_rope,q,2,9,3,0.853012912803226,18
pre_rope,q,2,9,4,0.8674298657311333,18
pre_rope,q,2,9,5,0.8972229493988885,18
pre_rope,q,2,9,6,0.9268430636988746,18
pre_rope,q,2,9,7,0.8915184835592905,18
pre_rope,q,2,9,8,0.726111438539293,18
pre_rope,q,2,9,9,0.8620269497235616,18
pre_rope,q,2,9,10,0.839106818040212,18
pre_rope,q,2,9,11,0.8438285456763374,18
pre_rope,q,2,9,12,0.9061260157161288,18
pre_rope,q,2,9,13,0.8631460633542802,18
pre_rope,q,2,9,14,0.8894825412167443,18
pre_rope,q,2,9,15,0.8471852342287699,18
pre_rope,q,2,9,16,0.8878071241908603,18
pre_rope,q,2,9,17,0.8285279207759433,18
pre_rope,q,2,9,18,0.7995609839757284,18
pre_rope,q,2,9,19,0.7522370881504483,18
pre_rope,q,2,9,20,0.8615785770946078,18
pre_rope,q,2,9,21,0.8723997308148278,18
pre_rope,q,2,9,22,0.8125914136568705,18
pre_rope,q,2,9,23,0.8154548969533708,18
pre_rope,q,2,9,24,0.8807485732767317,18
pre_rope,q,2,9,25,0.8183983067671458,18
pre_rope,q,2,9,26,0.8619516591231028,18
pre_rope,q,2,9,27,0.8624342613750033,18
pre_rope,q,2,10,-1,0.9272154271602631,504
pre_rope,q,2,10,0,0.8874231610033247,18
pre_rope,q,2,10,1,0.9561377465724945,18
pre_rope,q,2,10,2,0.8266390760739645,18
pre_rope,q,2,10,3,0.9554402596420712,18
pre_rope,q,2,10,4,0.9578546815448337,18
pre_rope,q,2,10,5,0.9665956795215607,18
pre_rope,q,2,10,6,0.8638753692309061,18
pre_rope,q,2,10,7,0.930949846903483,18
pre_rope,q,2,10,8,0.9330539306004842,18
pre_rope,q,2,10,9,0.9419349730014801,18
pre_rope,q,2,10,10,0.9281392825974358,18
pre_rope,q,2,10,11,0.8946314851442972,18
pre_rope,q,2,10,12,0.9168815182314979,18
pre_rope,q,2,10,13,0.9306352337201437,18
pre_rope,q,2,10,14,0.9589247537983788,18
pre_rope,q,2,10,15,0.9524692893028259,18
pre_rope,q,2,10,16,0.958715816338857,18
pre_rope,q,2,10,17,0.957505401637819,18
pre_rope,q,2,10,18,0.9431691997581058,18
pre_rope,q,2,10,19,0.9426782064967685,18
pre_rope,q,2,10,20,0.9040227234363556,18
pre_rope,q,2,10,21,0.9395618438720703,18
pre_rope,q,2,10,22,0.9357532461484274,18
pre_rope,q,2,10,23,0.9244875113169352,18
pre_rope,q,2,10,24,0.8698208928108215,18
pre_rope,q,2,10,25,0.9159304598967234,18
pre_rope,q,2,10,26,0.9373326665825314,18
pre_rope,q,2,10,27,0.9314682980378469,18
pre_rope,q,2,11,-1,0.9210272894965278,504
pre_rope,q,2,11,0,0.9122269087367587,18
pre_rope,q,2,11,1,0.9698900812202029,18
pre_rope,q,2,11,2,0.950839896996816,18
pre_rope,q,2,11,3,0.9520758357312944,18
pre_rope,q,2,11,4,0.9663280579778883,18
pre_rope,q,2,11,5,0.9537315666675568,18
pre_rope,q,2,11,6,0.9465133216645982,18
pre_rope,q,2,11,7,0.9244759612613254,18
pre_rope,q,2,11,8,0.8478816582096947,18
pre_rope,q,2,11,9,0.9410308433903588,18
pre_rope,q,2,11,10,0.9408668047851987,18
pre_rope,q,2,11,11,0.9278541074858772,18
pre_rope,q,2,11,12,0.8847571843200259,18
pre_rope,q,2,11,13,0.9431543813811408,18
pre_rope,q,2,11,14,0.921409977806939,18
pre_rope,q,2,11,15,0.9186935987737443,18
pre_rope,q,2,11,16,0.9019307858414121,18
pre_rope,q,2,11,17,0.9248874187469482,18
pre_rope,q,2,11,18,0.9206007189220853,18
pre_rope,q,2,11,19,0.9280809594525231,18
pre_rope,q,2,11,20,0.9287438458866544,18
pre_rope,q,2,11,21,0.9145767655637529,18
pre_rope,q,2,11,22,0.9072269135051303,18
pre_rope,q,2,11,23,0.884388632244534,18
pre_rope,q,2,11,24,0.8558292720052931,18
pre_rope,q,2,11,25,0.9145394927925534,18
pre_rope,q,2,11,26,0.8989248673121134,18
pre_rope,q,2,11,27,0.9073044161001841,18
pre_rope,q,2,12,-1,0.8908948567178514,504
pre_rope,q,2,12,0,0.9041016234291924,18
pre_rope,q,2,12,1,0.8940552572409312,18
pre_rope,q,2,12,2,0.8566538393497467,18
pre_rope,q,2,12,3,0.920049399137497,18
pre_rope,q,2,12,4,0.9163078433937497,18
pre_rope,q,2,12,5,0.8892064525021447,18
pre_rope,q,2,12,6,0.8638070656193627,18
pre_rope,q,2,12,7,0.8194898201359643,18
pre_rope,q,2,12,8,0.9112035036087036,18
pre_rope,q,2,12,9,0.888142509592904,18
pre_rope,q,2,12,10,0.9215460055404239,18
pre_rope,q,2,12,11,0.937005384100808,18
pre_rope,q,2,12,12,0.9006443851523929,18
pre_rope,q,2,12,13,0.9129264619615343,18
pre_rope,q,2,12,14,0.8811685310469733,18
pre_rope,q,2,12,15,0.8582982917626699,18
pre_rope,q,2,12,16,0.8379010789924197,18
pre_rope,q,2,12,17,0.8550358679559495,18
pre_rope,q,2,12,18,0.8914638658364614,18
pre_rope,q,2,12,19,0.8510835534996457,18
pre_rope,q,2,12,20,0.8085735125674142,18
pre_rope,q,2,12,21,0.924747152460946,18
pre_rope,q,2,12,22,0.9436139696174197,18
pre_rope,q,2,12,23,0.9192779229746925,18
pre_rope,q,2,12,24,0.8607060511906942,18
pre_rope,q,2,12,25,0.9388845993412865,18
pre_rope,q,2,12,26,0.9175119565592872,18
pre_rope,q,2,12,27,0.9216503202915192,18
pre_rope,q,2,13,-1,0.8860565953784518,504
pre_rope,q,2,13,0,0.8933518495824602,18
pre_rope,q,2,13,1,0.8806680142879486,18
pre_rope,q,2,13,2,0.9022987319363488,18
pre_rope,q,2,13,3,0.8732762866550021,18
pre_rope,q,2,13,4,0.8698554436365763,18
pre_rope,q,2,13,5,0.8856533500883315,18
pre_rope,q,2,13,6,0.8491131563981374,18
pre_rope,q,2,13,7,0.9525110688474443,18
pre_rope,q,2,13,8,0.8873159752951728,18
pre_rope,q,2,13,9,0.9262768659326766,18
pre_rope,q,2,13,10,0.9322980476750268,18
pre_rope,q,2,13,11,0.79667795697848,18
pre_rope,q,2,13,12,0.8820606966813406,18
pre_rope,q,2,13,13,0.9497954282495711,18
pre_rope,q,2,13,14,0.8993822799788581,18
pre_rope,q,2,13,15,0.900196737713284,18
pre_rope,q,2,13,16,0.8604817754692502,18
pre_rope,q,2,13,17,0.8687540226512485,18
pre_rope,q,2,13,18,0.8459784222973717,18
pre_rope,q,2,13,19,0.8581237296263377,18
pre_rope,q,2,13,20,0.8746467000908322,18
pre_rope,q,2,13,21,0.8998614152272543,18
pre_rope,q,2,13,22,0.8932398988140954,18
pre_rope,q,2,13,23,0.8897922270827823,18
pre_rope,q,2,13,24,0.8805778622627258,18
pre_rope,q,2,13,25,0.8729420701662699,18
pre_rope,q,2,13,26,0.8864075111018287,18
pre_rope,q,2,13,27,0.8980473048157163,18
pre_rope,q,2,14,-1,0.8691692385408614,504
pre_rope,q,2,14,0,0.8122118777698941,18
pre_rope,q,2,14,1,0.8195304936832852,18
pre_rope,q,2,14,2,0.8299829463164011,18
pre_rope,q,2,14,3,0.8926644424597422,18
pre_rope,q,2,14,4,0.8148638208707174,18
pre_rope,q,2,14,5,0.8605488936106364,18
pre_rope,q,2,14,6,0.8246643675698174,18
pre_rope,q,2,14,7,0.8812680840492249,18
pre_rope,q,2,14,8,0.8779423203733232,18
pre_rope,q,2,14,9,0.8897008299827576,18
pre_rope,q,2,14,10,0.9076947139369117,18
pre_rope,q,2,14,11,0.8820163640711043,18
pre_rope,q,2,14,12,0.8877517018053267,18
pre_rope,q,2,14,13,0.9067973262733884,18
pre_rope,q,2,14,14,0.8761816223462423,18
pre_rope,q,2,14,15,0.8474282291200426,18
pre_rope,q,2,14,16,0.8863045208983951,18
pre_rope,q,2,14,17,0.8693403469191657,18
pre_rope,q,2,14,18,0.8454430434438918,18
pre_rope,q,2,14,19,0.8651265799999237,18
pre_rope,q,2,14,20,0.8695027993785011,18
pre_rope,q,2,14,21,0.8996252351337009,18
pre_rope,q,2,14,22,0.8609132998519473,18
pre_rope,q,2,14,23,0.8522553046544393,18
pre_rope,q,2,14,24,0.9028079708417257,18
pre_rope,q,2,14,25,0.9174197249942355,18
pre_rope,q,2,14,26,0.9123189548651377,18
pre_rope,q,2,14,27,0.8444331354565091,18
pre_rope,q,2,15,-1,0.8869238793849945,504
pre_rope,q,2,15,0,0.9189578493436178,18
pre_rope,q,2,15,1,0.8738014300664266,18
pre_rope,q,2,15,2,0.918573753701316,18
pre_rope,q,2,15,3,0.9266127712196774,18
pre_rope,q,2,15,4,0.8951977358924018,18
pre_rope,q,2,15,5,0.9032807019021776,18
pre_rope,q,2,15,6,0.9010384480158488,18
pre_rope,q,2,15,7,0.912859042485555,18
pre_rope,q,2,15,8,0.9352794024679396,18
pre_rope,q,2,15,9,0.9287109010749393,18
pre_rope,q,2,15,10,0.9677708215183682,18
pre_rope,q,2,15,11,0.9465582304530673,18
pre_rope,q,2,15,12,0.9425893558396233,18
pre_rope,q,2,15,13,0.9373354978031583,18
pre_rope,q,2,15,14,0.8315945168336233,18
pre_rope,q,2,15,15,0.8279003236028883,18
pre_rope,q,2,15,16,0.8793029818269942,18
pre_rope,q,2,15,17,0.9035659730434418,18
pre_rope,q,2,15,18,0.7467381821738349,18
pre_rope,q,2,15,19,0.8770798510975308,18
pre_rope,q,2,15,20,0.784013933605618,18
pre_rope,q,2,15,21,0.9042887886365255,18
pre_rope,q,2,15,22,0.8947517739401923,18
pre_rope,q,2,15,23,0.8631370762983958,18
pre_rope,q,2,15,24,0.7895445790555742,18
pre_rope,q,2,15,25,0.8438144889142778,18
pre_rope,q,2,15,26,0.9240381883250343,18
pre_rope,q,2,15,27,0.8555318117141724,18
pre_rope,q,2,16,-1,0.8371272087097168,504
pre_rope,q,2,16,0,0.8406898015075259,18
pre_rope,q,2,16,1,0.8343263467152914,18
pre_rope,q,2,16,2,0.8528634111086527,18
pre_rope,q,2,16,3,0.8330616123146481,18
pre_rope,q,2,16,4,0.857186797592375,18
pre_rope,q,2,16,5,0.8470999797185262,18
pre_rope,q,2,16,6,0.8358234961827596,18
pre_rope,q,2,16,7,0.8325213624371423,18
pre_rope,q,2,16,8,0.8145466612444984,18
pre_rope,q,2,16,9,0.8313089278009202,18
pre_rope,q,2,16,10,0.8800227046012878,18
pre_rope,q,2,16,11,0.8523447546694014,18
pre_rope,q,2,16,12,0.842725137869517,18
pre_rope,q,2,16,13,0.8167704244454702,18
pre_rope,q,2,16,14,0.7914856274922689,18
pre_rope,q,2,16,15,0.8218344151973724,18
pre_rope,q,2,16,16,0.8463395337263743,18
pre_rope,q,2,16,17,0.8309280474980673,18
pre_rope,q,2,16,18,0.846181763543023,18
pre_rope,q,2,16,19,0.8330350584454007,18
pre_rope,q,2,16,20,0.8201412260532379,18
pre_rope,q,2,16,21,0.8596632579962412,18
pre_rope,q,2,16,22,0.8256020446618398,18
pre_rope,q,2,16,23,0.8544810248745812,18
pre_rope,q,2,16,24,0.8662573496500651,18
pre_rope,q,2,16,25,0.8789272407690684,18
pre_rope,q,2,16,26,0.7850689755545722,18
pre_rope,q,2,16,27,0.808324502574073,18
pre_rope,q,2,17,-1,0.8414620955785116,504
pre_rope,q,2,17,0,0.8408113420009613,18
pre_rope,q,2,17,1,0.9188759856753879,18
pre_rope,q,2,17,2,0.8920987314648099,18
pre_rope,q,2,17,3,0.8866883648766412,18
pre_rope,q,2,17,4,0.8775005340576172,18
pre_rope,q,2,17,5,0.9001114600234561,18
pre_rope,q,2,17,6,0.9198798338572184,18
pre_rope,q,2,17,7,0.76121876306004,18
pre_rope,q,2,17,8,0.6883333772420883,18
pre_rope,q,2,17,9,0.7969495356082916,18
pre_rope,q,2,17,10,0.7180237041579353,18
pre_rope,q,2,17,11,0.843223449256685,18
pre_rope,q,2,17,12,0.8525555961661868,18
pre_rope,q,2,17,13,0.7842577364709642,18
pre_rope,q,2,17,14,0.8208084106445312,18
pre_rope,q,2,17,15,0.8001613948080275,18
pre_rope,q,2,17,16,0.8451821075545417,18
pre_rope,q,2,17,17,0.8479443026913537,18
pre_rope,q,2,17,18,0.8414195511076186,18
pre_rope,q,2,17,19,0.8309496508704292,18
pre_rope,q,2,17,20,0.8244332174460093,18
pre_rope,q,2,17,21,0.8779269655545553,18
pre_rope,q,2,17,22,0.884024421374003,18
pre_rope,q,2,17,23,0.8901460634337531,18
pre_rope,q,2,17,24,0.7766891320546468,18
pre_rope,q,2,17,25,0.9007511569394006,18
pre_rope,q,2,17,26,0.8308156496948667,18
pre_rope,q,2,17,27,0.9091579880979326,18
pre_rope,q,2,18,-1,0.8888582554128435,504
pre_rope,q,2,18,0,0.9129468931092156,18
pre_rope,q,2,18,1,0.9230236377980974,18
pre_rope,q,2,18,2,0.9106146991252899,18
pre_rope,q,2,18,3,0.9043982393211789,18
pre_rope,q,2,18,4,0.9242825210094452,18
pre_rope,q,2,18,5,0.9211469557550218,18
pre_rope,q,2,18,6,0.9089063803354899,18
pre_rope,q,2,18,7,0.9887538154919943,18
pre_rope,q,2,18,8,0.9303299983342489,18
pre_rope,q,2,18,9,0.8983347945743136,18
pre_rope,q,2,18,10,0.7785164680745866,18
pre_rope,q,2,18,11,0.8820339706208971,18
pre_rope,q,2,18,12,0.8904334439171685,18
pre_rope,q,2,18,13,0.880299256907569,18
pre_rope,q,2,18,14,0.8662570549382104,18
pre_rope,q,2,18,15,0.8833743002679613,18
pre_rope,q,2,18,16,0.8413110607200198,18
pre_rope,q,2,18,17,0.9069729579819573,18
pre_rope,q,2,18,18,0.8598824077182345,18
pre_rope,q,2,18,19,0.8880232804351382,18
pre_rope,q,2,18,20,0.8935454189777374,18
pre_rope,q,2,18,21,0.9035956760247549,18
pre_rope,q,2,18,22,0.9192268749078115,18
pre_rope,q,2,18,23,0.7769828306304084,18
pre_rope,q,2,18,24,0.8942231006092496,18
pre_rope,q,2,18,25,0.8742560545603434,18
pre_rope,q,2,18,26,0.8462871015071869,18
pre_rope,q,2,18,27,0.8800724645455679,18
pre_rope,q,2,19,-1,0.8646204107337527,504
pre_rope,q,2,19,0,0.9870052536328634,18
pre_rope,q,2,19,1,0.8522403736909231,18
pre_rope,q,2,19,2,0.848805222246382,18
pre_rope,q,2,19,3,0.8867636190520393,18
pre_rope,q,2,19,4,0.8279476761817932,18
pre_rope,q,2,19,5,0.8622758752769895,18
pre_rope,q,2,19,6,0.798732105228636,18
pre_rope,q,2,19,7,0.9273877607451545,18
pre_rope,q,2,19,8,0.8998450107044644,18
pre_rope,q,2,19,9,0.9153688549995422,18
pre_rope,q,2,19,10,0.9167683223883311,18
pre_rope,q,2,19,11,0.8527844150861105,18
pre_rope,q,2,19,12,0.897334635257721,18
pre_rope,q,2,19,13,0.9143873155117035,18
pre_rope,q,2,19,14,0.8398684097660912,18
pre_rope,q,2,19,15,0.857780353890525,18
pre_rope,q,2,19,16,0.8760815660158793,18
pre_rope,q,2,19,17,0.8481032947699229,18
pre_rope,q,2,19,18,0.8491003943814172,18
pre_rope,q,2,19,19,0.8579238388273451,18
pre_rope,q,2,19,20,0.8235771920945909,18
pre_rope,q,2,19,21,0.8583685623274909,18
pre_rope,q,2,19,22,0.8412744402885437,18
pre_rope,q,2,19,23,0.8054919607109494,18
pre_rope,q,2,19,24,0.8668421937359704,18
pre_rope,q,2,19,25,0.8425943719016181,18
pre_rope,q,2,19,26,0.8198834823237525,18
pre_rope,q,2,19,27,0.8348347544670105,18
pre_rope,q,2,20,-1,0.8722350166903602,504
pre_rope,q,2,20,0,0.9336918294429779,18
pre_rope,q,2,20,1,0.9149415890375773,18
pre_rope,q,2,20,2,0.8749593827459548,18
pre_rope,q,2,20,3,0.9088365832964579,18
pre_rope,q,2,20,4,0.9149214492903815,18
pre_rope,q,2,20,5,0.8694876134395599,18
pre_rope,q,2,20,6,0.9164020154211256,18
pre_rope,q,2,20,7,0.8857328924867842,18
pre_rope,q,2,20,8,0.7810553577211168,18
pre_rope,q,2,20,9,0.7727944155534109,18
pre_rope,q,2,20,10,0.8693575395478143,18
pre_rope,q,2,20,11,0.8252038160959879,18
pre_rope,q,2,20,12,0.8482128183046976,18
pre_rope,q,2,20,13,0.8842020995087094,18
pre_rope,q,2,20,14,0.878935287396113,18
pre_rope,q,2,20,15,0.9011991288926866,18
pre_rope,q,2,20,16,0.9017685486210717,18
pre_rope,q,2,20,17,0.8303052816126082,18
pre_rope,q,2,20,18,0.8772227664788564,18
pre_rope,q,2,20,19,0.8651755054791769,18
pre_rope,q,2,20,20,0.9003775583373176,18
pre_rope,q,2,20,21,0.8844965961244371,18
pre_rope,q,2,20,22,0.8497292829884423,18
pre_rope,q,2,20,23,0.8762210839324527,18
pre_rope,q,2,20,24,0.89263540175226,18
pre_rope,q,2,20,25,0.8781094551086426,18
pre_rope,q,2,20,26,0.815609786245558,18
pre_rope,q,2,20,27,0.8709961341487037,18
pre_rope,q,2,21,-1,0.8801585833231608,504
pre_rope,q,2,21,0,0.8600813912020789,18
pre_rope,q,2,21,1,0.8970306515693665,18
pre_rope,q,2,21,2,0.8957537213961283,18
pre_rope,q,2,21,3,0.8639083471563127,18
pre_rope,q,2,21,4,0.8978176613648733,18
pre_rope,q,2,21,5,0.8331596718894111,18
pre_rope,q,2,21,6,0.8505028420024447,18
pre_rope,q,2,21,7,0.8432264526685079,18
pre_rope,q,2,21,8,0.9215717381901212,18
pre_rope,q,2,21,9,0.9143411881393857,18
pre_rope,q,2,21,10,0.9221222533120049,18
pre_rope,q,2,21,11,0.9143224524127113,18
pre_rope,q,2,21,12,0.9213709698783027,18
pre_rope,q,2,21,13,0.8231619000434875,18
pre_rope,q,2,21,14,0.8348940776454078,18
pre_rope,q,2,21,15,0.9728463821940951,18
pre_rope,q,2,21,16,0.9120802680651346,18
pre_rope,q,2,21,17,0.767652173837026,18
pre_rope,q,2,21,18,0.9021814035044776,18
pre_rope,q,2,21,19,0.8396615286668142,18
pre_rope,q,2,21,20,0.9087277518378364,18
pre_rope,q,2,21,21,0.8968190881941054,18
pre_rope,q,2,21,22,0.8786763913101621,18
pre_rope,q,2,21,23,0.8643414080142975,18
pre_rope,q,2,21,24,0.9022145205073886,18
pre_rope,q,2,21,25,0.8390712870491875,18
pre_rope,q,2,21,26,0.8990487257639567,18
pre_rope,q,2,21,27,0.8678539395332336,18
pre_rope,q,2,22,-1,0.8396215041478475,504
pre_rope,q,2,22,0,0.8439315689934624,18
pre_rope,q,2,22,1,0.8229253987471262,18
pre_rope,q,2,22,2,0.7767907083034515,18
pre_rope,q,2,22,3,0.7184235519833035,18
pre_rope,q,2,22,4,0.7510346439149644,18
pre_rope,q,2,22,5,0.7611709104643928,18
pre_rope,q,2,22,6,0.7891061570909288,18
pre_rope,q,2,22,7,0.8240847918722365,18
pre_rope,q,2,22,8,0.8469863533973694,18
pre_rope,q,2,22,9,0.8671970665454865,18
pre_rope,q,2,22,10,0.8322123653358884,18
pre_rope,q,2,22,11,0.8543343643347422,18
pre_rope,q,2,22,12,0.8474091986815134,18
pre_rope,q,2,22,13,0.8581105536884732,18
pre_rope,q,2,22,14,0.9016078809897105,18
pre_rope,q,2,22,15,0.8988332086139255,18
pre_rope,q,2,22,16,0.8397025068600973,18
pre_rope,q,2,22,17,0.8877048128181033,18
pre_rope,q,2,22,18,0.9019516474670835,18
pre_rope,q,2,22,19,0.8782363600201077,18
pre_rope,q,2,22,20,0.8692193594243791,18
pre_rope,q,2,22,21,0.8153658476140764,18
pre_rope,q,2,22,22,0.8383412824736701,18
pre_rope,q,2,22,23,0.8775058653619554,18
pre_rope,q,2,22,24,0.8390675452020433,18
pre_rope,q,2,22,25,0.8650645944807265,18
pre_rope,q,2,22,26,0.853277411725786,18
pre_rope,q,2,22,27,0.8498059610525767,18
pre_rope,q,2,23,-1,0.8544068932533264,504
pre_rope,q,2,23,0,0.9161040782928467,18
pre_rope,q,2,23,1,0.9023629526297251,18
pre_rope,q,2,23,2,0.8988760709762573,18
pre_rope,q,2,23,3,0.8941036363442739,18
pre_rope,q,2,23,4,0.9096179207166036,18
pre_rope,q,2,23,5,0.8977560963895586,18
pre_rope,q,2,23,6,0.8753485878308614,18
pre_rope,q,2,23,7,0.8575642903645834,18
pre_rope,q,2,23,8,0.8014788097805448,18
pre_rope,q,2,23,9,0.7966959476470947,18
pre_rope,q,2,23,10,0.8294927212927077,18
pre_rope,q,2,23,11,0.7735874421066709,18
pre_rope,q,2,23,12,0.7655060556199815,18
pre_rope,q,2,23,13,0.7613397141297659,18
pre_rope,q,2,23,14,0.8193065623442332,18
pre_rope,q,2,23,15,0.8171797394752502,18
pre_rope,q,2,23,16,0.8402828872203827,18
pre_rope,q,2,23,17,0.846681276957194,18
pre_rope,q,2,23,18,0.8479694359832339,18
pre_rope,q,2,23,19,0.8186878760655721,18
pre_rope,q,2,23,20,0.8292338483863406,18
pre_rope,q,2,23,21,0.8936597373750474,18
pre_rope,q,2,23,22,0.9126271903514862,18
pre_rope,q,2,23,23,0.8877475129233466,18
pre_rope,q,2,23,24,0.8907082445091672,18
pre_rope,q,2,23,25,0.8375013073285421,18
pre_rope,q,2,23,26,0.9042941927909851,18
pre_rope,q,2,23,27,0.8976784315374162,18
pre_rope,q,2,24,-1,0.861558347940445,504
pre_rope,q,2,24,0,0.8837457829051547,18
pre_rope,q,2,24,1,0.9271725250615014,18
pre_rope,q,2,24,2,0.9181615081098344,18
pre_rope,q,2,24,3,0.8415283958117167,18
pre_rope,q,2,24,4,0.9181503852208456,18
pre_rope,q,2,24,5,0.9235927561918894,18
pre_rope,q,2,24,6,0.9212088882923126,18
pre_rope,q,2,24,7,0.7934530675411224,18
pre_rope,q,2,24,8,0.8232642875777351,18
pre_rope,q,2,24,9,0.8809959226184421,18
pre_rope,q,2,24,10,0.8414742151896158,18
pre_rope,q,2,24,11,0.8221611479918162,18
pre_rope,q,2,24,12,0.8368108636803098,18
pre_rope,q,2,24,13,0.7732350528240204,18
pre_rope,q,2,24,14,0.9121505684322782,18
pre_rope,q,2,24,15,0.8940302895175086,18
pre_rope,q,2,24,16,0.9084927803940244,18
pre_rope,q,2,24,17,0.8849855694505904,18
pre_rope,q,2,24,18,0.877456847164366,18
pre_rope,q,2,24,19,0.8804527454906039,18
pre_rope,q,2,24,20,0.9050041437149048,18
pre_rope,q,2,24,21,0.7746648225519392,18
pre_rope,q,2,24,22,0.8391471869415708,18
pre_rope,q,2,24,23,0.8124667505423228,18
pre_rope,q,2,24,24,0.8255529304345449,18
pre_rope,q,2,24,25,0.8453992340299818,18
pre_rope,q,2,24,26,0.8429575363794962,18
pre_rope,q,2,24,27,0.8159178131156497,18
pre_rope,q,2,25,-1,0.8520534038543701,504
pre_rope,q,2,25,0,0.8645441598362393,18
pre_rope,q,2,25,1,0.8328299588627286,18
pre_rope,q,2,25,2,0.8839105367660522,18
pre_rope,q,2,25,3,0.8773113654719459,18
pre_rope,q,2,25,4,0.8401832746134864,18
pre_rope,q,2,25,5,0.8718126681115892,18
pre_rope,q,2,25,6,0.8598276211155785,18
pre_rope,q,2,25,7,0.8451564808686575,18
pre_rope,q,2,25,8,0.8338657452000512,18
pre_rope,q,2,25,9,0.8387286265691122,18
pre_rope,q,2,25,10,0.8294483357005649,18
pre_rope,q,2,25,11,0.8573513064119551,18
pre_rope,q,2,25,12,0.7631508509318033,18
pre_rope,q,2,25,13,0.8363204631540511,18
pre_rope,q,2,25,14,0.8660535050763024,18
pre_rope,q,2,25,15,0.7527336279551188,18
pre_rope,q,2,25,16,0.9267052180237241,18
pre_rope,q,2,25,17,0.8662634525034163,18
pre_rope,q,2,25,18,0.8940699961450365,18
pre_rope,q,2,25,19,0.8826483388741811,18
pre_rope,q,2,25,20,0.8000147508250343,18
pre_rope,q,2,25,21,0.9060018824206458,18
pre_rope,q,2,25,22,0.8947797649436526,18
pre_rope,q,2,25,23,0.8457918696933322,18
pre_rope,q,2,25,24,0.8541455732451545,18
pre_rope,q,2,25,25,0.7709596587551965,18
pre_rope,q,2,25,26,0.8766905003123813,18
pre_rope,q,2,25,27,0.8861961331632402,18
pre_rope,q,2,26,-1,0.8105342719289992,504
pre_rope,q,2,26,0,0.7888848914040459,18
pre_rope,q,2,26,1,0.8359416822592417,18
pre_rope,q,2,26,2,0.8360124693976508,18
pre_rope,q,2,26,3,0.8362670739491781,18
pre_rope,q,2,26,4,0.8066232833597395,18
pre_rope,q,2,26,5,0.8062599301338196,18
pre_rope,q,2,26,6,0.8310896952946981,18
pre_rope,q,2,26,7,0.7583780917856429,18
pre_rope,q,2,26,8,0.8754471706019508,18
pre_rope,q,2,26,9,0.7662767834133573,18
pre_rope,q,2,26,10,0.8049047489960989,18
pre_rope,q,2,26,11,0.7841801411575742,18
pre_rope,q,2,26,12,0.8710696233643426,18
pre_rope,q,2,26,13,0.7002878619564904,18
pre_rope,q,2,26,14,0.7807825042141808,18
pre_rope,q,2,26,15,0.78981903857655,18
pre_rope,q,2,26,16,0.8071043392022451,18
pre_rope,q,2,26,17,0.8595458302232954,18
pre_rope,q,2,26,18,0.8471620811356438,18
pre_rope,q,2,26,19,0.8457914292812347,18
pre_rope,q,2,26,20,0.8639276987976499,18
pre_rope,q,2,26,21,0.8080882065825992,18
pre_rope,q,2,26,22,0.7698321640491486,18
pre_rope,q,2,26,23,0.8051905433336893,18
pre_rope,q,2,26,24,0.818970176908705,18
pre_rope,q,2,26,25,0.7451759013864729,18
pre_rope,q,2,26,26,0.874602907233768,18
pre_rope,q,2,26,27,0.777343236737781,18
pre_rope,q,2,27,-1,0.7967153920067681,504
pre_rope,q,2,27,0,0.836992879708608,18
pre_rope,q,2,27,1,0.8399636778566573,18
pre_rope,q,2,27,2,0.8180153568585714,18
pre_rope,q,2,27,3,0.8422820733653175,18
pre_rope,q,2,27,4,0.8367305199305216,18
pre_rope,q,2,27,5,0.8389324612087674,18
pre_rope,q,2,27,6,0.760655681292216,18
pre_rope,q,2,27,7,0.6610774671037992,18
pre_rope,q,2,27,8,0.764053636127048,18
pre_rope,q,2,27,9,0.759054700533549,18
pre_rope,q,2,27,10,0.9336130718390147,18
pre_rope,q,2,27,11,0.6873659325970544,18
pre_rope,q,2,27,12,0.9464826352066464,18
pre_rope,q,2,27,13,0.9184664984544119,18
pre_rope,q,2,27,14,0.7192639940314822,18
pre_rope,q,2,27,15,0.704886300696267,18
pre_rope,q,2,27,16,0.7620081239276462,18
pre_rope,q,2,27,17,0.7895541985829672,18
pre_rope,q,2,27,18,0.7348325550556183,18
pre_rope,q,2,27,19,0.794508288304011,18
pre_rope,q,2,27,20,0.7110736833678352,18
pre_rope,q,2,27,21,0.8025830818547143,18
pre_rope,q,2,27,22,0.7970466083950467,18
pre_rope,q,2,27,23,0.801912420325809,18
pre_rope,q,2,27,24,0.7759068277147081,18
pre_rope,q,2,27,25,0.8552198476261563,18
pre_rope,q,2,27,26,0.8022374278969235,18
pre_rope,q,2,27,27,0.8133108218510946,18
pre_rope,q,4,0,-1,0.8702725555215564,392
pre_rope,q,4,0,0,0.7781621664762497,14
pre_rope,q,4,0,1,0.857298480612891,14
pre_rope,q,4,0,2,0.7388862499168941,14
pre_rope,q,4,0,3,0.7659776282629797,14
pre_rope,q,4,0,4,0.776995348078864,14
pre_rope,q,4,0,5,0.8853593638965062,14
pre_rope,q,4,0,6,0.9351669805390495,14
pre_rope,q,4,0,7,0.8346014363425118,14
pre_rope,q,4,0,8,0.8632739399160657,14
pre_rope,q,4,0,9,0.8508749902248383,14
pre_rope,q,4,0,10,0.8598374575376511,14
pre_rope,q,4,0,11,0.8499926584107536,14
pre_rope,q,4,0,12,0.8264310913426536,14
pre_rope,q,4,0,13,0.8027374148368835,14
pre_rope,q,4,0,14,0.9440282498087201,14
pre_rope,q,4,0,15,0.9936665977750506,14
pre_rope,q,4,0,16,0.8952824473381042,14
pre_rope,q,4,0,17,0.8300034829548427,14
pre_rope,q,4,0,18,0.9250273747103555,14
pre_rope,q,4,0,19,0.9114173054695129,14
pre_rope,q,4,0,20,0.8476566289152417,14
pre_rope,q,4,0,21,0.9265395147459847,14
pre_rope,q,4,0,22,0.7743570336273738,14
pre_rope,q,4,0,23,0.949339496237891,14
pre_rope,q,4,0,24,0.9204415508678981,14
pre_rope,q,4,0,25,0.950364317212786,14
pre_rope,q,4,0,26,0.9212713369301387,14
pre_rope,q,4,0,27,0.9526408868176597,14
pre_rope,q,4,1,-1,0.8875097973006112,392
pre_rope,q,4,1,0,0.9572530516556331,14
pre_rope,q,4,1,1,0.9567077287605831,14
pre_rope,q,4,1,2,0.9217345373971122,14
pre_rope,q,4,1,3,0.9425240669931684,14
pre_rope,q,4,1,4,0.933697772877557,14
pre_rope,q,4,1,5,0.9217902634825025,14
pre_rope,q,4,1,6,0.9219737648963928,14
pre_rope,q,4,1,7,0.8296767515795571,14
pre_rope,q,4,1,8,0.8211996512753623,14
pre_rope,q,4,1,9,0.9103826795305524,14
pre_rope,q,4,1,10,0.9146380509649005,14
pre_rope,q,4,1,11,0.8746692112513951,14
pre_rope,q,4,1,12,0.9056738615036011,14
pre_rope,q,4,1,13,0.8779337321008954,14
pre_rope,q,4,1,14,0.8087619585650307,14
pre_rope,q,4,1,15,0.8713381290435791,14
pre_rope,q,4,1,16,0.8464024875845227,14
pre_rope,q,4,1,17,0.9213146695068904,14
pre_rope,q,4,1,18,0.7339387621198382,14
pre_rope,q,4,1,19,0.7953505303178515,14
pre_rope,q,4,1,20,0.8354536039488656,14
pre_rope,q,4,1,21,0.9487213790416718,14
pre_rope,q,4,1,22,0.9216024790491376,14
pre_rope,q,4,1,23,0.9217684311526162,14
pre_rope,q,4,1,24,0.8727940661566598,14
pre_rope,q,4,1,25,0.8903274280684335,14
pre_rope,q,4,1,26,0.9383993872574398,14
pre_rope,q,4,1,27,0.8542461395263672,14
pre_rope,q,4,2,-1,0.8182439122881208,392
pre_rope,q,4,2,0,0.8829486497810909,14
pre_rope,q,4,2,1,0.8487844594887325,14
pre_rope,q,4,2,2,0.9137593976088932,14
pre_rope,q,4,2,3,0.9095599608761924,14
pre_rope,q,4,2,4,0.7143643711294446,14
pre_rope,q,4,2,5,0.9094773403235844,14
pre_rope,q,4,2,6,0.925262702362878,14
pre_rope,q,4,2,7,0.8034471273422241,14
pre_rope,q,4,2,8,0.8073058298655919,14
pre_rope,q,4,2,9,0.7772716454097203,14
pre_rope,q,4,2,10,0.8286151800836835,14
pre_rope,q,4,2,11,0.8191544881888798,14
pre_rope,q,4,2,12,0.8325991971152169,14
pre_rope,q,4,2,13,0.7881052621773311,14
pre_rope,q,4,2,14,0.8178089601652963,14
pre_rope,q,4,2,15,0.7731408860002246,14
pre_rope,q,4,2,16,0.8814512746674674,14
pre_rope,q,4,2,17,0.8406022914818355,14
pre_rope,q,4,2,18,0.7870488848005023,14
pre_rope,q,4,2,19,0.8051570270742688,14
pre_rope,q,4,2,20,0.8440719076565334,14
pre_rope,q,4,2,21,0.9135601435388837,14
pre_rope,q,4,2,22,0.6269623126302447,14
pre_rope,q,4,2,23,0.8582832046917507,14
pre_rope,q,4,2,24,0.8114376366138458,14
pre_rope,q,4,2,25,0.7501126314912524,14
pre_rope,q,4,2,26,0.5925280451774597,14
pre_rope,q,4,2,27,0.8480086241449628,14
pre_rope,q,4,3,-1,0.8196874218327659,392
pre_rope,q,4,3,0,0.7061381595475333,14
pre_rope,q,4,3,1,0.8371329052107674,14
pre_rope,q,4,3,2,0.7956466334206718,14
pre_rope,q,4,3,3,0.874455669096538,14
pre_rope,q,4,3,4,0.8000901852335248,14
pre_rope,q,4,3,5,0.7998984158039093,14
pre_rope,q,4,3,6,0.8349644754614148,14
pre_rope,q,4,3,7,0.9475001692771912,14
pre_rope,q,4,3,8,0.5998666456767491,14
pre_rope,q,4,3,9,0.8724592072623116,14
pre_rope,q,4,3,10,0.9475522254194532,14
pre_rope,q,4,3,11,0.7958494041647229,14
pre_rope,q,4,3,12,0.7754474026816232,14
pre_rope,q,4,3,13,0.7058665113789695,14
pre_rope,q,4,3,14,0.903805707182203,14
pre_rope,q,4,3,15,0.8568507475512368,14
pre_rope,q,4,3,16,0.8409090978758675,14
pre_rope,q,4,3,17,0.838392721755164,14
pre_rope,q,4,3,18,0.8570147710187095,14
pre_rope,q,4,3,19,0.8693282859666007,14
pre_rope,q,4,3,20,0.8719970498766217,14
pre_rope,q,4,3,21,0.8118639162608555,14
pre_rope,q,4,3,22,0.7680424196379525,14
pre_rope,q,4,3,23,0.789197427885873,14
pre_rope,q,4,3,24,0.8094560631683895,14
pre_rope,q,4,3,25,0.8039877414703369,14
pre_rope,q,4,3,26,0.80084171465465,14
pre_rope,q,4,3,27,0.8366922310420445,14
pre_rope,q,4,4,-1,0.90557347876685,392
pre_rope,q,4,4,0,0.9347754163401467,14
pre_rope,q,4,4,1,0.9086836661611285,14
pre_rope,q,4,4,2,0.9365083192076001,14
pre_rope,q,4,4,3,0.9207762096609388,14
pre_rope,q,4,4,4,0.9392692404133933,14
pre_rope,q,4,4,5,0.887235198702131,14
pre_rope,q,4,4,6,0.9233037446226392,14
pre_rope,q,4,4,7,0.7757737508841923,14
pre_rope,q,4,4,8,0.8639049487454551,14
pre_rope,q,4,4,9,0.8933385610580444,14
pre_rope,q,4,4,10,0.8481039149420602,14
pre_rope,q,4,4,11,0.903059938124248,14
pre_rope,q,4,4,12,0.9070909534181867,14
pre_rope,q,4,4,13,0.7941103279590607,14
pre_rope,q,4,4,14,0.9600157993180412,14
pre_rope,q,4,4,15,0.9478122847420829,14
pre_rope,q,4,4,16,0.9334754134927478,14
pre_rope,q,4,4,17,0.7801425499575478,14
pre_rope,q,4,4,18,0.9135640050683703,14
pre_rope,q,4,4,19,0.9334942485604968,14
pre_rope,q,4,4,20,0.9215346106461116,14
pre_rope,q,4,4,21,0.9327019921370915,14
pre_rope,q,4,4,22,0.9513553934437888,14
pre_rope,q,4,4,23,0.9550586640834808,14
pre_rope,q,4,4,24,0.9009014112608773,14
pre_rope,q,4,4,25,0.9420204205172402,14
pre_rope,q,4,4,26,0.9065016465527671,14
pre_rope,q,4,4,27,0.9415447201047625,14
pre_rope,q,4,5,-1,0.8802784979343414,392
pre_rope,q,4,5,0,0.9026728570461273,14
pre_rope,q,4,5,1,0.9305079366479602,14
pre_rope,q,4,5,2,0.925588288477489,14
pre_rope,q,4,5,3,0.9344990296023232,14
pre_rope,q,4,5,4,0.9467645500387464,14
pre_rope,q,4,5,5,0.8124953465802329,14
pre_rope,q,4,5,6,0.8463012533528464,14
pre_rope,q,4,5,7,0.9029217532702855,14
pre_rope,q,4,5,8,0.8583639945302691,14
pre_rope,q,4,5,9,0.9192168670041221,14
pre_rope,q,4,5,10,0.8946867840630668,14
pre_rope,q,4,5,11,0.7514969621385846,14
pre_rope,q,4,5,12,0.9223028932298932,14
pre_rope,q,4,5,13,0.8714670666626522,14
pre_rope,q,4,5,14,0.8898107835224697,14
pre_rope,q,4,5,15,0.8308449004377637,14
pre_rope,q,4,5,16,0.8911550045013428,14
pre_rope,q,4,5,17,0.8122329711914062,14
pre_rope,q,4,5,18,0.7756999390465873,14
pre_rope,q,4,5,19,0.7538252260003772,14
pre_rope,q,4,5,20,0.7925635661397662,14
pre_rope,q,4,5,21,0.8384192117622921,14
pre_rope,q,4,5,22,0.956595914704459,14
pre_rope,q,4,5,23,0.9480564381395068,14
pre_rope,q,4,5,24,0.9446397977215903,14
pre_rope,q,4,5,25,0.9254547485283443,14
pre_rope,q,4,5,26,0.9257579105240958,14
pre_rope,q,4,5,27,0.9434558366026197,14
pre_rope,q,4,6,-1,0.9165429302624294,392
pre_rope,q,4,6,0,0.9355184308120182,14
pre_rope,q,4,6,1,0.9574341348239354,14
pre_rope,q,4,6,2,0.9545761474541256,14
pre_rope,q,4,6,3,0.9471132627555302,14
pre_rope,q,4,6,4,0.9480029727731433,14
pre_rope,q,4,6,5,0.9337214146341596,14
pre_rope,q,4,6,6,0.9799553496497018,14
pre_rope,q,4,6,7,0.9088401581559863,14
pre_rope,q,4,6,8,0.9326330380780357,14
pre_rope,q,4,6,9,0.9256950105939593,14
pre_rope,q,4,6,10,0.8438871673175267,14
pre_rope,q,4,6,11,0.9100058121340615,14
pre_rope,q,4,6,12,0.8795658562864576,14
pre_rope,q,4,6,13,0.9030814085687909,14
pre_rope,q,4,6,14,0.9148085117340088,14
pre_rope,q,4,6,15,0.9440520363194602,14
pre_rope,q,4,6,16,0.8999332232134682,14
pre_rope,q,4,6,17,0.7579323819705418,14
pre_rope,q,4,6,18,0.8589490396635873,14
pre_rope,q,4,6,19,0.9530388116836548,14
pre_rope,q,4,6,20,0.9593264417988914,14
pre_rope,q,4,6,21,0.928840811763491,14
pre_rope,q,4,6,22,0.9281803028924125,14
pre_rope,q,4,6,23,0.846850084406989,14
pre_rope,q,4,6,24,0.927797543151038,14
pre_rope,q,4,6,25,0.9143846545900617,14
pre_rope,q,4,6,26,0.9194850751331874,14
pre_rope,q,4,6,27,0.9495935482638223,14
pre_rope,q,4,7,-1,0.868521626506533,392
pre_rope,q,4,7,0,0.8826224293027606,14
pre_rope,q,4,7,1,0.8813413764749255,14
pre_rope,q,4,7,2,0.8218874505587986,14
pre_rope,q,4,7,3,0.9154390948159354,14
pre_rope,q,4,7,4,0.901949622801372,14
pre_rope,q,4,7,5,0.8910958000591823,14
pre_rope,q,4,7,6,0.7064931733267648,14
pre_rope,q,4,7,7,0.8623671063355037,14
pre_rope,q,4,7,8,0.900330513715744,14
pre_rope,q,4,7,9,0.9118111303874424,14
pre_rope,q,4,7,10,0.7941766125815255,14
pre_rope,q,4,7,11,0.9186650599752154,14
pre_rope,q,4,7,12,0.9244559407234192,14
pre_rope,q,4,7,13,0.9152785156454358,14
pre_rope,q,4,7,14,0.8723807334899902,14
pre_rope,q,4,7,15,0.7463938210691724,14
pre_rope,q,4,7,16,0.8999117655413491,14
pre_rope,q,4,7,17,0.9041125093187604,14
pre_rope,q,4,7,18,0.8821053334644863,14
pre_rope,q,4,7,19,0.8319578809397561,14
pre_rope,q,4,7,20,0.904794727052961,14
pre_rope,q,4,7,21,0.8956171189035688,14
pre_rope,q,4,7,22,0.8058057171957833,14
pre_rope,q,4,7,23,0.8218772155897958,14
pre_rope,q,4,7,24,0.8471074572631291,14
pre_rope,q,4,7,25,0.897498105253492,14
pre_rope,q,4,7,26,0.8844390000615802,14
pre_rope,q,4,7,27,0.8966904325144631,14
pre_rope,q,4,8,-1,0.8990951946803502,392
pre_rope,q,4,8,0,0.9365132025309971,14
pre_rope,q,4,8,1,0.9441012825284686,14
pre_rope,q,4,8,2,0.9068703481129238,14
pre_rope,q,4,8,3,0.8884170651435852,14
pre_rope,q,4,8,4,0.8546922206878662,14
pre_rope,q,4,8,5,0.9334942059857505,14
pre_rope,q,4,8,6,0.9116102925368718,14
pre_rope,q,4,8,7,0.9285589371408735,14
pre_rope,q,4,8,8,0.9311920404434204,14
pre_rope,q,4,8,9,0.9407394783837455,14
pre_rope,q,4,8,10,0.9452596477099827,14
pre_rope,q,4,8,11,0.9190566965511867,14
pre_rope,q,4,8,12,0.932556518486568,14
pre_rope,q,4,8,13,0.9013367933886391,14
pre_rope,q,4,8,14,0.9187928353037152,14
pre_rope,q,4,8,15,0.9178532958030701,14
pre_rope,q,4,8,16,0.93128616469247,14
pre_rope,q,4,8,17,0.911126754113606,14
pre_rope,q,4,8,18,0.9259198222841535,14
pre_rope,q,4,8,19,0.9253589808940887,14
pre_rope,q,4,8,20,0.9121443714414325,14
pre_rope,q,4,8,21,0.8964596475873675,14
pre_rope,q,4,8,22,0.7785717717238835,14
pre_rope,q,4,8,23,0.802298767226083,14
pre_rope,q,4,8,24,0.8690592646598816,14
pre_rope,q,4,8,25,0.8458089998790196,14
pre_rope,q,4,8,26,0.8485607930592128,14
pre_rope,q,4,8,27,0.8170257977076939,14
pre_rope,q,4,9,-1,0.8417017715317863,392
pre_rope,q,4,9,0,0.8586390614509583,14
pre_rope,q,4,9,1,0.8893180574689593,14
pre_rope,q,4,9,2,0.7844420416014535,14
pre_rope,q,4,9,3,0.843743839434215,14
pre_rope,q,4,9,4,0.8535852432250977,14
pre_rope,q,4,9,5,0.890036370073046,14
pre_rope,q,4,9,6,0.9148558463369098,14
pre_rope,q,4,9,7,0.8781672843864986,14
pre_rope,q,4,9,8,0.6607658820492881,14
pre_rope,q,4,9,9,0.8631118323121753,14
pre_rope,q,4,9,10,0.847820656640189,14
pre_rope,q,4,9,11,0.8321286865643093,14
pre_rope,q,4,9,12,0.89999030317579,14
pre_rope,q,4,9,13,0.8583962747028896,14
pre_rope,q,4,9,14,0.8895329747881208,14
pre_rope,q,4,9,15,0.845730470759528,14
pre_rope,q,4,9,16,0.888011417218617,14
pre_rope,q,4,9,17,0.815699074949537,14
pre_rope,q,4,9,18,0.7781796072210584,14
pre_rope,q,4,9,19,0.7546440405505044,14
pre_rope,q,4,9,20,0.8551142130579267,14
pre_rope,q,4,9,21,0.8616115621158055,14
pre_rope,q,4,9,22,0.80219680922372,14
pre_rope,q,4,9,23,0.7972865700721741,14
pre_rope,q,4,9,24,0.8659320941993168,14
pre_rope,q,4,9,25,0.8160346278122493,14
pre_rope,q,4,9,26,0.8599551788398198,14
pre_rope,q,4,9,27,0.8627195571150098,14
pre_rope,q,4,10,-1,0.9165869184902736,392
pre_rope,q,4,10,0,0.86841995375497,14
pre_rope,q,4,10,1,0.9531066971165794,14
pre_rope,q,4,10,2,0.7816246790545327,14
pre_rope,q,4,10,3,0.9530120917728969,14
pre_rope,q,4,10,4,0.9486873916217259,14
pre_rope,q,4,10,5,0.9643612376281193,14
pre_rope,q,4,10,6,0.8487366395337241,14
pre_rope,q,4,10,7,0.9180831398282733,14
pre_rope,q,4,10,8,0.9244927210467202,14
pre_rope,q,4,10,9,0.929091215133667,14
pre_rope,q,4,10,10,0.9219290358679635,14
pre_rope,q,4,10,11,0.8782056059156146,14
pre_rope,q,4,10,12,0.9098087080887386,14
pre_rope,q,4,10,13,0.9180049683366504,14
pre_rope,q,4,10,14,0.9524445491177695,14
pre_rope,q,4,10,15,0.945230496781213,14
pre_rope,q,4,10,16,0.9517082018511636,14
pre_rope,q,4,10,17,0.9515844072614398,14
pre_rope,q,4,10,18,0.9330761092049735,14
pre_rope,q,4,10,19,0.933816420180457,14
pre_rope,q,4,10,20,0.885460627930505,14
pre_rope,q,4,10,21,0.9336870908737183,14
pre_rope,q,4,10,22,0.926415720156261,14
pre_rope,q,4,10,23,0.9121936048780169,14
pre_rope,q,4,10,24,0.8603577358382088,14
pre_rope,q,4,10,25,0.9104071727820805,14
pre_rope,q,4,10,26,0.9265771721090589,14
pre_rope,q,4,10,27,0.9239105709961483,14
pre_rope,q,4,11,-1,0.9000818601676396,392
pre_rope,q,4,11,0,0.8875269293785095,14
pre_rope,q,4,11,1,0.9632868213312966,14
pre_rope,q,4,11,2,0.937043275151934,14
pre_rope,q,4,11,3,0.9399076231888362,14
pre_rope,q,4,11,4,0.9529886288302285,14
pre_rope,q,4,11,5,0.9367456904479435,14
pre_rope,q,4,11,6,0.9354211475167956,14
pre_rope,q,4,11,7,0.9106757385390145,14
pre_rope,q,4,11,8,0.7920763875756945,14
pre_rope,q,4,11,9,0.9228684519018445,14
pre_rope,q,4,11,10,0.9233172152723584,14
pre_rope,q,4,11,11,0.9058567115238735,14
pre_rope,q,4,11,12,0.8390203544071743,14
pre_rope,q,4,11,13,0.9260811890874591,14
pre_rope,q,4,11,14,0.907375408070428,14
pre_rope,q,4,11,15,0.9050072176115853,14
pre_rope,q,4,11,16,0.8785219958850315,14
pre_rope,q,4,11,17,0.9096515093530927,14
pre_rope,q,4,11,18,0.905398713690894,14
pre_rope,q,4,11,19,0.9087630936077663,14
pre_rope,q,4,11,20,0.9167900596346173,14
pre_rope,q,4,11,21,0.8967654577323368,14
pre_rope,q,4,11,22,0.8846576086112431,14
pre_rope,q,4,11,23,0.8510997891426086,14
pre_rope,q,4,11,24,0.8138242619378226,14
pre_rope,q,4,11,25,0.8977950853960854,14
pre_rope,q,4,11,26,0.8751407308237893,14
pre_rope,q,4,11,27,0.8786840949739728,14
pre_rope,q,4,12,-1,0.8631964113031115,392
pre_rope,q,4,12,0,0.8869747391768864,14
pre_rope,q,4,12,1,0.8734112467084613,14
pre_rope,q,4,12,2,0.8194774474416461,14
pre_rope,q,4,12,3,0.903667905500957,14
pre_rope,q,4,12,4,0.88875099165099,14
pre_rope,q,4,12,5,0.8650855422019958,14
pre_rope,q,4,12,6,0.8211158982345036,14
pre_rope,q,4,12,7,0.7645184738295419,14
pre_rope,q,4,12,8,0.8895686481680188,14
pre_rope,q,4,12,9,0.864863178559712,14
pre_rope,q,4,12,10,0.8981223787580218,14
pre_rope,q,4,12,11,0.9193451489721026,14
pre_rope,q,4,12,12,0.8655989680971418,14
pre_rope,q,4,12,13,0.889032027551106,14
pre_rope,q,4,12,14,0.8512163119656699,14
pre_rope,q,4,12,15,0.8073176997048515,14
pre_rope,q,4,12,16,0.7958600648811885,14
pre_rope,q,4,12,17,0.8234412499836513,14
pre_rope,q,4,12,18,0.8673326798847744,14
pre_rope,q,4,12,19,0.8139068356582096,14
pre_rope,q,4,12,20,0.7636668511799404,14
pre_rope,q,4,12,21,0.9136291444301605,14
pre_rope,q,4,12,22,0.9278624951839447,14
pre_rope,q,4,12,23,0.900080932038171,14
pre_rope,q,4,12,24,0.8241747106824603,14
pre_rope,q,4,12,25,0.9221072920731136,14
pre_rope,q,4,12,26,0.9032505537782397,14
pre_rope,q,4,12,27,0.9061203002929688,14
pre_rope,q,4,13,-1,0.8581643615450177,392
pre_rope,q,4,13,0,0.8706433773040771,14
pre_rope,q,4,13,1,0.8616415134498051,14
pre_rope,q,4,13,2,0.8844962545803615,14
pre_rope,q,4,13,3,0.8357735403946468,14
pre_rope,q,4,13,4,0.836286587374551,14
pre_rope,q,4,13,5,0.8536479558263507,14
pre_rope,q,4,13,6,0.813763120344707,14
pre_rope,q,4,13,7,0.9388794090066638,14
pre_rope,q,4,13,8,0.8668296635150909,14
pre_rope,q,4,13,9,0.912047015769141,14
pre_rope,q,4,13,10,0.9186423931803022,14
pre_rope,q,4,13,11,0.7326806145054954,14
pre_rope,q,4,13,12,0.860179488148008,14
pre_rope,q,4,13,13,0.944937561239515,14
pre_rope,q,4,13,14,0.8745217067854745,14
pre_rope,q,4,13,15,0.8822944632598332,14
pre_rope,q,4,13,16,0.8217893626008715,14
pre_rope,q,4,13,17,0.8343929478100368,14
pre_rope,q,4,13,18,0.8051012669290815,14
pre_rope,q,4,13,19,0.831786790064403,14
pre_rope,q,4,13,20,0.853062459400722,14
pre_rope,q,4,13,21,0.8746538545404162,14
pre_rope,q,4,13,22,0.8634866901806423,14
pre_rope,q,4,13,23,0.866725674697331,14
pre_rope,q,4,13,24,0.8431077301502228,14
pre_rope,q,4,13,25,0.8250434228352138,14
pre_rope,q,4,13,26,0.8571775811059135,14
pre_rope,q,4,13,27,0.8650091077600207,14
pre_rope,q,4,14,-1,0.8363566526344844,392
pre_rope,q,4,14,0,0.7569092171532767,14
pre_rope,q,4,14,1,0.7853602596691677,14
pre_rope,q,4,14,2,0.7893068620136806,14
pre_rope,q,4,14,3,0.8588358845029559,14
pre_rope,q,4,14,4,0.7644949981144497,14
pre_rope,q,4,14,5,0.8213462488991874,14
pre_rope,q,4,14,6,0.7949439670358386,14
pre_rope,q,4,14,7,0.8395163800035205,14
pre_rope,q,4,14,8,0.8411616086959839,14
pre_rope,q,4,14,9,0.8681579232215881,14
pre_rope,q,4,14,10,0.8756515554019383,14
pre_rope,q,4,14,11,0.8406565700258527,14
pre_rope,q,4,14,12,0.8486758683409009,14
pre_rope,q,4,14,13,0.8814406011785779,14
pre_rope,q,4,14,14,0.8300519202436719,14
pre_rope,q,4,14,15,0.8179891364915031,14
pre_rope,q,4,14,16,0.8552914644990649,14
pre_rope,q,4,14,17,0.8397410086223057,14
pre_rope,q,4,14,18,0.8049375074250358,14
pre_rope,q,4,14,19,0.8293837564332145,14
pre_rope,q,4,14,20,0.8403345218726567,14
pre_rope,q,4,14,21,0.8852903842926025,14
pre_rope,q,4,14,22,0.8302076416356223,14
pre_rope,q,4,14,23,0.8148878514766693,14
pre_rope,q,4,14,24,0.8785339551312583,14
pre_rope,q,4,14,25,0.9051595457962581,14
pre_rope,q,4,14,26,0.8950650691986084,14
pre_rope,q,4,14,27,0.8246545365878514,14
pre_rope,q,4,15,-1,0.8667623358113425,392
pre_rope,q,4,15,0,0.8961232943194253,14
pre_rope,q,4,15,1,0.8470146613461631,14
pre_rope,q,4,15,2,0.8980596320969718,14
pre_rope,q,4,15,3,0.9083047807216644,14
pre_rope,q,4,15,4,0.8707357091563088,14
pre_rope,q,4,15,5,0.8956597362245832,14
pre_rope,q,4,15,6,0.8828142881393433,14
pre_rope,q,4,15,7,0.8855379862444741,14
pre_rope,q,4,15,8,0.9284152345997947,14
pre_rope,q,4,15,9,0.9174791361604419,14
pre_rope,q,4,15,10,0.9588771121842521,14
pre_rope,q,4,15,11,0.9377413775239672,14
pre_rope,q,4,15,12,0.9299006589821407,14
pre_rope,q,4,15,13,0.9223353777612958,14
pre_rope,q,4,15,14,0.7865990230015346,14
pre_rope,q,4,15,15,0.8009087656225476,14
pre_rope,q,4,15,16,0.8631486509527478,14
pre_rope,q,4,15,17,0.8790497779846191,14
pre_rope,q,4,15,18,0.7251788079738617,14
pre_rope,q,4,15,19,0.8608057200908661,14
pre_rope,q,4,15,20,0.760455208165305,14
pre_rope,q,4,15,21,0.8913608619144985,14
pre_rope,q,4,15,22,0.8689794199807304,14
pre_rope,q,4,15,23,0.8433077250208173,14
pre_rope,q,4,15,24,0.7369480729103088,14
pre_rope,q,4,15,25,0.812467736857278,14
pre_rope,q,4,15,26,0.921204034771238,14
pre_rope,q,4,15,27,0.8399331271648407,14
pre_rope,q,4,16,-1,0.8096070034163338,392
pre_rope,q,4,16,0,0.8138196468353271,14
pre_rope,q,4,16,1,0.8030332199164799,14
pre_rope,q,4,16,2,0.8305739419800895,14
pre_rope,q,4,16,3,0.8035293221473694,14
pre_rope,q,4,16,4,0.8305559158325195,14
pre_rope,q,4,16,5,0.8215270808764866,14
pre_rope,q,4,16,6,0.8097186131136758,14
pre_rope,q,4,16,7,0.7906997544424874,14
pre_rope,q,4,16,8,0.7920157611370087,14
pre_rope,q,4,16,9,0.788983187505177,14
pre_rope,q,4,16,10,0.8613088812146869,14
pre_rope,q,4,16,11,0.8142190447875431,14
pre_rope,q,4,16,12,0.8095449422086988,14
pre_rope,q,4,16,13,0.7686110351766858,14
pre_rope,q,4,16,14,0.7557076684066227,14
pre_rope,q,4,16,15,0.8042009472846985,14
pre_rope,q,4,16,16,0.8249300931181226,14
pre_rope,q,4,16,17,0.800948292016983,14
pre_rope,q,4,16,18,0.8208885746342796,14
pre_rope,q,4,16,19,0.8062673040798732,14
pre_rope,q,4,16,20,0.7853506505489349,14
pre_rope,q,4,16,21,0.8563483868326459,14
pre_rope,q,4,16,22,0.8088958944593158,14
pre_rope,q,4,16,23,0.8487081357410976,14
pre_rope,q,4,16,24,0.8474223358290536,14
pre_rope,q,4,16,25,0.8567165178912026,14
pre_rope,q,4,16,26,0.7608288994857243,14
pre_rope,q,4,16,27,0.7536420438970838,14
pre_rope,q,4,17,-1,0.8088768422603607,392
pre_rope,q,4,17,0,0.8091959825583867,14
pre_rope,q,4,17,1,0.9016766037259784,14
pre_rope,q,4,17,2,0.8754275441169739,14
pre_rope,q,4,17,3,0.8760632191385541,14
pre_rope,q,4,17,4,0.8533288751329694,14
pre_rope,q,4,17,5,0.880101101739066,14
pre_rope,q,4,17,6,0.9092915100710732,14
pre_rope,q,4,17,7,0.7045831595148359,14
pre_rope,q,4,17,8,0.630621035184179,14
pre_rope,q,4,17,9,0.7818563410214016,14
pre_rope,q,4,17,10,0.6413563128028598,14
pre_rope,q,4,17,11,0.832391483443124,14
pre_rope,q,4,17,12,0.8177089265414647,14
pre_rope,q,4,17,13,0.7386606080191476,14
pre_rope,q,4,17,14,0.7718977459839412,14
pre_rope,q,4,17,15,0.7550474107265472,14
pre_rope,q,4,17,16,0.8209606664521354,14
pre_rope,q,4,17,17,0.8163285638604846,14
pre_rope,q,4,17,18,0.7985997710909162,14
pre_rope,q,4,17,19,0.7863849827221462,14
pre_rope,q,4,17,20,0.7717964436326709,14
pre_rope,q,4,17,21,0.8522997881684985,14
pre_rope,q,4,17,22,0.8552286369459969,14
pre_rope,q,4,17,23,0.8777680226734706,14
pre_rope,q,4,17,24,0.7249477420534406,14
pre_rope,q,4,17,25,0.8813479372433254,14
pre_rope,q,4,17,26,0.7927153749125344,14
pre_rope,q,4,17,27,0.8909655213356018,14
pre_rope,q,4,18,-1,0.8641132201467242,392
pre_rope,q,4,18,0,0.8820976870400565,14
pre_rope,q,4,18,1,0.914441147020885,14
pre_rope,q,4,18,2,0.899254002741405,14
pre_rope,q,4,18,3,0.8915477437632424,14
pre_rope,q,4,18,4,0.9145760365894863,14
pre_rope,q,4,18,5,0.90281828386443,14
pre_rope,q,4,18,6,0.8897493481636047,14
pre_rope,q,4,18,7,0.9883534354822976,14
pre_rope,q,4,18,8,0.915510892868042,14
pre_rope,q,4,18,9,0.8913227021694183,14
pre_rope,q,4,18,10,0.6885802447795868,14
pre_rope,q,4,18,11,0.8611959687301091,14
pre_rope,q,4,18,12,0.8710291428225381,14
pre_rope,q,4,18,13,0.8475196829863957,14
pre_rope,q,4,18,14,0.8281747315611158,14
pre_rope,q,4,18,15,0.8513967607702527,14
pre_rope,q,4,18,16,0.8038775793143681,14
pre_rope,q,4,18,17,0.8809364693505424,14
pre_rope,q,4,18,18,0.8217819503375462,14
pre_rope,q,4,18,19,0.8641881559576307,14
pre_rope,q,4,18,20,0.8823065842900958,14
pre_rope,q,4,18,21,0.8738859508718763,14
pre_rope,q,4,18,22,0.9030606022902897,14
pre_rope,q,4,18,23,0.7180490110601697,14
pre_rope,q,4,18,24,0.8697494651590075,14
pre_rope,q,4,18,25,0.8648819965975625,14
pre_rope,q,4,18,26,0.8121148603303092,14
pre_rope,q,4,18,27,0.862769352538245,14
pre_rope,q,4,19,-1,0.8390418546540397,392
pre_rope,q,4,19,0,0.9847132606165749,14
pre_rope,q,4,19,1,0.8316526540688106,14
pre_rope,q,4,19,2,0.8361384570598602,14
pre_rope,q,4,19,3,0.8816260652882713,14
pre_rope,q,4,19,4,0.8106506764888763,14
pre_rope,q,4,19,5,0.8410758716719491,14
pre_rope,q,4,19,6,0.8089606378759656,14
pre_rope,q,4,19,7,0.9150518178939819,14
pre_rope,q,4,19,8,0.8903796545096806,14
pre_rope,q,4,19,9,0.9012906679085323,14
pre_rope,q,4,19,10,0.9020566386835915,14
pre_rope,q,4,19,11,0.8170133786542075,14
pre_rope,q,4,19,12,0.8833887321608407,14
pre_rope,q,4,19,13,0.9067614376544952,14
pre_rope,q,4,19,14,0.8076780310698918,14
pre_rope,q,4,19,15,0.8220147660800389,14
pre_rope,q,4,19,16,0.855867862701416,14
pre_rope,q,4,19,17,0.8125731434140887,14
pre_rope,q,4,19,18,0.8109470776149205,14
pre_rope,q,4,19,19,0.8264788559504918,14
pre_rope,q,4,19,20,0.7775570963110242,14
pre_rope,q,4,19,21,0.8290624277932304,14
pre_rope,q,4,19,22,0.8017732075282505,14
pre_rope,q,4,19,23,0.7453726232051849,14
pre_rope,q,4,19,24,0.8300547429493496,14
pre_rope,q,4,19,25,0.7865132561751774,14
pre_rope,q,4,19,26,0.7745618181569236,14
pre_rope,q,4,19,27,0.8019574923174722,14
pre_rope,q,4,20,-1,0.8451792299747467,392
pre_rope,q,4,20,0,0.9238806664943695,14
pre_rope,q,4,20,1,0.8999335552964892,14
pre_rope,q,4,20,2,0.8480992061751229,14
pre_rope,q,4,20,3,0.8842990611280713,14
pre_rope,q,4,20,4,0.9006600677967072,14
pre_rope,q,4,20,5,0.8378369978496006,14
pre_rope,q,4,20,6,0.9031428396701813,14
pre_rope,q,4,20,7,0.8639149197510311,14
pre_rope,q,4,20,8,0.7250598115580422,14
pre_rope,q,4,20,9,0.7303856440952846,14
pre_rope,q,4,20,10,0.8584749826363155,14
pre_rope,q,4,20,11,0.7923037580081395,14
pre_rope,q,4,20,12,0.8029614303793225,14
pre_rope,q,4,20,13,0.8483126291206905,14
pre_rope,q,4,20,14,0.8532253844397408,14
pre_rope,q,4,20,15,0.8802728652954102,14
pre_rope,q,4,20,16,0.8756244778633118,14
pre_rope,q,4,20,17,0.7970791714532035,14
pre_rope,q,4,20,18,0.8574104692254748,14
pre_rope,q,4,20,19,0.8413672319480351,14
pre_rope,q,4,20,20,0.8832235336303711,14
pre_rope,q,4,20,21,0.8684312530926296,14
pre_rope,q,4,20,22,0.8165453970432281,14
pre_rope,q,4,20,23,0.8451948165893555,14
pre_rope,q,4,20,24,0.8654430551188332,14
pre_rope,q,4,20,25,0.8559834659099579,14
pre_rope,q,4,20,26,0.7719164788722992,14
pre_rope,q,4,20,27,0.8340355796473367,14
pre_rope,q,4,21,-1,0.8553080856800079,392
pre_rope,q,4,21,0,0.8291553812367576,14
pre_rope,q,4,21,1,0.8811744110924857,14
pre_rope,q,4,21,2,0.8610624713557107,14
pre_rope,q,4,21,3,0.8354959402765546,14
pre_rope,q,4,21,4,0.8776347594601768,14
pre_rope,q,4,21,5,0.7884662662233625,14
pre_rope,q,4,21,6,0.8299793771335057,14
pre_rope,q,4,21,7,0.8193637132644653,14
pre_rope,q,4,21,8,0.9070534067494529,14
pre_rope,q,4,21,9,0.9007492065429688,14
pre_rope,q,4,21,10,0.9141619886670794,14
pre_rope,q,4,21,11,0.9185467149530139,14
pre_rope,q,4,21,12,0.9175392687320709,14
pre_rope,q,4,21,13,0.7682488220078605,14
pre_rope,q,4,21,14,0.78317448922566,14
pre_rope,q,4,21,15,0.971030477966581,14
pre_rope,q,4,21,16,0.9031335839203426,14
pre_rope,q,4,21,17,0.7073361320155007,14
pre_rope,q,4,21,18,0.8880220907075065,14
pre_rope,q,4,21,19,0.8212267501013619,14
pre_rope,q,4,21,20,0.8978171646595001,14
pre_rope,q,4,21,21,0.8744349947997502,14
pre_rope,q,4,21,22,0.8600595380578723,14
pre_rope,q,4,21,23,0.826996671301978,14
pre_rope,q,4,21,24,0.8793655208178929,14
pre_rope,q,4,21,25,0.7809234006064278,14
pre_rope,q,4,21,26,0.8745918018477303,14
pre_rope,q,4,21,27,0.831882221358163,14
pre_rope,q,4,22,-1,0.7928425627095359,392
pre_rope,q,4,22,0,0.8016527763434819,14
pre_rope,q,4,22,1,0.759777843952179,14
pre_rope,q,4,22,2,0.7038051720176425,14
pre_rope,q,4,22,3,0.6386153612818036,14
pre_rope,q,4,22,4,0.670136713555881,14
pre_rope,q,4,22,5,0.7065857350826263,14
pre_rope,q,4,22,6,0.7103711834975651,14
pre_rope,q,4,22,7,0.7606755324772426,14
pre_rope,q,4,22,8,0.8052729879106794,14
pre_rope,q,4,22,9,0.8268941129956927,14
pre_rope,q,4,22,10,0.802325610603605,14
pre_rope,q,4,22,11,0.8228296296937125,14
pre_rope,q,4,22,12,0.8150484561920166,14
pre_rope,q,4,22,13,0.8096193586077008,14
pre_rope,q,4,22,14,0.8746096619537899,14
pre_rope,q,4,22,15,0.8688925674983433,14
pre_rope,q,4,22,16,0.8321867457457951,14
pre_rope,q,4,22,17,0.8569415296827044,14
pre_rope,q,4,22,18,0.8798876915659223,14
pre_rope,q,4,22,19,0.8439588163580213,14
pre_rope,q,4,22,20,0.8367342395441872,14
pre_rope,q,4,22,21,0.7710406311920711,14
pre_rope,q,4,22,22,0.7825552778584617,14
pre_rope,q,4,22,23,0.8353642565863473,14
pre_rope,q,4,22,24,0.7796430800642286,14
pre_rope,q,4,22,25,0.8107876607349941,14
pre_rope,q,4,22,26,0.799473204783031,14
pre_rope,q,4,22,27,0.7939059776919228,14
pre_rope,q,4,23,-1,0.8245195831571307,392
pre_rope,q,4,23,0,0.8964420514447349,14
pre_rope,q,4,23,1,0.8805184449468341,14
pre_rope,q,4,23,2,0.8757353382451194,14
pre_rope,q,4,23,3,0.8754146567412785,14
pre_rope,q,4,23,4,0.8969901544707162,14
pre_rope,q,4,23,5,0.868432240826743,14
pre_rope,q,4,23,6,0.8537822834083012,14
pre_rope,q,4,23,7,0.8330764898232051,14
pre_rope,q,4,23,8,0.7754517878804889,14
pre_rope,q,4,23,9,0.7437313624790737,14
pre_rope,q,4,23,10,0.8132832901818412,14
pre_rope,q,4,23,11,0.7222101305212293,14
pre_rope,q,4,23,12,0.7157910934516362,14
pre_rope,q,4,23,13,0.7126443258353642,14
pre_rope,q,4,23,14,0.775330479655947,14
pre_rope,q,4,23,15,0.7608842125960759,14
pre_rope,q,4,23,16,0.7978004600320544,14
pre_rope,q,4,23,17,0.8168361357280186,14
pre_rope,q,4,23,18,0.8078929569040026,14
pre_rope,q,4,23,19,0.7668547247137342,14
pre_rope,q,4,23,20,0.7832534057753426,14
pre_rope,q,4,23,21,0.8807588985988072,14
pre_rope,q,4,23,22,0.9055313553128924,14
pre_rope,q,4,23,23,0.8724400613989148,14
pre_rope,q,4,23,24,0.8752522425992149,14
pre_rope,q,4,23,25,0.8086820329938617,14
pre_rope,q,4,23,26,0.8845149278640747,14
pre_rope,q,4,23,27,0.887013064963477,14
pre_rope,q,4,24,-1,0.8401816998209272,392
pre_rope,q,4,24,0,0.8716936537197658,14
pre_rope,q,4,24,1,0.9271455321993146,14
pre_rope,q,4,24,2,0.9084098168781826,14
pre_rope,q,4,24,3,0.8328789983476911,14
pre_rope,q,4,24,4,0.9086005943162101,14
pre_rope,q,4,24,5,0.9113610301698957,14
pre_rope,q,4,24,6,0.9147756227425167,14
pre_rope,q,4,24,7,0.7858677293573108,14
pre_rope,q,4,24,8,0.7907250395842961,14
pre_rope,q,4,24,9,0.859034321137837,14
pre_rope,q,4,24,10,0.80548038652965,14
pre_rope,q,4,24,11,0.785781707082476,14
pre_rope,q,4,24,12,0.814352708203452,14
pre_rope,q,4,24,13,0.7228692471981049,14
pre_rope,q,4,24,14,0.9045203583581107,14
pre_rope,q,4,24,15,0.8851345649787358,14
pre_rope,q,4,24,16,0.8918878648962293,14
pre_rope,q,4,24,17,0.8636483933244433,14
pre_rope,q,4,24,18,0.8512097384248462,14
pre_rope,q,4,24,19,0.8685081260544913,14
pre_rope,q,4,24,20,0.891207754611969,14
pre_rope,q,4,24,21,0.7406042175633567,14
pre_rope,q,4,24,22,0.8120724814278739,14
pre_rope,q,4,24,23,0.7767847691263471,14
pre_rope,q,4,24,24,0.7969216959817069,14
pre_rope,q,4,24,25,0.8220805483204978,14
pre_rope,q,4,24,26,0.8002681902476719,14
pre_rope,q,4,24,27,0.7812629342079163,14
pre_rope,q,4,25,-1,0.8287278626646314,392
pre_rope,q,4,25,0,0.8420901766845158,14
pre_rope,q,4,25,1,0.8236646907670158,14
pre_rope,q,4,25,2,0.8762643252100263,14
pre_rope,q,4,25,3,0.8784510110105787,14
pre_rope,q,4,25,4,0.8109110721520015,14
pre_rope,q,4,25,5,0.8601032069751194,14
pre_rope,q,4,25,6,0.8428927745137896,14
pre_rope,q,4,25,7,0.8059419563838414,14
pre_rope,q,4,25,8,0.7887733834130424,14
pre_rope,q,4,25,9,0.7959815178598676,14
pre_rope,q,4,25,10,0.7878390976360866,14
pre_rope,q,4,25,11,0.813012855393546,14
pre_rope,q,4,25,12,0.716290295124054,14
pre_rope,q,4,25,13,0.7948783423219409,14
pre_rope,q,4,25,14,0.8624217893396106,14
pre_rope,q,4,25,15,0.7077096019472394,14
pre_rope,q,4,25,16,0.9246253839560917,14
pre_rope,q,4,25,17,0.8583814970084599,14
pre_rope,q,4,25,18,0.8871784593377795,14
pre_rope,q,4,25,19,0.8666095307895115,14
pre_rope,q,4,25,20,0.765703056539808,14
pre_rope,q,4,25,21,0.8887543976306915,14
pre_rope,q,4,25,22,0.8840808868408203,14
pre_rope,q,4,25,23,0.8134637134415763,14
pre_rope,q,4,25,24,0.8412899502686092,14
pre_rope,q,4,25,25,0.7166900634765625,14
pre_rope,q,4,25,26,0.8690614785466876,14
pre_rope,q,4,25,27,0.8813157422201974,14
pre_rope,q,4,26,-1,0.775976266179766,392
pre_rope,q,4,26,0,0.7454956940242222,14
pre_rope,q,4,26,1,0.7924365401268005,14
pre_rope,q,4,26,2,0.7855207792350224,14
pre_rope,q,4,26,3,0.7884160705975124,14
pre_rope,q,4,26,4,0.7730256233896527,14
pre_rope,q,4,26,5,0.7684222842965808,14
pre_rope,q,4,26,6,0.7903011696679252,14
pre_rope,q,4,26,7,0.706411538379533,14
pre_rope,q,4,26,8,0.8834153711795807,14
pre_rope,q,4,26,9,0.7399045697280339,14
pre_rope,q,4,26,10,0.7885258027485439,14
pre_rope,q,4,26,11,0.7956943256514413,14
pre_rope,q,4,26,12,0.8513453432491848,14
pre_rope,q,4,26,13,0.673995533159801,14
pre_rope,q,4,26,14,0.7117961432252612,14
pre_rope,q,4,26,15,0.7253317960671016,14
pre_rope,q,4,26,16,0.7524615441049848,14
pre_rope,q,4,26,17,0.8175931147166661,14
pre_rope,q,4,26,18,0.8008645517485482,14
pre_rope,q,4,26,19,0.8016174733638763,14
pre_rope,q,4,26,20,0.8436997830867767,14
pre_rope,q,4,26,21,0.7686968871525356,14
pre_rope,q,4,26,22,0.742983490228653,14
pre_rope,q,4,26,23,0.7559572969164167,14
pre_rope,q,4,26,24,0.7905183179037911,14
pre_rope,q,4,26,25,0.7119597111429486,14
pre_rope,q,4,26,26,0.8721678597586495,14
pre_rope,q,4,26,27,0.7487766146659851,14
pre_rope,q,4,27,-1,0.7508517248289925,392
pre_rope,q,4,27,0,0.8022247297423226,14
pre_rope,q,4,27,1,0.7955035993031093,14
pre_rope,q,4,27,2,0.7630624387945447,14
pre_rope,q,4,27,3,0.7968069016933441,14
pre_rope,q,4,27,4,0.7960702478885651,14
pre_rope,q,4,27,5,0.7941347403185708,14
pre_rope,q,4,27,6,0.7151836795466286,14
pre_rope,q,4,27,7,0.5648275145462581,14
pre_rope,q,4,27,8,0.7227613159588405,14
pre_rope,q,4,27,9,0.720199316740036,14
pre_rope,q,4,27,10,0.9110048711299896,14
pre_rope,q,4,27,11,0.5551451167890004,14
pre_rope,q,4,27,12,0.9400714976446969,14
pre_rope,q,4,27,13,0.9106011135237557,14
pre_rope,q,4,27,14,0.6758151331118175,14
pre_rope,q,4,27,15,0.6614200089659009,14
pre_rope,q,4,27,16,0.7168734839984349,14
pre_rope,q,4,27,17,0.7472547505583081,14
pre_rope,q,4,27,18,0.685547262430191,14
pre_rope,q,4,27,19,0.7428896682603019,14
pre_rope,q,4,27,20,0.6528359204530716,14
pre_rope,q,4,27,21,0.7526981660297939,14
pre_rope,q,4,27,22,0.7458141020366124,14
pre_rope,q,4,27,23,0.7517739236354828,14
pre_rope,q,4,27,24,0.7271967019353595,14
pre_rope,q,4,27,25,0.8386437509741101,14
pre_rope,q,4,27,26,0.7781746089458466,14
pre_rope,q,4,27,27,0.7593141070434025,14
pre_rope,q,8,0,-1,0.8502418994903564,168
pre_rope,q,8,0,0,0.7434016217788061,6
pre_rope,q,8,0,1,0.843745619058609,6
pre_rope,q,8,0,2,0.6949654916922251,6
pre_rope,q,8,0,3,0.7366647223631541,6
pre_rope,q,8,0,4,0.7685530583063761,6
pre_rope,q,8,0,5,0.870680699745814,6
pre_rope,q,8,0,6,0.9127333064874014,6
pre_rope,q,8,0,7,0.829045573870341,6
pre_rope,q,8,0,8,0.8303144872188568,6
pre_rope,q,8,0,9,0.846588929494222,6
pre_rope,q,8,0,10,0.7378762016693751,6
pre_rope,q,8,0,11,0.8374060392379761,6
pre_rope,q,8,0,12,0.8306927184263865,6
pre_rope,q,8,0,13,0.8005725840727488,6
pre_rope,q,8,0,14,0.9452327887217203,6
pre_rope,q,8,0,15,0.9915794531504313,6
pre_rope,q,8,0,16,0.8684046566486359,6
pre_rope,q,8,0,17,0.8415830135345459,6
pre_rope,q,8,0,18,0.9036522607008616,6
pre_rope,q,8,0,19,0.8808433711528778,6
pre_rope,q,8,0,20,0.8161893089612325,6
pre_rope,q,8,0,21,0.8925066490968069,6
pre_rope,q,8,0,22,0.6931937436262766,6
pre_rope,q,8,0,23,0.944343626499176,6
pre_rope,q,8,0,24,0.9228400786717733,6
pre_rope,q,8,0,25,0.9507807493209839,6
pre_rope,q,8,0,26,0.9235733052094778,6
pre_rope,q,8,0,27,0.9488084614276886,6
pre_rope,q,8,1,-1,0.8414743940035502,168
pre_rope,q,8,1,0,0.9462275008360544,6
pre_rope,q,8,1,1,0.946622222661972,6
pre_rope,q,8,1,2,0.882178376118342,6
pre_rope,q,8,1,3,0.9216552078723907,6
pre_rope,q,8,1,4,0.9149996042251587,6
pre_rope,q,8,1,5,0.8913382987181345,6
pre_rope,q,8,1,6,0.8959095080693563,6
pre_rope,q,8,1,7,0.7616287966569265,6
pre_rope,q,8,1,8,0.771679033835729,6
pre_rope,q,8,1,9,0.9146229128042856,6
pre_rope,q,8,1,10,0.8810429175694784,6
pre_rope,q,8,1,11,0.8281897306442261,6
pre_rope,q,8,1,12,0.8304478526115417,6
pre_rope,q,8,1,13,0.8561019202073415,6
pre_rope,q,8,1,14,0.6930821339289347,6
pre_rope,q,8,1,15,0.8295131325721741,6
pre_rope,q,8,1,16,0.8042137722174326,6
pre_rope,q,8,1,17,0.8561928570270538,6
pre_rope,q,8,1,18,0.607798104484876,6
pre_rope,q,8,1,19,0.7026988168557485,6
pre_rope,q,8,1,20,0.7817552288373312,6
pre_rope,q,8,1,21,0.9339282910029093,6
pre_rope,q,8,1,22,0.8863332768281301,6
pre_rope,q,8,1,23,0.8991928895314535,6
pre_rope,q,8,1,24,0.8092987537384033,6
pre_rope,q,8,1,25,0.8232337633768717,6
pre_rope,q,8,1,26,0.907137910525004,6
pre_rope,q,8,1,27,0.7842587033907572,6
pre_rope,q,8,2,-1,0.7771740853786469,168
pre_rope,q,8,2,0,0.881335179011027,6
pre_rope,q,8,2,1,0.8269170224666595,6
pre_rope,q,8,2,2,0.8705722192923228,6
pre_rope,q,8,2,3,0.9061246514320374,6
pre_rope,q,8,2,4,0.7041851778825124,6
pre_rope,q,8,2,5,0.8668695092201233,6
pre_rope,q,8,2,6,0.9100493987401327,6
pre_rope,q,8,2,7,0.7499324878056844,6
pre_rope,q,8,2,8,0.7657571534315745,6
pre_rope,q,8,2,9,0.7271153728167216,6
pre_rope,q,8,2,10,0.7950354317824045,6
pre_rope,q,8,2,11,0.7559229632218679,6
pre_rope,q,8,2,12,0.7999050120512644,6
pre_rope,q,8,2,13,0.7363799313704172,6
pre_rope,q,8,2,14,0.7598027487595876,6
pre_rope,q,8,2,15,0.6815331180890402,6
pre_rope,q,8,2,16,0.8222854733467102,6
pre_rope,q,8,2,17,0.8034545481204987,6
pre_rope,q,8,2,18,0.7623201906681061,6
pre_rope,q,8,2,19,0.7408453623453776,6
pre_rope,q,8,2,20,0.7917385896046957,6
pre_rope,q,8,2,21,0.8843120535214742,6
pre_rope,q,8,2,22,0.5807667374610901,6
pre_rope,q,8,2,23,0.7962536811828613,6
pre_rope,q,8,2,24,0.7889316181341807,6
pre_rope,q,8,2,25,0.6763613224029541,6
pre_rope,q,8,2,26,0.5858124196529388,6
pre_rope,q,8,2,27,0.790354589621226,6
pre_rope,q,8,3,-1,0.7726343472798666,168
pre_rope,q,8,3,0,0.671326200167338,6
pre_rope,q,8,3,1,0.7665888766447703,6
pre_rope,q,8,3,2,0.7343045572439829,6
pre_rope,q,8,3,3,0.8412064909934998,6
pre_rope,q,8,3,4,0.7211117843786875,6
pre_rope,q,8,3,5,0.7322277228037516,6
pre_rope,q,8,3,6,0.7812629143397013,6
pre_rope,q,8,3,7,0.92579185962677,6
pre_rope,q,8,3,8,0.5773443480332693,6
pre_rope,q,8,3,9,0.8280344605445862,6
pre_rope,q,8,3,10,0.9351988335450491,6
pre_rope,q,8,3,11,0.8046999971071879,6
pre_rope,q,8,3,12,0.7573255101839701,6
pre_rope,q,8,3,13,0.6933808227380117,6
pre_rope,q,8,3,14,0.8825759291648865,6
pre_rope,q,8,3,15,0.8057298163572947,6
pre_rope,q,8,3,16,0.8036125799020132,6
pre_rope,q,8,3,17,0.7662254869937897,6
pre_rope,q,8,3,18,0.8190579116344452,6
pre_rope,q,8,3,19,0.8332817852497101,6
pre_rope,q,8,3,20,0.838568796714147,6
pre_rope,q,8,3,21,0.7433678408463796,6
pre_rope,q,8,3,22,0.6492045621077219,6
pre_rope,q,8,3,23,0.7390627960364023,6
pre_rope,q,8,3,24,0.7358449796835581,6
pre_rope,q,8,3,25,0.7265647252400717,6
pre_rope,q,8,3,26,0.7542895476023356,6
pre_rope,q,8,3,27,0.7665702601273855,6
pre_rope,q,8,4,-1,0.8867811659971873,168
pre_rope,q,8,4,0,0.9081038534641266,6
pre_rope,q,8,4,1,0.8882815539836884,6
pre_rope,q,8,4,2,0.9208124677340189,6
pre_rope,q,8,4,3,0.8950254519780477,6
pre_rope,q,8,4,4,0.9192213416099548,6
pre_rope,q,8,4,5,0.858478864034017,6
pre_rope,q,8,4,6,0.8991590142250061,6
pre_rope,q,8,4,7,0.7617572247982025,6
pre_rope,q,8,4,8,0.8616958955923716,6
pre_rope,q,8,4,9,0.8915645182132721,6
pre_rope,q,8,4,10,0.8432859778404236,6
pre_rope,q,8,4,11,0.9049733777840933,6
pre_rope,q,8,4,12,0.9069161216417948,6
pre_rope,q,8,4,13,0.7845942874749502,6
pre_rope,q,8,4,14,0.9358380933602651,6
pre_rope,q,8,4,15,0.9237267971038818,6
pre_rope,q,8,4,16,0.9080178538958231,6
pre_rope,q,8,4,17,0.7533444364865621,6
pre_rope,q,8,4,18,0.8835678398609161,6
pre_rope,q,8,4,19,0.9097941617170969,6
pre_rope,q,8,4,20,0.8719676534334818,6
pre_rope,q,8,4,21,0.9233513375123342,6
pre_rope,q,8,4,22,0.9293886423110962,6
pre_rope,q,8,4,23,0.9463410476843516,6
pre_rope,q,8,4,24,0.8751534322897593,6
pre_rope,q,8,4,25,0.9330089886983236,6
pre_rope,q,8,4,26,0.8691671590010325,6
pre_rope,q,8,4,27,0.923335591952006,6
pre_rope,q,8,5,-1,0.8494834204514822,168
pre_rope,q,8,5,0,0.8956620097160339,6
pre_rope,q,8,5,1,0.9068749745686849,6
pre_rope,q,8,5,2,0.9009837806224823,6
pre_rope,q,8,5,3,0.9048491915067037,6
pre_rope,q,8,5,4,0.9282877941926321,6
pre_rope,q,8,5,5,0.7866102258364359,6
pre_rope,q,8,5,6,0.8302484254042307,6
pre_rope,q,8,5,7,0.8827119568983713,6
pre_rope,q,8,5,8,0.8005305627981821,6
pre_rope,q,8,5,9,0.889740655819575,6
pre_rope,q,8,5,10,0.8546492656071981,6
pre_rope,q,8,5,11,0.6531442503134409,6
pre_rope,q,8,5,12,0.8896827399730682,6
pre_rope,q,8,5,13,0.8338710268338522,6
pre_rope,q,8,5,14,0.8615221679210663,6
pre_rope,q,8,5,15,0.8076115846633911,6
pre_rope,q,8,5,16,0.8685838977495829,6
pre_rope,q,8,5,17,0.7865269084771475,6
pre_rope,q,8,5,18,0.7141909797986349,6
pre_rope,q,8,5,19,0.7110822399457296,6
pre_rope,q,8,5,20,0.7339139779408773,6
pre_rope,q,8,5,21,0.8007399141788483,6
pre_rope,q,8,5,22,0.9316201905409495,6
pre_rope,q,8,5,23,0.9320013225078583,6
pre_rope,q,8,5,24,0.9307985206445059,6
pre_rope,q,8,5,25,0.903816690047582,6
pre_rope,q,8,5,26,0.9154146810372671,6
pre_rope,q,8,5,27,0.9298658271630605,6
pre_rope,q,8,6,-1,0.8881828784942627,168
pre_rope,q,8,6,0,0.9282987515131632,6
pre_rope,q,8,6,1,0.9338697095712026,6
pre_rope,q,8,6,2,0.9322387675444285,6
pre_rope,q,8,6,3,0.928412139415741,6
pre_rope,q,8,6,4,0.9246263901392618,6
pre_rope,q,8,6,5,0.9096002380053202,6
pre_rope,q,8,6,6,0.9740704198678335,6
pre_rope,q,8,6,7,0.8833035429318746,6
pre_rope,q,8,6,8,0.9036196072896322,6
pre_rope,q,8,6,9,0.9017491141955057,6
pre_rope,q,8,6,10,0.7789688110351562,6
pre_rope,q,8,6,11,0.8767889638741811,6
pre_rope,q,8,6,12,0.8552625974019369,6
pre_rope,q,8,6,13,0.8900922934214274,6
pre_rope,q,8,6,14,0.8850294351577759,6
pre_rope,q,8,6,15,0.9193318982919058,6
pre_rope,q,8,6,16,0.8555828730265299,6
pre_rope,q,8,6,17,0.719567875067393,6
pre_rope,q,8,6,18,0.7986946006615957,6
pre_rope,q,8,6,19,0.9318825304508209,6
pre_rope,q,8,6,20,0.9362743496894836,6
pre_rope,q,8,6,21,0.9041832188765208,6
pre_rope,q,8,6,22,0.8934383491675059,6
pre_rope,q,8,6,23,0.8164976239204407,6
pre_rope,q,8,6,24,0.9031151632467905,6
pre_rope,q,8,6,25,0.8746592899163564,6
pre_rope,q,8,6,26,0.885313351949056,6
pre_rope,q,8,6,27,0.9246494174003601,6
pre_rope,q,8,7,-1,0.8411698838075002,168
pre_rope,q,8,7,0,0.8642361164093018,6
pre_rope,q,8,7,1,0.8643227517604828,6
pre_rope,q,8,7,2,0.8073834975560507,6
pre_rope,q,8,7,3,0.9142431716124216,6
pre_rope,q,8,7,4,0.8754485646883646,6
pre_rope,q,8,7,5,0.8702966173489889,6
pre_rope,q,8,7,6,0.6575489441553751,6
pre_rope,q,8,7,7,0.8415008286635081,6
pre_rope,q,8,7,8,0.89212566614151,6
pre_rope,q,8,7,9,0.8985930979251862,6
pre_rope,q,8,7,10,0.77012832959493,6
pre_rope,q,8,7,11,0.8973326683044434,6
pre_rope,q,8,7,12,0.9093799491723379,6
pre_rope,q,8,7,13,0.9050534168879191,6
pre_rope,q,8,7,14,0.8457196255524954,6
pre_rope,q,8,7,15,0.7081552942593893,6
pre_rope,q,8,7,16,0.8781003256638845,6
pre_rope,q,8,7,17,0.8612670302391052,6
pre_rope,q,8,7,18,0.8555964628855387,6
pre_rope,q,8,7,19,0.7976263562838236,6
pre_rope,q,8,7,20,0.8758263687292734,6
pre_rope,q,8,7,21,0.8580218553543091,6
pre_rope,q,8,7,22,0.7764993806680044,6
pre_rope,q,8,7,23,0.7602867384751638,6
pre_rope,q,8,7,24,0.794082393248876,6
pre_rope,q,8,7,25,0.8630336622397105,6
pre_rope,q,8,7,26,0.8652845124403635,6
pre_rope,q,8,7,27,0.845663825670878,6
pre_rope,q,8,8,-1,0.8828502694765726,168
pre_rope,q,8,8,0,0.921108474334081,6
pre_rope,q,8,8,1,0.9280495544274648,6
pre_rope,q,8,8,2,0.8986940880616506,6
pre_rope,q,8,8,3,0.8732426365216573,6
pre_rope,q,8,8,4,0.8385928869247437,6
pre_rope,q,8,8,5,0.9216530124346415,6
pre_rope,q,8,8,6,0.9076997439066569,6
pre_rope,q,8,8,7,0.9189731379350027,6
pre_rope,q,8,8,8,0.9208561877409617,6
pre_rope,q,8,8,9,0.9362484415372213,6
pre_rope,q,8,8,10,0.9393445551395416,6
pre_rope,q,8,8,11,0.9110293984413147,6
pre_rope,q,8,8,12,0.9238463739554087,6
pre_rope,q,8,8,13,0.8862200578053793,6
pre_rope,q,8,8,14,0.9099621176719666,6
pre_rope,q,8,8,15,0.9039802749951681,6
pre_rope,q,8,8,16,0.9207330743471781,6
pre_rope,q,8,8,17,0.902567575375239,6
pre_rope,q,8,8,18,0.9142506321271261,6
pre_rope,q,8,8,19,0.9159130056699117,6
pre_rope,q,8,8,20,0.9021135767300924,6
pre_rope,q,8,8,21,0.8777675032615662,6
pre_rope,q,8,8,22,0.723190704981486,6
pre_rope,q,8,8,23,0.7525140941143036,6
pre_rope,q,8,8,24,0.8399485647678375,6
pre_rope,q,8,8,25,0.8427080710728964,6
pre_rope,q,8,8,26,0.8239688376585642,6
pre_rope,q,8,8,27,0.7646312018235525,6
pre_rope,q,8,9,-1,0.8109611173470815,168
pre_rope,q,8,9,0,0.8286534249782562,6
pre_rope,q,8,9,1,0.8584165771802267,6
pre_rope,q,8,9,2,0.7498054603735606,6
pre_rope,q,8,9,3,0.8026670316855112,6
pre_rope,q,8,9,4,0.8314180870850881,6
pre_rope,q,8,9,5,0.8724002242088318,6
pre_rope,q,8,9,6,0.901395191748937,6
pre_rope,q,8,9,7,0.8589589794476827,6
pre_rope,q,8,9,8,0.6050738841295242,6
pre_rope,q,8,9,9,0.8385568261146545,6
pre_rope,q,8,9,10,0.7942444185415903,6
pre_rope,q,8,9,11,0.795423706372579,6
pre_rope,q,8,9,12,0.8751073280970255,6
pre_rope,q,8,9,13,0.8394410709540049,6
pre_rope,q,8,9,14,0.8710544109344482,6
pre_rope,q,8,9,15,0.8094200988610586,6
pre_rope,q,8,9,16,0.8738612532615662,6
pre_rope,q,8,9,17,0.7810462911923727,6
pre_rope,q,8,9,18,0.6904765466849009,6
pre_rope,q,8,9,19,0.6749019821484884,6
pre_rope,q,8,9,20,0.8349096377690634,6
pre_rope,q,8,9,21,0.8408100605010986,6
pre_rope,q,8,9,22,0.7723082602024078,6
pre_rope,q,8,9,23,0.77907262245814,6
pre_rope,q,8,9,24,0.8566051026185354,6
pre_rope,q,8,9,25,0.7857378919919332,6
pre_rope,q,8,9,26,0.8462977806727091,6
pre_rope,q,8,9,27,0.8388462762037913,6
pre_rope,q,8,10,-1,0.9024916688601176,168
pre_rope,q,8,10,0,0.8252907594045004,6
pre_rope,q,8,10,1,0.9395068486531576,6
pre_rope,q,8,10,2,0.7395467261473337,6
pre_rope,q,8,10,3,0.9383854369322459,6
pre_rope,q,8,10,4,0.922275165716807,6
pre_rope,q,8,10,5,0.9540552496910095,6
pre_rope,q,8,10,6,0.7996053894360861,6
pre_rope,q,8,10,7,0.9180141886075338,6
pre_rope,q,8,10,8,0.9111589193344116,6
pre_rope,q,8,10,9,0.9089138607184092,6
pre_rope,q,8,10,10,0.8990106483300527,6
pre_rope,q,8,10,11,0.8771166106065115,6
pre_rope,q,8,10,12,0.9042820334434509,6
pre_rope,q,8,10,13,0.9049554268519083,6
pre_rope,q,8,10,14,0.9459503988424937,6
pre_rope,q,8,10,15,0.9475465416908264,6
pre_rope,q,8,10,16,0.9488526185353597,6
pre_rope,q,8,10,17,0.9422710835933685,6
pre_rope,q,8,10,18,0.9258057872454325,6
pre_rope,q,8,10,19,0.9339399834473928,6
pre_rope,q,8,10,20,0.8888068795204163,6
pre_rope,q,8,10,21,0.9174848596254984,6
pre_rope,q,8,10,22,0.914992610613505,6
pre_rope,q,8,10,23,0.9138226409753164,6
pre_rope,q,8,10,24,0.8262364367643992,6
pre_rope,q,8,10,25,0.907204657793045,6
pre_rope,q,8,10,26,0.9152701000372568,6
pre_rope,q,8,10,27,0.8994646569093069,6
pre_rope,q,8,11,-1,0.8867200911045074,168
pre_rope,q,8,11,0,0.8910350501537323,6
pre_rope,q,8,11,1,0.9591142137845358,6
pre_rope,q,8,11,2,0.9324489931265513,6
pre_rope,q,8,11,3,0.9308080971240997,6
pre_rope,q,8,11,4,0.9494301080703735,6
pre_rope,q,8,11,5,0.9287752409776052,6
pre_rope,q,8,11,6,0.9367741644382477,6
pre_rope,q,8,11,7,0.8942433396975199,6
pre_rope,q,8,11,8,0.7391038437684377,6
pre_rope,q,8,11,9,0.9081686933835348,6
pre_rope,q,8,11,10,0.9094633360703787,6
pre_rope,q,8,11,11,0.8889835675557455,6
pre_rope,q,8,11,12,0.7987972795963287,6
pre_rope,q,8,11,13,0.914301872253418,6
pre_rope,q,8,11,14,0.8962558507919312,6
pre_rope,q,8,11,15,0.9001102248827616,6
pre_rope,q,8,11,16,0.8580501278241476,6
pre_rope,q,8,11,17,0.8908186058203379,6
pre_rope,q,8,11,18,0.8865939776102701,6
pre_rope,q,8,11,19,0.8990105291207632,6
pre_rope,q,8,11,20,0.9000431696573893,6
pre_rope,q,8,11,21,0.8753915429115295,6
pre_rope,q,8,11,22,0.8886728485425314,6
pre_rope,q,8,11,23,0.84793687860171,6
pre_rope,q,8,11,24,0.7936488687992096,6
pre_rope,q,8,11,25,0.8892470300197601,6
pre_rope,q,8,11,26,0.8573468029499054,6
pre_rope,q,8,11,27,0.863587905963262,6
pre_rope,q,8,12,-1,0.8482763171195984,168
pre_rope,q,8,12,0,0.869637002547582,6
pre_rope,q,8,12,1,0.8635949889818827,6
pre_rope,q,8,12,2,0.785953164100647,6
pre_rope,q,8,12,3,0.8856487274169922,6
pre_rope,q,8,12,4,0.8753926257292429,6
pre_rope,q,8,12,5,0.8435541192690531,6
pre_rope,q,8,12,6,0.7952324052651724,6
pre_rope,q,8,12,7,0.7408798734347025,6
pre_rope,q,8,12,8,0.8795307179292043,6
pre_rope,q,8,12,9,0.8516302009423574,6
pre_rope,q,8,12,10,0.8940916657447815,6
pre_rope,q,8,12,11,0.912745346625646,6
pre_rope,q,8,12,12,0.8561174472173055,6
pre_rope,q,8,12,13,0.886706938346227,6
pre_rope,q,8,12,14,0.8434432446956635,6
pre_rope,q,8,12,15,0.8052802185217539,6
pre_rope,q,8,12,16,0.7670048375924429,6
pre_rope,q,8,12,17,0.7842820684115092,6
pre_rope,q,8,12,18,0.8413410286108652,6
pre_rope,q,8,12,19,0.7861159642537435,6
pre_rope,q,8,12,20,0.7307812968889872,6
pre_rope,q,8,12,21,0.8979817032814026,6
pre_rope,q,8,12,22,0.9251742859681448,6
pre_rope,q,8,12,23,0.8925818900267283,6
pre_rope,q,8,12,24,0.802645186583201,6
pre_rope,q,8,12,25,0.9173173308372498,6
pre_rope,q,8,12,26,0.9073497255643209,6
pre_rope,q,8,12,27,0.9097230732440948,6
pre_rope,q,8,13,-1,0.8347484270731608,168
pre_rope,q,8,13,0,0.8366698920726776,6
pre_rope,q,8,13,1,0.8301268517971039,6
pre_rope,q,8,13,2,0.8689793050289154,6
pre_rope,q,8,13,3,0.8161037762959799,6
pre_rope,q,8,13,4,0.7982904513676962,6
pre_rope,q,8,13,5,0.840134878953298,6
pre_rope,q,8,13,6,0.7903193434079488,6
pre_rope,q,8,13,7,0.9273897409439087,6
pre_rope,q,8,13,8,0.8424814144770304,6
pre_rope,q,8,13,9,0.8970728814601898,6
pre_rope,q,8,13,10,0.922368069489797,6
pre_rope,q,8,13,11,0.7007217158873876,6
pre_rope,q,8,13,12,0.8289877076943716,6
pre_rope,q,8,13,13,0.9137508968512217,6
pre_rope,q,8,13,14,0.8512602150440216,6
pre_rope,q,8,13,15,0.8522945741812388,6
pre_rope,q,8,13,16,0.8217984040578207,6
pre_rope,q,8,13,17,0.8250702718893687,6
pre_rope,q,8,13,18,0.7926962673664093,6
pre_rope,q,8,13,19,0.7998725871245066,6
pre_rope,q,8,13,20,0.8126832544803619,6
pre_rope,q,8,13,21,0.8453122476736704,6
pre_rope,q,8,13,22,0.8497963150342306,6
pre_rope,q,8,13,23,0.8416193028291067,6
pre_rope,q,8,13,24,0.8095690508683523,6
pre_rope,q,8,13,25,0.8027336796124777,6
pre_rope,q,8,13,26,0.811830480893453,6
pre_rope,q,8,13,27,0.8430217305819193,6
pre_rope,q,8,14,-1,0.8099687298138937,168
pre_rope,q,8,14,0,0.7160650392373403,6
pre_rope,q,8,14,1,0.7509241700172424,6
pre_rope,q,8,14,2,0.7596232493718466,6
pre_rope,q,8,14,3,0.827627032995224,6
pre_rope,q,8,14,4,0.7253446082274119,6
pre_rope,q,8,14,5,0.7982300519943237,6
pre_rope,q,8,14,6,0.7574309011300405,6
pre_rope,q,8,14,7,0.8119515478610992,6
pre_rope,q,8,14,8,0.8059716820716858,6
pre_rope,q,8,14,9,0.8458389739195505,6
pre_rope,q,8,14,10,0.8562259376049042,6
pre_rope,q,8,14,11,0.8317638436953226,6
pre_rope,q,8,14,12,0.8352586627006531,6
pre_rope,q,8,14,13,0.8516202569007874,6
pre_rope,q,8,14,14,0.8268519639968872,6
pre_rope,q,8,14,15,0.7445835173130035,6
pre_rope,q,8,14,16,0.8449073433876038,6
pre_rope,q,8,14,17,0.818625291188558,6
pre_rope,q,8,14,18,0.7963066498438517,6
pre_rope,q,8,14,19,0.8085850278536478,6
pre_rope,q,8,14,20,0.8255840341250101,6
pre_rope,q,8,14,21,0.883910745382309,6
pre_rope,q,8,14,22,0.7876387039820353,6
pre_rope,q,8,14,23,0.7657808661460876,6
pre_rope,q,8,14,24,0.8632337053616842,6
pre_rope,q,8,14,25,0.8832669854164124,6
pre_rope,q,8,14,26,0.8804160058498383,6
pre_rope,q,8,14,27,0.7755574981371561,6
pre_rope,q,8,15,-1,0.8448757330576578,168
pre_rope,q,8,15,0,0.8712959984938303,6
pre_rope,q,8,15,1,0.8179104427496592,6
pre_rope,q,8,15,2,0.8950101435184479,6
pre_rope,q,8,15,3,0.9024078150590261,6
pre_rope,q,8,15,4,0.8458645443121592,6
pre_rope,q,8,15,5,0.8766619066397349,6
pre_rope,q,8,15,6,0.8699126342932383,6
pre_rope,q,8,15,7,0.8921690980593363,6
pre_rope,q,8,15,8,0.9187569816907247,6
pre_rope,q,8,15,9,0.8931566874186198,6
pre_rope,q,8,15,10,0.957233339548111,6
pre_rope,q,8,15,11,0.8805156449476877,6
pre_rope,q,8,15,12,0.9177765250205994,6
pre_rope,q,8,15,13,0.9194590051968893,6
pre_rope,q,8,15,14,0.7549489835898081,6
pre_rope,q,8,15,15,0.7615947922070821,6
pre_rope,q,8,15,16,0.8208250105381012,6
pre_rope,q,8,15,17,0.8771572609742483,6
pre_rope,q,8,15,18,0.6801121731599172,6
pre_rope,q,8,15,19,0.8369452257951101,6
pre_rope,q,8,15,20,0.7212095956007639,6
pre_rope,q,8,15,21,0.8722023467222849,6
pre_rope,q,8,15,22,0.8599829177061716,6
pre_rope,q,8,15,23,0.8116824130217234,6
pre_rope,q,8,15,24,0.7240765492121378,6
pre_rope,q,8,15,25,0.7687760293483734,6
pre_rope,q,8,15,26,0.915048768122991,6
pre_rope,q,8,15,27,0.7938283681869507,6
pre_rope,q,8,16,-1,0.7879645228385925,168
pre_rope,q,8,16,0,0.7931133707364401,6
pre_rope,q,8,16,1,0.7716794610023499,6
pre_rope,q,8,16,2,0.7990110913912455,6
pre_rope,q,8,16,3,0.7547669112682343,6
pre_rope,q,8,16,4,0.8314876854419708,6
pre_rope,q,8,16,5,0.7898855010668436,6
pre_rope,q,8,16,6,0.7834771275520325,6
pre_rope,q,8,16,7,0.7947311699390411,6
pre_rope,q,8,16,8,0.7784383396307627,6
pre_rope,q,8,16,9,0.7451936105887095,6
pre_rope,q,8,16,10,0.8324688076972961,6
pre_rope,q,8,16,11,0.8019094467163086,6
pre_rope,q,8,16,12,0.7689387798309326,6
pre_rope,q,8,16,13,0.7228297293186188,6
pre_rope,q,8,16,14,0.7529597580432892,6
pre_rope,q,8,16,15,0.7878841459751129,6
pre_rope,q,8,16,16,0.7847303748130798,6
pre_rope,q,8,16,17,0.7570351858933767,6
pre_rope,q,8,16,18,0.7924149433771769,6
pre_rope,q,8,16,19,0.8067622184753418,6
pre_rope,q,8,16,20,0.7732685108979543,6
pre_rope,q,8,16,21,0.8147774040699005,6
pre_rope,q,8,16,22,0.7794097264607748,6
pre_rope,q,8,16,23,0.8340582350889841,6
pre_rope,q,8,16,24,0.8429679870605469,6
pre_rope,q,8,16,25,0.8533793886502584,6
pre_rope,q,8,16,26,0.728478878736496,6
pre_rope,q,8,16,27,0.7869490484396616,6
pre_rope,q,8,17,-1,0.8048562506834666,168
pre_rope,q,8,17,0,0.8289063970247904,6
pre_rope,q,8,17,1,0.8941757480303446,6
pre_rope,q,8,17,2,0.8670104046662649,6
pre_rope,q,8,17,3,0.8679939309755961,6
pre_rope,q,8,17,4,0.8668580154577891,6
pre_rope,q,8,17,5,0.8957845767339071,6
pre_rope,q,8,17,6,0.8988637427488962,6
pre_rope,q,8,17,7,0.7359805603822073,6
pre_rope,q,8,17,8,0.6342914998531342,6
pre_rope,q,8,17,9,0.7331063946088155,6
pre_rope,q,8,17,10,0.6061239739259084,6
pre_rope,q,8,17,11,0.7855557998021444,6
pre_rope,q,8,17,12,0.7836910585562388,6
pre_rope,q,8,17,13,0.755692591269811,6
pre_rope,q,8,17,14,0.7904673914114634,6
pre_rope,q,8,17,15,0.7596521774927775,6
pre_rope,q,8,17,16,0.8129833241303762,6
pre_rope,q,8,17,17,0.8179356356461843,6
pre_rope,q,8,17,18,0.8103600045045217,6
pre_rope,q,8,17,19,0.7844692369302114,6
pre_rope,q,8,17,20,0.7640039523442587,6
pre_rope,q,8,17,21,0.8338929613431295,6
pre_rope,q,8,17,22,0.8571589986483256,6
pre_rope,q,8,17,23,0.8632195293903351,6
pre_rope,q,8,17,24,0.7182847857475281,6
pre_rope,q,8,17,25,0.8755379716555277,6
pre_rope,q,8,17,26,0.8037419219811758,6
pre_rope,q,8,17,27,0.890232632557551,6
pre_rope,q,8,18,-1,0.8580804467201233,168
pre_rope,q,8,18,0,0.8694996933142344,6
pre_rope,q,8,18,1,0.9020219047864279,6
pre_rope,q,8,18,2,0.869073619445165,6
pre_rope,q,8,18,3,0.8626426557699839,6
pre_rope,q,8,18,4,0.8947756985823313,6
pre_rope,q,8,18,5,0.9032143652439117,6
pre_rope,q,8,18,6,0.8884293933709463,6
pre_rope,q,8,18,7,0.9847014943758646,6
pre_rope,q,8,18,8,0.9208726187547048,6
pre_rope,q,8,18,9,0.8741339047749838,6
pre_rope,q,8,18,10,0.7015836437543234,6
pre_rope,q,8,18,11,0.8663448989391327,6
pre_rope,q,8,18,12,0.8742823402086893,6
pre_rope,q,8,18,13,0.8402082026004791,6
pre_rope,q,8,18,14,0.8261299431324005,6
pre_rope,q,8,18,15,0.8501039346059164,6
pre_rope,q,8,18,16,0.783717562754949,6
pre_rope,q,8,18,17,0.8842617869377136,6
pre_rope,q,8,18,18,0.8184872965017954,6
pre_rope,q,8,18,19,0.8565601607163748,6
pre_rope,q,8,18,20,0.8867050111293793,6
pre_rope,q,8,18,21,0.8739448885122935,6
pre_rope,q,8,18,22,0.9040461877981821,6
pre_rope,q,8,18,23,0.6909355024496714,6
pre_rope,q,8,18,24,0.8782727519671122,6
pre_rope,q,8,18,25,0.8451497753461202,6
pre_rope,q,8,18,26,0.8270027339458466,6
pre_rope,q,8,18,27,0.8491499523321787,6
pre_rope,q,8,19,-1,0.837379386027654,168
pre_rope,q,8,19,0,0.9805084665616354,6
pre_rope,q,8,19,1,0.8463143507639567,6
pre_rope,q,8,19,2,0.8263573050498962,6
pre_rope,q,8,19,3,0.88572958111763,6
pre_rope,q,8,19,4,0.8132164975007375,6
pre_rope,q,8,19,5,0.8351443906625112,6
pre_rope,q,8,19,6,0.8264418542385101,6
pre_rope,q,8,19,7,0.8945847650369009,6
pre_rope,q,8,19,8,0.8362489442030588,6
pre_rope,q,8,19,9,0.8912131687005361,6
pre_rope,q,8,19,10,0.8720781703790029,6
pre_rope,q,8,19,11,0.8136138419310252,6
pre_rope,q,8,19,12,0.8623190323511759,6
pre_rope,q,8,19,13,0.8945516049861908,6
pre_rope,q,8,19,14,0.8031541407108307,6
pre_rope,q,8,19,15,0.8293227156003317,6
pre_rope,q,8,19,16,0.8353687028090159,6
pre_rope,q,8,19,17,0.82708673675855,6
pre_rope,q,8,19,18,0.8164531886577606,6
pre_rope,q,8,19,19,0.8015605608622233,6
pre_rope,q,8,19,20,0.8198320865631104,6
pre_rope,q,8,19,21,0.82400181889534,6
pre_rope,q,8,19,22,0.8282465835412344,6
pre_rope,q,8,19,23,0.7846193909645081,6
pre_rope,q,8,19,24,0.8330975274244944,6
pre_rope,q,8,19,25,0.7880836427211761,6
pre_rope,q,8,19,26,0.7584096888701121,6
pre_rope,q,8,19,27,0.819063643614451,6
pre_rope,q,8,20,-1,0.8481992681821188,168
pre_rope,q,8,20,0,0.9200000067551931,6
pre_rope,q,8,20,1,0.8828210135300955,6
pre_rope,q,8,20,2,0.8442703783512115,6
pre_rope,q,8,20,3,0.8874231378237406,6
pre_rope,q,8,20,4,0.8897875646750132,6
pre_rope,q,8,20,5,0.8652397195498148,6
pre_rope,q,8,20,6,0.8842495977878571,6
pre_rope,q,8,20,7,0.8456751306851705,6
pre_rope,q,8,20,8,0.7276638547579447,6
pre_rope,q,8,20,9,0.6990028321743011,6
pre_rope,q,8,20,10,0.8643734455108643,6
pre_rope,q,8,20,11,0.7595257262388865,6
pre_rope,q,8,20,12,0.8047091464201609,6
pre_rope,q,8,20,13,0.871640125910441,6
pre_rope,q,8,20,14,0.8539685606956482,6
pre_rope,q,8,20,15,0.8854081432024637,6
pre_rope,q,8,20,16,0.8814311325550079,6
pre_rope,q,8,20,17,0.804140031337738,6
pre_rope,q,8,20,18,0.8527579605579376,6
pre_rope,q,8,20,19,0.8483605682849884,6
pre_rope,q,8,20,20,0.8739543755849203,6
pre_rope,q,8,20,21,0.8752446075280508,6
pre_rope,q,8,20,22,0.8530345360438029,6
pre_rope,q,8,20,23,0.8641477823257446,6
pre_rope,q,8,20,24,0.871676484743754,6
pre_rope,q,8,20,25,0.8707969387372335,6
pre_rope,q,8,20,26,0.8024797836939493,6
pre_rope,q,8,20,27,0.8657960891723633,6
pre_rope,q,8,21,-1,0.8465717335542043,168
pre_rope,q,8,21,0,0.8262296319007874,6
pre_rope,q,8,21,1,0.8717363377412161,6
pre_rope,q,8,21,2,0.8798066476980845,6
pre_rope,q,8,21,3,0.8421058555444082,6
pre_rope,q,8,21,4,0.8767999609311422,6
pre_rope,q,8,21,5,0.7825000484784445,6
pre_rope,q,8,21,6,0.8046726286411285,6
pre_rope,q,8,21,7,0.8123769164085388,6
pre_rope,q,8,21,8,0.8996898929278055,6
pre_rope,q,8,21,9,0.8626507818698883,6
pre_rope,q,8,21,10,0.8847342630227407,6
pre_rope,q,8,21,11,0.8870229919751486,6
pre_rope,q,8,21,12,0.8721177279949188,6
pre_rope,q,8,21,13,0.7527126471201578,6
pre_rope,q,8,21,14,0.7829844454924265,6
pre_rope,q,8,21,15,0.9622658987840017,6
pre_rope,q,8,21,16,0.8759295642375946,6
pre_rope,q,8,21,17,0.6868257721265157,6
pre_rope,q,8,21,18,0.8915702005227407,6
pre_rope,q,8,21,19,0.8146750529607137,6
pre_rope,q,8,21,20,0.8813601732254028,6
pre_rope,q,8,21,21,0.8841420710086823,6
pre_rope,q,8,21,22,0.845291535059611,6
pre_rope,q,8,21,23,0.829496443271637,6
pre_rope,q,8,21,24,0.8781341314315796,6
pre_rope,q,8,21,25,0.7994539539019266,6
pre_rope,q,8,21,26,0.8770100971062978,6
pre_rope,q,8,21,27,0.8397131164868673,6
pre_rope,q,8,22,-1,0.7924082179864248,168
pre_rope,q,8,22,0,0.8263508776823679,6
pre_rope,q,8,22,1,0.7648629049460093,6
pre_rope,q,8,22,2,0.718976616859436,6
pre_rope,q,8,22,3,0.6762411097685496,6
pre_rope,q,8,22,4,0.6806404292583466,6
pre_rope,q,8,22,5,0.7001582880814871,6
pre_rope,q,8,22,6,0.6703533430894216,6
pre_rope,q,8,22,7,0.7566104729970297,6
pre_rope,q,8,22,8,0.7968422472476959,6
pre_rope,q,8,22,9,0.8377461930116018,6
pre_rope,q,8,22,10,0.7855473756790161,6
pre_rope,q,8,22,11,0.8200381000836691,6
pre_rope,q,8,22,12,0.7974001665910085,6
pre_rope,q,8,22,13,0.808915356794993,6
pre_rope,q,8,22,14,0.8806592722733816,6
pre_rope,q,8,22,15,0.8633605738480886,6
pre_rope,q,8,22,16,0.8163331151008606,6
pre_rope,q,8,22,17,0.8612150351206461,6
pre_rope,q,8,22,18,0.8908407290776571,6
pre_rope,q,8,22,19,0.859215239683787,6
pre_rope,q,8,22,20,0.8290028671423594,6
pre_rope,q,8,22,21,0.7713905572891235,6
pre_rope,q,8,22,22,0.7691861788431803,6
pre_rope,q,8,22,23,0.8282253841559092,6
pre_rope,q,8,22,24,0.7651625176270803,6
pre_rope,q,8,22,25,0.8103262583414713,6
pre_rope,q,8,22,26,0.8176641166210175,6
pre_rope,q,8,22,27,0.7841653923193613,6
pre_rope,q,8,23,-1,0.8199518422285715,168
pre_rope,q,8,23,0,0.8852811257044474,6
pre_rope,q,8,23,1,0.8662281235059103,6
pre_rope,q,8,23,2,0.8591852188110352,6
pre_rope,q,8,23,3,0.8877324859301249,6
pre_rope,q,8,23,4,0.8958851198355356,6
pre_rope,q,8,23,5,0.8555897772312164,6
pre_rope,q,8,23,6,0.8346080879370371,6
pre_rope,q,8,23,7,0.8213752110799154,6
pre_rope,q,8,23,8,0.7896831532319387,6
pre_rope,q,8,23,9,0.7673710286617279,6
pre_rope,q,8,23,10,0.7886539200941721,6
pre_rope,q,8,23,11,0.709992935260137,6
pre_rope,q,8,23,12,0.7288155655066172,6
pre_rope,q,8,23,13,0.709194560845693,6
pre_rope,q,8,23,14,0.7829036712646484,6
pre_rope,q,8,23,15,0.7926346262296041,6
pre_rope,q,8,23,16,0.8064342538515726,6
pre_rope,q,8,23,17,0.7863886853059133,6
pre_rope,q,8,23,18,0.8071820139884949,6
pre_rope,q,8,23,19,0.779593845208486,6
pre_rope,q,8,23,20,0.8108304440975189,6
pre_rope,q,8,23,21,0.8721735576788584,6
pre_rope,q,8,23,22,0.8933685223261515,6
pre_rope,q,8,23,23,0.8503712018330892,6
pre_rope,q,8,23,24,0.8529990216096243,6
pre_rope,q,8,23,25,0.7995510101318359,6
pre_rope,q,8,23,26,0.8671512206395467,6
pre_rope,q,8,23,27,0.8574728866418203,6
pre_rope,q,8,24,-1,0.8266936937967936,168
pre_rope,q,8,24,0,0.854464054107666,6
pre_rope,q,8,24,1,0.90387362241745,6
pre_rope,q,8,24,2,0.9087341328461965,6
pre_rope,q,8,24,3,0.8115164736906687,6
pre_rope,q,8,24,4,0.8829315006732941,6
pre_rope,q,8,24,5,0.8773300548394521,6
pre_rope,q,8,24,6,0.8994404375553131,6
pre_rope,q,8,24,7,0.7405831714471182,6
pre_rope,q,8,24,8,0.7709599733352661,6
pre_rope,q,8,24,9,0.8502629896004995,6
pre_rope,q,8,24,10,0.7603722810745239,6
pre_rope,q,8,24,11,0.7900433937708536,6
pre_rope,q,8,24,12,0.7736492852369944,6
pre_rope,q,8,24,13,0.7370640436808268,6
pre_rope,q,8,24,14,0.8885055681069692,6
pre_rope,q,8,24,15,0.8559126555919647,6
pre_rope,q,8,24,16,0.8812748789787292,6
pre_rope,q,8,24,17,0.8712655603885651,6
pre_rope,q,8,24,18,0.8549391329288483,6
pre_rope,q,8,24,19,0.8483533561229706,6
pre_rope,q,8,24,20,0.8804866671562195,6
pre_rope,q,8,24,21,0.7253702779610952,6
pre_rope,q,8,24,22,0.8242917656898499,6
pre_rope,q,8,24,23,0.7848201890786489,6
pre_rope,q,8,24,24,0.8029066820939382,6
pre_rope,q,8,24,25,0.8004488249619802,6
pre_rope,q,8,24,26,0.798255999883016,6
pre_rope,q,8,24,27,0.7693667809168497,6
pre_rope,q,8,25,-1,0.823790987332662,168
pre_rope,q,8,25,0,0.8443671961625417,6
pre_rope,q,8,25,1,0.8060026864210764,6
pre_rope,q,8,25,2,0.8499542971452078,6
pre_rope,q,8,25,3,0.8278634746869405,6
pre_rope,q,8,25,4,0.8189356426397959,6
pre_rope,q,8,25,5,0.842365433772405,6
pre_rope,q,8,25,6,0.804846187432607,6
pre_rope,q,8,25,7,0.8051943381627401,6
pre_rope,q,8,25,8,0.7962584296862284,6
pre_rope,q,8,25,9,0.8015767633914948,6
pre_rope,q,8,25,10,0.7954208552837372,6
pre_rope,q,8,25,11,0.8082535962263743,6
pre_rope,q,8,25,12,0.7525891959667206,6
pre_rope,q,8,25,13,0.806044360001882,6
pre_rope,q,8,25,14,0.8595418234666189,6
pre_rope,q,8,25,15,0.697764108578364,6
pre_rope,q,8,25,16,0.9112995366255442,6
pre_rope,q,8,25,17,0.8303056160608927,6
pre_rope,q,8,25,18,0.8706689576307932,6
pre_rope,q,8,25,19,0.8590448995431265,6
pre_rope,q,8,25,20,0.7778795063495636,6
pre_rope,q,8,25,21,0.9067361354827881,6
pre_rope,q,8,25,22,0.8936318854490916,6
pre_rope,q,8,25,23,0.8152767717838287,6
pre_rope,q,8,25,24,0.8333307603995005,6
pre_rope,q,8,25,25,0.6862898270289103,6
pre_rope,q,8,25,26,0.873756060997645,6
pre_rope,q,8,25,27,0.8909503618876139,6
pre_rope,q,8,26,-1,0.773203432559967,168
pre_rope,q,8,26,0,0.7473047077655792,6
pre_rope,q,8,26,1,0.77830837170283,6
pre_rope,q,8,26,2,0.790075421333313,6
pre_rope,q,8,26,3,0.7669669191042582,6
pre_rope,q,8,26,4,0.7669895390669504,6
pre_rope,q,8,26,5,0.7839749256769816,6
pre_rope,q,8,26,6,0.7882044613361359,6
pre_rope,q,8,26,7,0.7160490353902181,6
pre_rope,q,8,26,8,0.8716221849123637,6
pre_rope,q,8,26,9,0.7485021352767944,6
pre_rope,q,8,26,10,0.8247468372186025,6
pre_rope,q,8,26,11,0.7798559566338857,6
pre_rope,q,8,26,12,0.8600697716077169,6
pre_rope,q,8,26,13,0.6695581873257955,6
pre_rope,q,8,26,14,0.7148016492525736,6
pre_rope,q,8,26,15,0.7207343975702921,6
pre_rope,q,8,26,16,0.7285850942134857,6
pre_rope,q,8,26,17,0.8104860385258993,6
pre_rope,q,8,26,18,0.8013244072596232,6
pre_rope,q,8,26,19,0.7940748830636343,6
pre_rope,q,8,26,20,0.8487995068232218,6
pre_rope,q,8,26,21,0.7792164087295532,6
pre_rope,q,8,26,22,0.7524008651574453,6
pre_rope,q,8,26,23,0.7702243228753408,6
pre_rope,q,8,26,24,0.7682804564634959,6
pre_rope,q,8,26,25,0.6894322037696838,6
pre_rope,q,8,26,26,0.8493577539920807,6
pre_rope,q,8,26,27,0.729749858379364,6
pre_rope,q,8,27,-1,0.781198263168335,168
pre_rope,q,8,27,0,0.8320123056570689,6
pre_rope,q,8,27,1,0.7967088023821512,6
pre_rope,q,8,27,2,0.7785069445768992,6
pre_rope,q,8,27,3,0.8044148584206899,6
pre_rope,q,8,27,4,0.7951593299706777,6
pre_rope,q,8,27,5,0.7865436375141144,6
pre_rope,q,8,27,6,0.7373248239358267,6
pre_rope,q,8,27,7,0.709897835428516,6
pre_rope,q,8,27,8,0.7717756827672323,6
pre_rope,q,8,27,9,0.769246776898702,6
pre_rope,q,8,27,10,0.9469466010729471,6
pre_rope,q,8,27,11,0.7610995372136434,6
pre_rope,q,8,27,12,0.9544627666473389,6
pre_rope,q,8,27,13,0.9470630387465159,6
pre_rope,q,8,27,14,0.7052631378173828,6
pre_rope,q,8,27,15,0.6885950863361359,6
pre_rope,q,8,27,16,0.7225299179553986,6
pre_rope,q,8,27,17,0.750983198483785,6
pre_rope,q,8,27,18,0.7094973623752594,6
pre_rope,q,8,27,19,0.7326640983422598,6
pre_rope,q,8,27,20,0.6816806296507517,6
pre_rope,q,8,27,21,0.7794380287329356,6
pre_rope,q,8,27,22,0.7612100640932719,6
pre_rope,q,8,27,23,0.7654017210006714,6
pre_rope,q,8,27,24,0.7354538639386495,6
pre_rope,q,8,27,25,0.8455188075701395,6
pre_rope,q,8,27,26,0.8150823414325714,6
pre_rope,q,8,27,27,0.7890711824099222,6
pre_rope,v,1,0,-1,0.40271214321255683,80
pre_rope,v,1,0,0,0.14941298714838921,20
pre_rope,v,1,0,1,0.22162242978811264,20
pre_rope,v,1,0,2,0.7446037560701371,20
pre_rope,v,1,0,3,0.49520941339433194,20
pre_rope,v,1,1,-1,0.2091828066855669,80
pre_rope,v,1,1,0,0.4621831586584449,20
pre_rope,v,1,1,1,0.03967416575178504,20
pre_rope,v,1,1,2,0.14597030240111053,20
pre_rope,v,1,1,3,0.1889035956468433,20
pre_rope,v,1,2,-1,0.2295816635712981,80
pre_rope,v,1,2,0,0.29178959857672454,20
pre_rope,v,1,2,1,0.09650704637169838,20
pre_rope,v,1,2,2,0.2223013118840754,20
pre_rope,v,1,2,3,0.30772868618369104,20
pre_rope,v,1,3,-1,0.19871638976037503,80
pre_rope,v,1,3,0,0.08515402236953377,20
pre_rope,v,1,3,1,0.34328381456434726,20
pre_rope,v,1,3,2,0.2166865160688758,20
pre_rope,v,1,3,3,0.14974119397811592,20
pre_rope,v,1,4,-1,0.5012817680835724,80
pre_rope,v,1,4,0,0.30790880024433137,20
pre_rope,v,1,4,1,0.8229285806417466,20
pre_rope,v,1,4,2,0.444260685518384,20
pre_rope,v,1,4,3,0.4300290208309889,20
pre_rope,v,1,5,-1,0.4441357724368572,80
pre_rope,v,1,5,0,0.5063168864697218,20
pre_rope,v,1,5,1,0.42606029910966753,20
pre_rope,v,1,5,2,0.3095386166125536,20
pre_rope,v,1,5,3,0.534627303481102,20
pre_rope,v,1,6,-1,0.38187511786818507,80
pre_rope,v,1,6,0,0.34891202971339225,20
pre_rope,v,1,6,1,0.40441723810508845,20
pre_rope,v,1,6,2,0.4456893138587475,20
pre_rope,v,1,6,3,0.32848188215866686,20
pre_rope,v,1,7,-1,0.33867446817457675,80
pre_rope,v,1,7,0,0.4332621032372117,20
pre_rope,v,1,7,1,0.22919065449386836,20
pre_rope,v,1,7,2,0.36376617178320886,20
pre_rope,v,1,7,3,0.32847896255552766,20
pre_rope,v,1,8,-1,0.4660347752273083,80
pre_rope,v,1,8,0,0.4626247765496373,20
pre_rope,v,1,8,1,0.4940916011109948,20
pre_rope,v,1,8,2,0.39044241774827243,20
pre_rope,v,1,8,3,0.5169802796095609,20
pre_rope,v,1,9,-1,0.31324648070149125,80
pre_rope,v,1,9,0,0.29682377316057684,20
pre_rope,v,1,9,1,0.3194378374144435,20
pre_rope,v,1,9,2,0.2803616963326931,20
pre_rope,v,1,9,3,0.3563626131042838,20
pre_rope,v,1,10,-1,0.4433715887367725,80
pre_rope,v,1,10,0,0.5012189775705338,20
pre_rope,v,1,10,1,0.3896220438182354,20
pre_rope,v,1,10,2,0.5381566548720003,20
pre_rope,v,1,10,3,0.3444886676967144,20
pre_rope,v,1,11,-1,0.47939425744116304,80
pre_rope,v,1,11,0,0.4813128650188446,20
pre_rope,v,1,11,1,0.5187619315460325,20
pre_rope,v,1,11,2,0.4257809772156179,20
pre_rope,v,1,11,3,0.4917212527245283,20
pre_rope,v,1,12,-1,0.4565164677798748,80
pre_rope,v,1,12,0,0.4488256398588419,20
pre_rope,v,1,12,1,0.41757730004610494,20
pre_rope,v,1,12,2,0.43326504044234754,20
pre_rope,v,1,12,3,0.5263978864997625,20
pre_rope,v,1,13,-1,0.4322069685906172,80
pre_rope,v,1,13,0,0.42877573925070467,20
pre_rope,v,1,13,1,0.4486189778894186,20
pre_rope,v,1,13,2,0.42053566183894875,20
pre_rope,v,1,13,3,0.4308974939398468,20
pre_rope,v,1,14,-1,0.5419074289500714,80
pre_rope,v,1,14,0,0.6206338047981262,20
pre_rope,v,1,14,1,0.6117958599701524,20
pre_rope,v,1,14,2,0.39252903014421464,20
pre_rope,v,1,14,3,0.5426710173487663,20
pre_rope,v,1,15,-1,0.5151431955397129,80
pre_rope,v,1,15,0,0.5215921804308892,20
pre_rope,v,1,15,1,0.45604278668761256,20
pre_rope,v,1,15,2,0.5568902209401131,20
pre_rope,v,1,15,3,0.526047620922327,20
pre_rope,v,1,16,-1,0.48182719200849533,80
pre_rope,v,1,16,0,0.5790965557098389,20
pre_rope,v,1,16,1,0.44346149191260337,20
pre_rope,v,1,16,2,0.4640524432063103,20
pre_rope,v,1,16,3,0.44069828018546103,20
pre_rope,v,1,17,-1,0.42648560777306554,80
pre_rope,v,1,17,0,0.5129883490502835,20
pre_rope,v,1,17,1,0.31063169641420246,20
pre_rope,v,1,17,2,0.4761685393285006,20
pre_rope,v,1,17,3,0.40615382678806783,20
pre_rope,v,1,18,-1,0.44287441670894623,80
pre_rope,v,1,18,0,0.47442196644842627,20
pre_rope,v,1,18,1,0.4244187485426664,20
pre_rope,v,1,18,2,0.5367693088948726,20
pre_rope,v,1,18,3,0.3358876464422792,20
pre_rope,v,1,19,-1,0.5074201866984367,80
pre_rope,v,1,19,0,0.5834095194935799,20
pre_rope,v,1,19,1,0.36514057144522666,20
pre_rope,v,1,19,2,0.6004096627235412,20
pre_rope,v,1,19,3,0.4807209657505155,20
pre_rope,v,1,20,-1,0.5067030154168606,80
pre_rope,v,1,20,0,0.5587568286806345,20
pre_rope,v,1,20,1,0.4288837087806314,20
pre_rope,v,1,20,2,0.49420249052345755,20
pre_rope,v,1,20,3,0.5449690282344818,20
pre_rope,v,1,21,-1,0.4926502972841263,80
pre_rope,v,1,21,0,0.373756355792284,20
pre_rope,v,1,21,1,0.5176780864596366,20
pre_rope,v,1,21,2,0.5475972071290016,20
pre_rope,v,1,21,3,0.5315695278346538,20
pre_rope,v,1,22,-1,0.4209078952670097,80
pre_rope,v,1,22,0,0.174178699683398,20
pre_rope,v,1,22,1,0.38591800536960363,20
pre_rope,v,1,22,2,0.6214239716529846,20
pre_rope,v,1,22,3,0.502110905200243,20
pre_rope,v,1,23,-1,0.37622593715786934,80
pre_rope,v,1,23,0,0.5567715339362621,20
pre_rope,v,1,23,1,0.1479832504875958,20
pre_rope,v,1,23,2,0.14146881876513362,20
pre_rope,v,1,23,3,0.6586801290512085,20
pre_rope,v,1,24,-1,0.4183146096765995,80
pre_rope,v,1,24,0,0.526014955341816,20
pre_rope,v,1,24,1,0.2870088285300881,20
pre_rope,v,1,24,2,0.6327668473124504,20
pre_rope,v,1,24,3,0.22746782414615155,20
pre_rope,v,1,25,-1,0.3473831869661808,80
pre_rope,v,1,25,0,0.46091690585017203,20
pre_rope,v,1,25,1,0.15176297170110048,20
pre_rope,v,1,25,2,0.5534552603960037,20
pre_rope,v,1,25,3,0.22339763278141617,20
pre_rope,v,1,26,-1,0.2490245696157217,80
pre_rope,v,1,26,0,0.15402321498841048,20
pre_rope,v,1,26,1,0.2884912099689245,20
pre_rope,v,1,26,2,0.1446986691094935,20
pre_rope,v,1,26,3,0.4088851772248745,20
pre_rope,v,1,27,-1,0.20488958116620778,80
pre_rope,v,1,27,0,0.034519677702337506,20
pre_rope,v,1,27,1,0.5736855186522007,20
pre_rope,v,1,27,2,0.11642789696343243,20
pre_rope,v,1,27,3,0.0949252256192267,20
pre_rope,v,2,0,-1,0.369506635185745,72
pre_rope,v,2,0,0,0.15083781867805454,18
pre_rope,v,2,0,1,0.16175244148406717,18
pre_rope,v,2,0,2,0.7410222258832719,18
pre_rope,v,2,0,3,0.424414055628909,18
pre_rope,v,2,1,-1,0.10903803090978828,72
pre_rope,v,2,1,0,0.3473106680644883,18
pre_rope,v,2,1,1,-0.00017757020476791594,18
pre_rope,v,2,1,2,0.03394829280053576,18
pre_rope,v,2,1,3,0.05507072237216764,18
pre_rope,v,2,2,-1,0.11158886557031009,72
pre_rope,v,2,2,0,0.2122911475598812,18
pre_rope,v,2,2,1,-0.008215619975494014,18
pre_rope,v,2,2,2,0.10475078608012861,18
pre_rope,v,2,2,3,0.13752915689514744,18
pre_rope,v,2,3,-1,0.054822630093743406,72
pre_rope,v,2,3,0,-0.01099168954210149,18
pre_rope,v,2,3,1,0.1561645232141018,18
pre_rope,v,2,3,2,0.05549360387441185,18
pre_rope,v,2,3,3,0.018624084898167186,18
pre_rope,v,2,4,-1,0.3616146586007542,72
pre_rope,v,2,4,0,0.1716583404276106,18
pre_rope,v,2,4,1,0.7424266868167453,18
pre_rope,v,2,4,2,0.25478089455929065,18
pre_rope,v,2,4,3,0.27759271218544906,18
pre_rope,v,2,5,-1,0.2762914988108807,72
pre_rope,v,2,5,0,0.339243629326423,18
pre_rope,v,2,5,1,0.2662268150597811,18
pre_rope,v,2,5,2,0.1105855323581232,18
pre_rope,v,2,5,3,0.3891100196374787,18
pre_rope,v,2,6,-1,0.21814161823648545,72
pre_rope,v,2,6,0,0.19447495860772002,18
pre_rope,v,2,6,1,0.24610222099969783,18
pre_rope,v,2,6,2,0.2654172260728147,18
pre_rope,v,2,6,3,0.16657206633438668,18
pre_rope,v,2,7,-1,0.1725982163204915,72
pre_rope,v,2,7,0,0.2635485070447127,18
pre_rope,v,2,7,1,0.06834634714242485,18
pre_rope,v,2,7,2,0.22058817775299153,18
pre_rope,v,2,7,3,0.13790982589125633,18
pre_rope,v,2,8,-1,0.3470192286703322,72
pre_rope,v,2,8,0,0.32734235293335384,18
pre_rope,v,2,8,1,0.3866919314281808,18
pre_rope,v,2,8,2,0.2823349016511606,18
pre_rope,v,2,8,3,0.3917077078173558,18
pre_rope,v,2,9,-1,0.21702077229403788,72
pre_rope,v,2,9,0,0.2074335998752051,18
pre_rope,v,2,9,1,0.2619659781662954,18
pre_rope,v,2,9,2,0.159441280282206,18
pre_rope,v,2,9,3,0.23924222950720125,18
pre_rope,v,2,10,-1,0.36316686330570114,72
pre_rope,v,2,10,0,0.39476549873749417,18
pre_rope,v,2,10,1,0.3255664348188374,18
pre_rope,v,2,10,2,0.47195513256722027,18
pre_rope,v,2,10,3,0.2603803796486722,18
pre_rope,v,2,11,-1,0.3817505495519274,72
pre_rope,v,2,11,0,0.38019241185651886,18
pre_rope,v,2,11,1,0.40210614622467095,18
pre_rope,v,2,11,2,0.3169859480630193,18
pre_rope,v,2,11,3,0.4277176931500435,18
pre_rope,v,2,12,-1,0.350772884208709,72
pre_rope,v,2,12,0,0.3470349558111694,18
pre_rope,v,2,12,1,0.324709829253455,18
pre_rope,v,2,12,2,0.3112182828287284,18
pre_rope,v,2,12,3,0.42012846537141335,18
pre_rope,v,2,13,-1,0.3331627936826812,72
pre_rope,v,2,13,0,0.3413859394689401,18
pre_rope,v,2,13,1,0.29853414826922947,18
pre_rope,v,2,13,2,0.36609990191128516,18
pre_rope,v,2,13,3,0.32663119501537746,18
pre_rope,v,2,14,-1,0.4732083852092425,72
pre_rope,v,2,14,0,0.5360329697529475,18
pre_rope,v,2,14,1,0.5688313096761703,18
pre_rope,v,2,14,2,0.3056494558437003,18
pre_rope,v,2,14,3,0.48231978134976494,18
pre_rope,v,2,15,-1,0.3939060681603021,72
pre_rope,v,2,15,0,0.424822111096647,18
pre_rope,v,2,15,1,0.3185178639574183,18
pre_rope,v,2,15,2,0.42235272377729416,18
pre_rope,v,2,15,3,0.40993158146739006,18
pre_rope,v,2,16,-1,0.38149896843565834,72
pre_rope,v,2,16,0,0.512695387005806,18
pre_rope,v,2,16,1,0.2943425360653136,18
pre_rope,v,2,16,2,0.4236654175652398,18
pre_rope,v,2,16,3,0.29529255794154274,18
pre_rope,v,2,17,-1,0.30798952281475067,72
pre_rope,v,2,17,0,0.4072189037170675,18
pre_rope,v,2,17,1,0.15508143189880583,18
pre_rope,v,2,17,2,0.3800790589302778,18
pre_rope,v,2,17,3,0.28957870623303783,18
pre_rope,v,2,18,-1,0.33887401781976223,72
pre_rope,v,2,18,0,0.3554995564950837,18
pre_rope,v,2,18,1,0.3254489017288304,18
pre_rope,v,2,18,2,0.4686032508810361,18
pre_rope,v,2,18,3,0.20594437554892567,18
pre_rope,v,2,19,-1,0.3875305230418841,72
pre_rope,v,2,19,0,0.47496753682692844,18
pre_rope,v,2,19,1,0.20040061987108654,18
pre_rope,v,2,19,2,0.4651145405239529,18
pre_rope,v,2,19,3,0.4096393750773536,18
pre_rope,v,2,20,-1,0.37226680459247696,72
pre_rope,v,2,20,0,0.44214219268825317,18
pre_rope,v,2,20,1,0.25005941631065476,18
pre_rope,v,2,20,2,0.3858067664421267,18
pre_rope,v,2,20,3,0.41105884396367603,18
pre_rope,v,2,21,-1,0.3623332869675424,72
pre_rope,v,2,21,0,0.2796310032200482,18
pre_rope,v,2,21,1,0.35719340956873363,18
pre_rope,v,2,21,2,0.38024309774239856,18
pre_rope,v,2,21,3,0.43226563351021874,18
pre_rope,v,2,22,-1,0.285755240254932,72
pre_rope,v,2,22,0,0.05240760603919625,18
pre_rope,v,2,22,1,0.2525691934343841,18
pre_rope,v,2,22,2,0.5358155998918745,18
pre_rope,v,2,22,3,0.30222856667306686,18
pre_rope,v,2,23,-1,0.27225937445958454,72
pre_rope,v,2,23,0,0.44740547570917344,18
pre_rope,v,2,23,1,0.049651191776825324,18
pre_rope,v,2,23,2,0.04267855795721213,18
pre_rope,v,2,23,3,0.5493022667037116,18
pre_rope,v,2,24,-1,0.27667580648428863,72
pre_rope,v,2,24,0,0.34965627019604045,18
pre_rope,v,2,24,1,0.18507310432485408,18
pre_rope,v,2,24,2,0.4836190276675754,18
pre_rope,v,2,24,3,0.08835485732803743,18
pre_rope,v,2,25,-1,0.20297235602305996,72
pre_rope,v,2,25,0,0.2920765251749092,18
pre_rope,v,2,25,1,0.019228381104767323,18
pre_rope,v,2,25,2,0.4116266626450751,18
pre_rope,v,2,25,3,0.088957864118533,18
pre_rope,v,2,26,-1,0.12833960369850198,72
pre_rope,v,2,26,0,0.037785143953644566,18
pre_rope,v,2,26,1,0.18059719524656734,18
pre_rope,v,2,26,2,0.040788079508476786,18
pre_rope,v,2,26,3,0.2541880040533013,18
pre_rope,v,2,27,-1,0.14774460893952185,72
pre_rope,v,2,27,0,-0.011493839220040374,18
pre_rope,v,2,27,1,0.5033529119359123,18
pre_rope,v,2,27,2,0.05328972761829694,18
pre_rope,v,2,27,3,0.0458296530155672,18
pre_rope,v,4,0,-1,0.2851352021098137,56
pre_rope,v,4,0,0,0.044098651103143184,14
pre_rope,v,4,0,1,0.09633815308500614,14
pre_rope,v,4,0,2,0.6991169197218758,14
pre_rope,v,4,0,3,0.30098708985107286,14
pre_rope,v,4,1,-1,0.11921733285167388,56
pre_rope,v,4,1,0,0.3019585907459259,14
pre_rope,v,4,1,1,0.05828343677733626,14
pre_rope,v,4,1,2,0.07747217680194549,14
pre_rope,v,4,1,3,0.039155119830476384,14
pre_rope,v,4,2,-1,0.10645426304212638,56
pre_rope,v,4,2,0,0.22511416700269496,14
pre_rope,v,4,2,1,0.02017579593562654,14
pre_rope,v,4,2,2,0.07777453346976212,14
pre_rope,v,4,2,3,0.10275256580540112,14
pre_rope,v,4,3,-1,0.01705931539514235,56
pre_rope,v,4,3,0,-0.027244678565434048,14
pre_rope,v,4,3,1,0.0830834839226944,14
pre_rope,v,4,3,2,0.03126238639067326,14
pre_rope,v,4,3,3,-0.01886393183044025,14
pre_rope,v,4,4,-1,0.2997291790587561,56
pre_rope,v,4,4,0,0.12403120878817779,14
pre_rope,v,4,4,1,0.7075183647019523,14
pre_rope,v,4,4,2,0.14738520647266082,14
pre_rope,v,4,4,3,0.2199819427249687,14
pre_rope,v,4,5,-1,0.25540067654635223,56
pre_rope,v,4,5,0,0.3073829405808023,14
pre_rope,v,4,5,1,0.201810475039695,14
pre_rope,v,4,5,2,0.1445662065276078,14
pre_rope,v,4,5,3,0.3678430851016726,14
pre_rope,v,4,6,-1,0.17657173424959183,56
pre_rope,v,4,6,0,0.18047232260661467,14
pre_rope,v,4,6,1,0.19796360204262392,14
pre_rope,v,4,6,2,0.18614869990519115,14
pre_rope,v,4,6,3,0.14170231463919794,14
pre_rope,v,4,7,-1,0.12610654586127826,56
pre_rope,v,4,7,0,0.1495302323518055,14
pre_rope,v,4,7,1,0.08208060371024269,14
pre_rope,v,4,7,2,0.16116438007780484,14
pre_rope,v,4,7,3,0.11165096437824625,14
pre_rope,v,4,8,-1,0.2752390519848892,56
pre_rope,v,4,8,0,0.29973714758775066,14
pre_rope,v,4,8,1,0.25507852435112,14
pre_rope,v,4,8,2,0.200693653896451,14
pre_rope,v,4,8,3,0.3454468377998897,14
pre_rope,v,4,9,-1,0.1629220250594829,56
pre_rope,v,4,9,0,0.1554018562393529,14
pre_rope,v,4,9,1,0.20206396401460683,14
pre_rope,v,4,9,2,0.1122757326811552,14
pre_rope,v,4,9,3,0.18194652841027295,14
pre_rope,v,4,10,-1,0.2714930038366999,56
pre_rope,v,4,10,0,0.3483299549136843,14
pre_rope,v,4,10,1,0.21183459966310433,14
pre_rope,v,4,10,2,0.3661832687045847,14
pre_rope,v,4,10,3,0.15962420191083634,14
pre_rope,v,4,11,-1,0.25548444914498497,56
pre_rope,v,4,11,0,0.24899564404040575,14
pre_rope,v,4,11,1,0.2826093467218535,14
pre_rope,v,4,11,2,0.1975607380071389,14
pre_rope,v,4,11,3,0.29277206591463517,14
pre_rope,v,4,12,-1,0.2211371555126139,56
pre_rope,v,4,12,0,0.24370740517042577,14
pre_rope,v,4,12,1,0.1764659085976226,14
pre_rope,v,4,12,2,0.18193312814193113,14
pre_rope,v,4,12,3,0.28244220013064997,14
pre_rope,v,4,13,-1,0.20214535216135637,56
pre_rope,v,4,13,0,0.21954135969281197,14
pre_rope,v,4,13,1,0.19197778829506465,14
pre_rope,v,4,13,2,0.21640970384968178,14
pre_rope,v,4,13,3,0.18065253791532346,14
pre_rope,v,4,14,-1,0.3676042524831636,56
pre_rope,v,4,14,0,0.43689719268253874,14
pre_rope,v,4,14,1,0.46598335674830843,14
pre_rope,v,4,14,2,0.18999369974647248,14
pre_rope,v,4,14,3,0.37754278097833904,14
pre_rope,v,4,15,-1,0.26329519918986727,56
pre_rope,v,4,15,0,0.26636080842997345,14
pre_rope,v,4,15,1,0.2062048196260418,14
pre_rope,v,4,15,2,0.3078005045120205,14
pre_rope,v,4,15,3,0.2728146431701524,14
pre_rope,v,4,16,-1,0.2742709293961525,56
pre_rope,v,4,16,0,0.4377166735274451,14
pre_rope,v,4,16,1,0.18951409562890018,14
pre_rope,v,4,16,2,0.27678999145116123,14
pre_rope,v,4,16,3,0.19306295591273478,14
pre_rope,v,4,17,-1,0.17335025793207542,56
pre_rope,v,4,17,0,0.27797257900238037,14
pre_rope,v,4,17,1,0.059076316455113034,14
pre_rope,v,4,17,2,0.21388839418068528,14
pre_rope,v,4,17,3,0.14246373836483275,14
pre_rope,v,4,18,-1,0.2257629922990288,56
pre_rope,v,4,18,0,0.23840940131672791,14
pre_rope,v,4,18,1,0.2279102991202048,14
pre_rope,v,4,18,2,0.344251206942967,14
pre_rope,v,4,18,3,0.0924810596874782,14
pre_rope,v,4,19,-1,0.2793826290539333,56
pre_rope,v,4,19,0,0.38987430717263905,14
pre_rope,v,4,19,1,0.10902525644217219,14
pre_rope,v,4,19,2,0.3536055258342198,14
pre_rope,v,4,19,3,0.2650254320885454,14
pre_rope,v,4,20,-1,0.26583778352609705,56
pre_rope,v,4,20,0,0.3264265273298536,14
pre_rope,v,4,20,1,0.19270479479538544,14
pre_rope,v,4,20,2,0.2353682674999748,14
pre_rope,v,4,20,3,0.3088515416186835,14
pre_rope,v,4,21,-1,0.2625689479921545,56
pre_rope,v,4,21,0,0.22199388593435287,14
pre_rope,v,4,21,1,0.23859980569354125,14
pre_rope,v,4,21,2,0.26151199652148144,14
pre_rope,v,4,21,3,0.3281701050166573,14
pre_rope,v,4,22,-1,0.22365420311689377,56
pre_rope,v,4,22,0,0.011205140900399004,14
pre_rope,v,4,22,1,0.18413094777081693,14
pre_rope,v,4,22,2,0.48470841348171234,14
pre_rope,v,4,22,3,0.2145723161686744,14
pre_rope,v,4,23,-1,0.2249473418508257,56
pre_rope,v,4,23,0,0.40804346757275717,14
pre_rope,v,4,23,1,0.006058824514704091,14
pre_rope,v,4,23,2,-0.013298901729285717,14
pre_rope,v,4,23,3,0.4989859802382333,14
pre_rope,v,4,24,-1,0.21784473104136332,56
pre_rope,v,4,24,0,0.3205914412225996,14
pre_rope,v,4,24,1,0.07905543249632631,14
pre_rope,v,4,24,2,0.43369141274264883,14
pre_rope,v,4,24,3,0.03804064069741538,14
pre_rope,v,4,25,-1,0.1644025133656604,56
pre_rope,v,4,25,0,0.23396014029692327,14
pre_rope,v,4,25,1,-0.03284637590071985,14
pre_rope,v,4,25,2,0.3988562524318695,14
pre_rope,v,4,25,3,0.05764004238881171,14
pre_rope,v,4,26,-1,0.07693503717226642,56
pre_rope,v,4,26,0,0.005128704676670688,14
pre_rope,v,4,26,1,0.11140906531363726,14
pre_rope,v,4,26,2,-0.007875038244362389,14
pre_rope,v,4,26,3,0.19907741381653718,14
pre_rope,v,4,27,-1,0.12887516910476343,56
pre_rope,v,4,27,0,-0.023322137870958874,14
pre_rope,v,4,27,1,0.46215076957430157,14
pre_rope,v,4,27,2,0.03036866589848484,14
pre_rope,v,4,27,3,0.0463033632508346,14
pre_rope,v,8,0,-1,0.21059894189238548,24
pre_rope,v,8,0,0,0.02625946483264367,6
pre_rope,v,8,0,1,0.09374816715717316,6
pre_rope,v,8,0,2,0.6382066011428833,6
pre_rope,v,8,0,3,0.0841815173625946,6
pre_rope,v,8,1,-1,0.0249965077964589,24
pre_rope,v,8,1,0,0.08627578321223457,6
pre_rope,v,8,1,1,0.0419404370089372,6
pre_rope,v,8,1,2,-0.008404182891050974,6
pre_rope,v,8,1,3,-0.019826004126419623,6
pre_rope,v,8,2,-1,0.02127076289616525,24
pre_rope,v,8,2,0,0.12075511490305264,6
pre_rope,v,8,2,1,-0.023817107702294987,6
pre_rope,v,8,2,2,-0.00858618908872207,6
pre_rope,v,8,2,3,-0.0032687579902509847,6
pre_rope,v,8,3,-1,0.030951956907908123,24
pre_rope,v,8,3,0,0.039801557237903275,6
pre_rope,v,8,3,1,0.043745157619317375,6
pre_rope,v,8,3,2,-0.0036311245833834014,6
pre_rope,v,8,3,3,0.04389222711324692,6
pre_rope,v,8,4,-1,0.2298587275048097,24
pre_rope,v,8,4,0,0.11550888543327649,6
pre_rope,v,8,4,1,0.6252314001321793,6
pre_rope,v,8,4,2,0.07444420922547579,6
pre_rope,v,8,4,3,0.10425042749072115,6
pre_rope,v,8,5,-1,0.1188579574227333,24
pre_rope,v,8,5,0,0.2080144602805376,6
pre_rope,v,8,5,1,0.031072257707516353,6
pre_rope,v,8,5,2,0.008386374761660894,6
pre_rope,v,8,5,3,0.22795872141917548,6
pre_rope,v,8,6,-1,0.014621480833739042,24
pre_rope,v,8,6,0,0.05530289467424154,6
pre_rope,v,8,6,1,-6.528819600741069e-05,6
pre_rope,v,8,6,2,-0.008348789686957995,6
pre_rope,v,8,6,3,0.011597103128830591,6
pre_rope,v,8,7,-1,0.05905104180177053,24
pre_rope,v,8,7,0,0.05492713007455071,6
pre_rope,v,8,7,1,0.11646338924765587,6
pre_rope,v,8,7,2,0.04256534700592359,6
pre_rope,v,8,7,3,0.02224829172094663,6
pre_rope,v,8,8,-1,0.17102271442612013,24
pre_rope,v,8,8,0,0.15262416626016298,6
pre_rope,v,8,8,1,0.17215945571660995,6
pre_rope,v,8,8,2,0.09101654744396608,6
pre_rope,v,8,8,3,0.2682906799018383,6
pre_rope,v,8,9,-1,0.054370203986763954,24
pre_rope,v,8,9,0,0.0016758559892574947,6
pre_rope,v,8,9,1,0.05741974587241808,6
pre_rope,v,8,9,2,0.04642090822259585,6
pre_rope,v,8,9,3,0.11196431828041871,6
pre_rope,v,8,10,-1,0.2570914352933566,24
pre_rope,v,8,10,0,0.24862177421649298,6
pre_rope,v,8,10,1,0.23324470967054367,6
pre_rope,v,8,10,2,0.42458439369996387,6
pre_rope,v,8,10,3,0.12191484930614631,6
pre_rope,v,8,11,-1,0.19482697422305742,24
pre_rope,v,8,11,0,0.18903115826348463,6
pre_rope,v,8,11,1,0.182248430326581,6
pre_rope,v,8,11,2,0.11685628071427345,6
pre_rope,v,8,11,3,0.2911720499396324,6
pre_rope,v,8,12,-1,0.1892778892070055,24
pre_rope,v,8,12,0,0.21904957791169485,6
pre_rope,v,8,12,1,0.16820420666287342,6
pre_rope,v,8,12,2,0.10252197304119666,6
pre_rope,v,8,12,3,0.267335781827569,6
pre_rope,v,8,13,-1,0.1510378262028098,24
pre_rope,v,8,13,0,0.1663953090707461,6
pre_rope,v,8,13,1,0.1336190515818695,6
pre_rope,v,8,13,2,0.14402653152743974,6
pre_rope,v,8,13,3,0.16011041961610317,6
pre_rope,v,8,14,-1,0.3158142864704132,24
pre_rope,v,8,14,0,0.37724794695774716,6
pre_rope,v,8,14,1,0.4173413986961047,6
pre_rope,v,8,14,2,0.14822015818208456,6
pre_rope,v,8,14,3,0.3204476435979207,6
pre_rope,v,8,15,-1,0.21635867531100908,24
pre_rope,v,8,15,0,0.2570872309928139,6
pre_rope,v,8,15,1,0.11404845615228017,6
pre_rope,v,8,15,2,0.22322710851828256,6
pre_rope,v,8,15,3,0.2710718822975953,6
pre_rope,v,8,16,-1,0.22244572391112646,24
pre_rope,v,8,16,0,0.3695627475778262,6
pre_rope,v,8,16,1,0.13502389270191392,6
pre_rope,v,8,16,2,0.23438488443692526,6
pre_rope,v,8,16,3,0.1508113695308566,6
pre_rope,v,8,17,-1,0.1499682975312074,24
pre_rope,v,8,17,0,0.2284544880191485,6
pre_rope,v,8,17,1,0.027714026781419914,6
pre_rope,v,8,17,2,0.16577273638298115,6
pre_rope,v,8,17,3,0.1779319429770112,6
pre_rope,v,8,18,-1,0.16967309017976126,24
pre_rope,v,8,18,0,0.10432194607953231,6
pre_rope,v,8,18,1,0.20861484855413437,6
pre_rope,v,8,18,2,0.3197505051891009,6
pre_rope,v,8,18,3,0.046005080143610634,6
pre_rope,v,8,19,-1,0.2617187847693761,24
pre_rope,v,8,19,0,0.3951290299495061,6
pre_rope,v,8,19,1,0.0884856702759862,6
pre_rope,v,8,19,2,0.2957686632871628,6
pre_rope,v,8,19,3,0.26749178146322566,6
pre_rope,v,8,20,-1,0.22746481001377106,24
pre_rope,v,8,20,0,0.3101838839550813,6
pre_rope,v,8,20,1,0.08311768652250369,6
pre_rope,v,8,20,2,0.2321388212343057,6
pre_rope,v,8,20,3,0.28441883871952695,6
pre_rope,v,8,21,-1,0.23522064089775085,24
pre_rope,v,8,21,0,0.15234644804149866,6
pre_rope,v,8,21,1,0.22959847748279572,6
pre_rope,v,8,21,2,0.2450319156050682,6
pre_rope,v,8,21,3,0.3139057035247485,6
pre_rope,v,8,22,-1,0.16341115472217402,24
pre_rope,v,8,22,0,0.009997710585594177,6
pre_rope,v,8,22,1,0.0836774967610836,6
pre_rope,v,8,22,2,0.43801484008630115,6
pre_rope,v,8,22,3,0.12195456897219022,6
pre_rope,v,8,23,-1,0.23852283507585526,24
pre_rope,v,8,23,0,0.3705821732680003,6
pre_rope,v,8,23,1,0.041990646005918585,6
pre_rope,v,8,23,2,-0.0012927424783507984,6
pre_rope,v,8,23,3,0.5428112794955572,6
pre_rope,v,8,24,-1,0.21642442792654037,24
pre_rope,v,8,24,0,0.2861858904361725,6
pre_rope,v,8,24,1,0.10521956377973159,6
pre_rope,v,8,24,2,0.48563729723294574,6
pre_rope,v,8,24,3,-0.01134505681693554,6
pre_rope,v,8,25,-1,0.16970809921622276,24
pre_rope,v,8,25,0,0.2753506973385811,6
pre_rope,v,8,25,1,-0.020133763551712036,6
pre_rope,v,8,25,2,0.4003542910019557,6
pre_rope,v,8,25,3,0.023261176111797493,6
pre_rope,v,8,26,-1,0.06669087956349055,24
pre_rope,v,8,26,0,-0.025509001376728218,6
pre_rope,v,8,26,1,0.09582329510400693,6
pre_rope,v,8,26,2,-0.031306440786768995,6
pre_rope,v,8,26,3,0.22775566577911377,6
pre_rope,v,8,27,-1,0.12132899649441242,24
pre_rope,v,8,27,0,-0.004511889846374591,6
pre_rope,v,8,27,1,0.43035394450028736,6
pre_rope,v,8,27,2,0.02286882985693713,6
pre_rope,v,8,27,3,0.03660509812956055,6
